borrower_id,product,tenure_m,tenure_bucket,pd_band,util_bucket,current_limit,utilization,monthly_income,dti,quality,offer_tier,accepted,util_after,base_pd,defaulted,vintage_score
B00000,salary_advance,9,established,E,med,4000.0,0.5459733523784436,29234.95182025967,0.006225121169290325,-0.7784356363047208,1.0,1,0.7915979430379777,0.2360591626607462,0,10.107786027473136
B00001,personal,7,established,E,high,6500.0,0.7780158509856795,37211.7269028473,0.011325065716984963,-2.5364300049480053,1.0,1,0.8411649998908395,0.35,0,7.916170847839694
B00002,salary_advance,34,loyal,A,low,10500.0,0.26772641075518894,21072.427348773534,0.011116925712140364,1.3453868539788023,1.0,1,0.4858248702814615,0.039832428918648646,0,33.508972219681446
B00003,salary_advance,60,loyal,C,high,9000.0,0.7206299690093122,14376.661262001426,0.037593740779404236,0.4881728068642545,0.25,1,0.7061332563388525,0.09744846083141874,0,59.5823009592678
B00004,personal,12,established,D,med,19000.0,0.43782811884479983,44301.17514817086,0.015648069210783048,-0.162150420975282,0.1,1,0.47377169823042287,0.12214863418835986,0,14.82266918741792
B00005,salary_advance,7,established,E,med,8000.0,0.6821886444273311,61556.490370184474,0.007388212467657255,-1.3414440977018534,1.0,1,0.8038028184177074,0.3291735054376982,0,4.815356053852858
B00006,salary_advance,4,new,E,med,6000.0,0.6654097958378417,14756.890480869253,0.02254573199890841,-1.0981023530893264,1.0,1,0.7629667111602546,0.3036295078424116,0,2.2022373615103
B00007,salary_advance,14,established,D,med,7500.0,0.6786223798863386,29691.331716112654,0.014284943211179485,-0.1279589125675662,0.25,1,0.722525339586161,0.15753486260931157,0,14.134617073001971
B00008,personal,13,established,E,med,29000.0,0.5688794943134644,21017.72473866393,0.0654110817584593,-0.672325600147821,0.5,1,0.626508815293237,0.2158217259477115,1,14.550775906049825
B00009,personal,11,established,D,med,36000.0,0.3517033874852266,43733.00156374646,0.024126177594229872,0.11783607551763121,0.25,1,0.4266818372359801,0.12864528853352658,0,12.790783233468684
B00010,personal,18,established,C,med,14000.0,0.5056589985792634,30811.865989128433,0.0191463736260123,0.5834681266318139,0.5,1,0.6274816082006374,0.08214468894622631,0,20.485559930073336
B00011,salary_advance,20,loyal,A,med,19000.0,0.4174848818788058,167729.82134209448,0.00394096723142189,3.019612569285197,0.1,1,0.4886353305679636,0.015,0,24.23538486001764
B00012,salary_advance,19,loyal,C,low,41500.0,0.3344704365046128,22793.06456855958,0.05074834303650426,0.7299829699690745,1.0,1,0.5320318782041138,0.08227937364159177,0,17.08127666748687
B00013,salary_advance,13,established,A,med,68500.0,0.5045720837673542,62662.018989743025,0.045965094825784494,1.4654026630969454,0.1,0,0.4663533336959582,0.0399012014129859,0,13.221445748808657
B00014,personal,8,established,E,med,2500.0,0.5058369598128822,66108.11950237658,0.0015940961678274428,-0.8299727769797747,0.25,1,0.46991039803249846,0.2583871577494677,1,6.461924592818811
B00015,personal,23,loyal,E,med,34000.0,0.6940947160966403,36079.445393361784,0.05450753674747396,-1.274946314975356,1.0,1,0.84969571967714,0.33691383385121454,0,20.3161925138683
B00016,personal,16,established,D,med,11000.0,0.5606355259499911,27457.53272923608,0.018716754482469844,-0.35230164671012465,0.25,1,0.6027020210531693,0.17865669942093174,0,17.907800746522334
B00017,personal,26,loyal,E,high,8500.0,0.7923412745263404,28343.719029423955,0.01980127362750783,-1.1977217178742414,0.5,1,0.7823755091636961,0.35,0,26.84468775328657
B00018,salary_advance,25,loyal,B,med,9500.0,0.5054455237202718,27054.60929023765,0.014790247704283159,0.7646731671691032,0.25,0,0.4835652667927017,0.07791078796209948,1,23.110976866916136
B00019,salary_advance,7,established,E,med,4500.0,0.6294226717545544,50177.1409207371,0.004704004604024987,-0.43045412450866516,0.1,1,0.648312795605251,0.18603248763009028,1,6.742136358116861
B00020,salary_advance,7,established,E,med,12000.0,0.6295792238861373,16648.077721931924,0.03781693204475729,-1.6042713867545855,0.1,1,0.6428588117780034,0.35,0,9.698276223992464
B00021,personal,10,established,A,low,17000.0,0.3331677762142783,24623.555755737845,0.019168136708291768,1.7360251458601772,0.25,1,0.4147069401642587,0.03163753423124753,0,8.410439574669553
B00022,salary_advance,9,established,D,med,5000.0,0.5584034064493746,23035.6368316959,0.010100353974170704,-0.18756171310538017,0.25,1,0.5897953709527328,0.17687163168098438,1,11.051101320621935
B00023,salary_advance,24,loyal,E,med,9500.0,0.6802440223171636,10410.738165675082,0.05172798596004588,-0.887619302944198,1.0,1,0.7751838570053488,0.24077036617346023,0,26.623888462078284
B00024,salary_advance,19,loyal,A,med,7000.0,0.5527022760719956,43148.51151713559,0.00747209230876849,1.6481717905072895,0.5,1,0.6523799694657794,0.03604980256035671,0,17.17784569469785
B00025,personal,30,loyal,D,med,7500.0,0.5537606529282918,48271.93716763658,0.007169805654955605,-0.3286143625392852,1.0,1,0.7089298180440415,0.16778407803524398,0,30.70748079826796
B00026,personal,20,loyal,A,med,11000.0,0.35734339355612343,18980.736236658595,0.017257748769186395,1.4901660336906621,0.1,0,0.40716611289711696,0.03862805097729997,0,17.990282053658234
B00027,personal,18,established,E,med,10000.0,0.6600733773306335,47409.26018523598,0.011602398890561597,-0.7333943346780494,0.25,1,0.6741172252561926,0.19165728535805487,0,17.02643755360114
B00028,personal,31,loyal,D,med,5000.0,0.6137192642462982,11259.73372369374,0.02271069337674682,-0.1408976902627972,0.25,1,0.634893139188436,0.14808782339183915,0,29.99609948997996
B00029,salary_advance,21,loyal,B,med,4000.0,0.6005414008432534,27259.980141392058,0.007343382713760433,1.0948317094770466,0.25,0,0.5628076025595357,0.06916373957530601,1,21.17893013846205
B00030,salary_advance,17,established,B,med,6000.0,0.49608686425301085,25098.361425120256,0.009882853622398059,0.9432193807041102,1.0,1,0.6273380219393595,0.07094984524853862,0,14.510095503982768
B00031,salary_advance,37,loyal,B,low,16500.0,0.33752292060096595,28233.423613732175,0.016437752012497774,1.5184837373405986,1.0,1,0.5289591940153836,0.054339876989846075,0,35.84357744804004
B00032,personal,17,established,D,med,34000.0,0.6248498049184065,28152.736596503655,0.06288581483130214,-0.08974113872932903,0.1,1,0.6511736423506392,0.16643919737001284,0,18.480154225685823
B00033,personal,13,established,C,med,22500.0,0.5419648861089224,25787.03396860985,0.03940678725173335,0.5286167215545834,0.1,1,0.5840933901520965,0.10240995753368079,0,12.071716294417172
B00034,personal,10,established,C,med,14000.0,0.6675067763643059,21735.994466341133,0.03582803202146043,0.7456286069234205,0.25,1,0.7725896590302532,0.10420168782554644,0,9.91329729855762
B00035,personal,24,loyal,C,med,6000.0,0.5413906503760648,25341.831222572797,0.010681758662606641,0.6005691385668497,0.5,1,0.6285977979756067,0.08906901591551193,0,24.22971090555418
B00036,personal,32,loyal,C,med,3000.0,0.5504101512699464,56941.04318871923,0.0024165791512008594,0.25734188673570385,0.1,0,0.5866752423209677,0.11823209739810756,0,31.62660743065393
B00037,personal,15,established,E,med,22500.0,0.6810705610773836,19569.051213820938,0.06525647503636706,-1.4452949482311301,0.1,1,0.6884165934135714,0.35,0,11.347991179253942
B00038,personal,33,loyal,C,med,10000.0,0.4631337196063012,93007.64818036645,0.004149602466994276,0.9991741567799889,0.5,1,0.6139523850064978,0.08183064694507923,0,31.560192778499125
B00039,salary_advance,5,new,D,med,3000.0,0.5011033983699688,18970.86292847844,0.00660359257587762,0.04217369914115088,1.0,1,0.7240334747748567,0.13758788793031737,0,2.934679781098454
B00040,personal,15,established,D,med,7000.0,0.5770660409545566,30700.44932016875,0.010964720864927103,-0.41361585235070747,1.0,1,0.6958931504456636,0.17571280539770492,0,13.864298030683162
B00041,salary_advance,16,established,B,med,17000.0,0.40355365976243834,36833.519912010095,0.01552121598376962,1.6277663635916602,1.0,1,0.5954651417146242,0.043295325388980496,0,14.876093439244812
B00042,salary_advance,11,established,E,med,3500.0,0.5996221707168177,22914.70795276129,0.007632207233578572,-1.0778336329133156,0.25,1,0.6377829733646563,0.2677084163042259,1,13.201610381219888
B00043,personal,60,loyal,A,med,4500.0,0.6647408421985693,57543.69014370788,0.004331974803873797,2.0440363153648864,1.0,1,0.8271547279277901,0.0305486398407731,0,60.13820807770772
B00044,salary_advance,15,established,C,med,13000.0,0.6517262063777093,36310.654183175095,0.019444340496156662,0.3277267213655343,0.5,1,0.7136811227964606,0.11748225731329501,1,18.20932479511692
B00045,salary_advance,13,established,C,med,3500.0,0.5658242671879461,24035.89705523452,0.006866066931081195,0.6675181785028983,1.0,1,0.7361896810223025,0.08349346350186417,0,13.916223816517686
B00046,personal,16,established,E,high,7000.0,0.7272044343383699,57193.50518330384,0.007416971303609093,-0.39504411453027083,0.25,1,0.7335575812247922,0.20111489635412824,0,14.319751068095087
B00047,personal,5,new,E,med,11000.0,0.5860360703682392,15390.096863149582,0.034905545816100086,-2.01707291252333,0.25,0,0.5633015197489021,0.35,1,5.1139081789870895
B00048,salary_advance,10,established,D,high,52500.0,0.7732326395827531,19712.023613460853,0.17161570341588123,0.21039010153422028,0.5,1,0.8149838764647835,0.12407575872741775,0,11.559086159535934
B00049,personal,28,loyal,B,med,9500.0,0.4859359675679875,36658.98145881567,0.010493998806000063,0.7347449068927926,1.0,1,0.6771241129812733,0.07628353978108748,0,29.424149663877042
B00050,personal,11,established,D,high,3500.0,0.7236447852116179,41806.47596804396,0.005048573396014554,0.6762254464025941,0.5,1,0.7378429587929137,0.12505010850382342,0,10.037057335749626
B00051,personal,10,established,D,high,7500.0,0.7526654044812917,32126.677439038027,0.014642531232600849,-0.1980331984389014,0.1,1,0.7420224296190706,0.166825045098874,1,10.730932573110698
B00052,salary_advance,33,loyal,E,med,3000.0,0.4713036729663454,25085.47375716015,0.004696977995400836,-1.4425398412044181,0.1,0,0.4586713702015334,0.3399987153036603,0,35.39462170771052
B00053,salary_advance,34,loyal,E,high,28000.0,0.732990611675859,23428.435657591195,0.07300152055562029,-0.7916613445826254,0.25,1,0.7189626216440317,0.208526029467375,0,30.432940119468718
B00054,salary_advance,21,loyal,A,med,19000.0,0.41951901927138635,50124.766652507504,0.01325170153478343,2.802019623763294,0.1,1,0.47493024313870624,0.018236851159723625,0,18.840288905516413
B00055,salary_advance,12,established,E,med,6500.0,0.5493494503045974,30706.11370532953,0.009690717895375017,-0.7425359837721156,0.25,1,0.578981447743642,0.22769908218789583,0,13.6287678291625
B00056,personal,14,established,B,med,16500.0,0.5539657577491737,16651.7180318191,0.04574320292053987,1.4270494582392084,0.25,1,0.5570788324415776,0.04181864193967579,0,13.45108071682597
B00057,personal,10,established,E,med,6000.0,0.5189481099459616,16131.895856168121,0.016084535710275457,-0.9340867374175955,0.25,1,0.5267553127753666,0.27776374560605976,1,9.96783224320887
B00058,personal,9,established,D,med,7500.0,0.6261872212611345,61846.06300826536,0.006328082892453562,-0.18245590972786754,0.25,1,0.6478790939314109,0.1754541995757075,0,7.869441965538621
B00059,personal,9,established,C,med,40500.0,0.44476839816419267,18118.36082676886,0.08284929073640972,0.625208259599904,0.1,1,0.4077475407136171,0.09653479534572687,0,9.177383644795267
B00060,salary_advance,11,established,E,med,4500.0,0.6083728272596295,31257.108049895494,0.0072988137564800664,-0.4701944465808737,0.1,1,0.6269631393762946,0.1982334416051783,0,11.99828993771981
B00061,personal,9,established,B,med,7000.0,0.626274221529059,56556.67654918208,0.006459478376661575,1.5922151357590542,0.1,1,0.6469363150938191,0.041906503266219176,0,9.864117103949068
B00062,personal,6,new,D,med,20500.0,0.601661550305079,36248.70769769951,0.02835517586841882,0.07572835806841098,0.25,1,0.6874430020657992,0.13829027582903888,0,4.189644958179756
B00063,salary_advance,18,established,C,med,9500.0,0.49364729200887314,17735.023207570317,0.022035725671160883,0.8108508462996697,0.25,1,0.5427581703154892,0.08026412484790313,0,17.72985271268861
B00064,salary_advance,18,established,D,med,5000.0,0.6165070140062345,15388.384455159485,0.01669297535755747,0.08239299198087419,1.0,1,0.7085989032436647,0.14108574591256776,1,20.40757807919965
B00065,personal,41,loyal,B,med,4000.0,0.3811416982143262,75240.02833919131,0.0016885590760992828,1.0587202870170906,0.5,1,0.48835462591059675,0.07339005081539005,0,41.00380228967781
B00066,personal,11,established,B,med,11000.0,0.41302108075193683,15174.314993312648,0.024950230539091425,1.5787927398498625,0.5,1,0.5415706504108032,0.041745905617813654,1,8.757575012644645
B00067,personal,19,loyal,C,med,8500.0,0.509925486163072,19844.891966835847,0.01820101716699343,0.26871406237678563,1.0,1,0.7530075771814707,0.10424458888466581,1,19.889450696084513
B00068,personal,19,loyal,A,med,12500.0,0.5518565901265866,33020.27353107655,0.017409020375745286,2.1297127907492364,0.25,1,0.5570941628969647,0.025783479356102368,0,22.688299943845518
B00069,personal,14,established,E,med,4000.0,0.6393976634026421,23851.845028452695,0.008935684187671983,-0.6115958083791179,0.25,1,0.6724679156616536,0.2373838379548647,0,14.379940404546115
B00070,personal,24,loyal,B,med,10500.0,0.5651033960248956,36886.2031852404,0.013405160434610368,1.1640960393517101,0.25,1,0.5671636075132009,0.044896458991277886,0,20.696203272544007
B00071,personal,25,loyal,B,med,14500.0,0.5209203980590466,12000.760851076036,0.052450464499638444,0.8891143362430499,1.0,1,0.6271705805939111,0.05610129209860133,0,24.08095803817366
B00072,salary_advance,19,loyal,E,med,32000.0,0.5080329430266803,23963.33753989731,0.056534466974069914,-0.3185820726823694,1.0,1,0.6679038057023833,0.19917416914607233,0,18.114193754239167
B00073,personal,14,established,D,med,12500.0,0.6978255483084301,39055.1024411652,0.018612206021385472,0.2138097046373318,0.1,1,0.6906715514197761,0.14757863319520095,0,15.652911566711293
B00074,personal,13,established,C,med,12000.0,0.4948970107191949,39127.86657923808,0.01264819817653426,0.0073659378503727856,0.25,1,0.5240681587283946,0.11961921316070942,0,13.201848382110775
B00075,personal,7,established,E,med,15500.0,0.6511904558327237,19636.60485417324,0.042834339830993926,-0.8531921762768451,0.25,1,0.6470443842532788,0.25736339491035076,1,8.172798476351526
B00076,personal,10,established,C,med,5500.0,0.5381661312550697,15337.551939795872,0.016082063017191197,0.3580024341941265,0.25,1,0.5314947138970579,0.10300859617533971,1,9.956434595051634
B00077,salary_advance,11,established,C,med,5500.0,0.5981968314597544,30258.79633373289,0.009060953539871488,0.49628954610851755,0.25,1,0.6080835919241716,0.09440735255897488,0,12.574368201225901
B00078,personal,8,established,D,med,3000.0,0.5116026159385545,13070.924582132066,0.009785126765973283,-0.07258694730721668,0.25,0,0.46503761000307153,0.15545109769872698,0,8.50662691455619
B00079,salary_advance,20,loyal,B,med,9500.0,0.6351329030932704,54521.41437453265,0.009222312994819156,0.6814225309413151,0.25,1,0.6172883022653292,0.07088723855577776,0,22.99954953740487
B00080,salary_advance,31,loyal,B,med,58000.0,0.6658119989614083,29336.120588262824,0.10969723548249286,0.6599897410763806,0.5,1,0.719604849292844,0.07398185938889312,1,30.360277066364723
B00081,personal,9,established,D,med,4500.0,0.6771025225712556,18338.42076048254,0.01384598212030225,-0.3676996212463275,0.1,1,0.6894723218528213,0.17760731270844252,0,9.102687648470392
B00082,salary_advance,19,loyal,B,med,24500.0,0.5411202891282605,15063.41485933313,0.0733424171933819,0.8898340950149817,1.0,1,0.6812991824232838,0.07055695198028937,0,20.026095074161937
B00083,personal,9,established,E,med,2500.0,0.5547162789864389,18992.868276441768,0.006084699255185846,-0.6439142123637804,0.1,0,0.5441857943495828,0.19441617255037055,0,7.053624532855535
B00084,personal,13,established,A,high,13000.0,0.7190720593970777,11395.090831017524,0.06836230992499606,2.6568094914699993,0.1,0,0.7340236094484602,0.019080174513001993,0,15.333794397943292
B00085,personal,11,established,E,med,5000.0,0.5460175001538373,35317.309915613776,0.006441806929077139,-1.4093332454653158,0.25,1,0.5664767617360317,0.33968441435201185,0,12.63443090281835
B00086,salary_advance,22,loyal,C,med,5000.0,0.6427011441060715,17299.52589116428,0.015479738870433692,0.16526392276554103,0.5,1,0.7197725786243974,0.11881007464396519,1,22.20932881261293
B00087,personal,11,established,E,med,7000.0,0.6256836544474477,33517.382671865365,0.010889338685367539,-0.5057421045769407,1.0,1,0.8039964969588388,0.2095366890131048,1,11.491399262591353
B00088,personal,28,loyal,A,med,19000.0,0.45484636838021764,36157.878558583616,0.019917468759545004,2.4404934143245374,1.0,1,0.6463965677813521,0.01996210244604461,0,24.22931866570125
B00089,personal,14,established,E,med,5500.0,0.6563533579844569,45766.07968764919,0.006573178748598973,-1.3201346499774993,0.5,1,0.7293924975220555,0.35,0,11.916742839880579
B00090,personal,11,established,C,med,22000.0,0.4943758136569714,30900.14570809929,0.029331760016055454,0.4259222979861098,0.25,1,0.5463359987472406,0.09095354358278376,0,11.213896048435242
B00091,salary_advance,8,established,B,med,40000.0,0.578923953073588,49955.05120254296,0.038629657337776076,0.5983940650465398,1.0,1,0.7490208299871518,0.07458913632892661,0,9.160311254833431
B00092,personal,18,established,C,med,8500.0,0.5817096219265716,57662.40838824497,0.007145804815452708,0.33360230467454804,1.0,1,0.6963025994393748,0.10621213482764706,0,17.29734615732908
B00093,personal,26,loyal,A,high,70500.0,0.7399169477994336,31008.55284901,0.14018751824661363,1.6363431626109404,0.25,1,0.748132757475717,0.039854241737966103,0,29.23773607661874
B00094,personal,19,loyal,A,med,4000.0,0.5993472602627888,32054.396082091305,0.006232605960691117,1.6158293597470883,0.1,1,0.5799462912255636,0.033583229917640435,0,17.546542375046133
B00095,salary_advance,56,loyal,C,med,5500.0,0.6007620647779285,19799.053461759795,0.013907194110147632,0.2990431734798826,1.0,1,0.7007553940875687,0.0942895128243073,0,56.14557983384466
B00096,personal,36,loyal,C,med,9000.0,0.5957095855576485,15627.79618904177,0.028588943940894278,0.5940174494939909,0.1,1,0.5723174942752237,0.0929977050238765,0,36.340108323159626
B00097,personal,13,established,E,high,4500.0,0.8006609399065909,54455.600566341156,0.005513626685637068,-1.864102032152144,0.5,1,0.7859064748671593,0.35,1,10.718004713969432
B00098,personal,13,established,C,med,8000.0,0.46292109067699827,37539.8773082684,0.008220966145335748,0.09909300852192908,0.1,0,0.4854175004895852,0.10889231556668869,1,12.954751112087235
B00099,salary_advance,21,loyal,D,med,8000.0,0.553855029772798,39251.933413379,0.009406840744036941,-0.04398942783191906,0.25,1,0.5921462978036003,0.16550742433207905,0,21.796734816649614
B00100,salary_advance,10,established,C,med,36500.0,0.3706216994699566,19440.420652413915,0.05798782286540391,0.1636175740394835,0.25,1,0.4412731989517138,0.11569504796572316,0,10.053514119277711
B00101,salary_advance,31,loyal,E,med,4000.0,0.6715883377035679,65719.88530789096,0.003406317253685826,-0.935371864816695,0.1,1,0.6696413943213082,0.3031247081993111,0,28.832729837934174
B00102,personal,20,loyal,B,med,24000.0,0.6123448298803876,23724.47136649025,0.05162136769422793,0.8048722867190754,1.0,1,0.758342947271301,0.07728141297007952,0,16.462169946415273
B00103,salary_advance,18,established,E,med,5500.0,0.5445677228963769,17309.09920722163,0.014419787920373411,-1.3465686955756078,0.5,1,0.6790240367671188,0.35,1,18.90867300609039
B00104,salary_advance,23,loyal,B,med,10000.0,0.6624007390415314,19623.42394993031,0.028129678963079382,0.8982846067915864,1.0,1,0.7801251828253537,0.06944365795267052,1,22.012421029853215
B00105,salary_advance,42,loyal,D,med,4500.0,0.5138118693054328,63841.28684043898,0.0030181009895854476,-0.47650559302254947,0.1,1,0.4861682560495609,0.14267538867401158,0,41.60106243385269
B00106,personal,18,established,E,med,4000.0,0.5749201648713312,14602.146328522633,0.013124101802950467,-0.8496410351358846,0.25,1,0.639664204089547,0.22299055429399525,1,14.78869431675362
B00107,personal,15,established,B,med,10500.0,0.5257941829221556,17798.734165774615,0.02584846235534883,1.1547321025451627,0.1,1,0.6048057697654912,0.0573037147644644,0,17.26106939032066
B00108,personal,37,loyal,B,med,15000.0,0.6736071148932614,132479.0932582817,0.006355786961607544,0.987917945913622,0.1,1,0.6876265528918064,0.07010869474584447,0,38.38011152205513
B00109,salary_advance,27,loyal,A,med,12000.0,0.39750026587355886,45142.1082952001,0.008805531706099436,1.899203137670543,0.1,0,0.3836099782851061,0.024535953521210213,0,25.612109399432768
B00110,personal,13,established,B,med,7000.0,0.5258286884173157,17976.475851707935,0.017063044175459167,1.5597271325012902,0.5,1,0.621724490950842,0.04173403751712785,1,12.304667690408207
B00111,personal,16,established,E,med,9500.0,0.6752407178491632,14841.81706155314,0.03601752845222807,-0.7728387071397649,0.1,1,0.631545276262496,0.21224820150817353,1,13.469781773968343
B00112,personal,18,established,B,med,16500.0,0.5561104507153685,10721.609289623528,0.07131875906667003,1.4989716624408718,0.5,1,0.6481058834245179,0.0456976843375263,0,16.586806312436703
B00113,personal,20,loyal,E,med,25500.0,0.6784802204745766,28379.22891758311,0.050803722423028476,-1.0655056561789014,0.25,1,0.7666017148896973,0.2896200018774077,1,20.3995018805777
B00114,personal,7,established,C,med,9500.0,0.6076194985247058,40151.344066857164,0.011980473236406356,0.7461003345449032,0.25,1,0.6406274859476904,0.08926357309338272,0,7.266116160439323
B00115,salary_advance,7,established,D,med,11500.0,0.5223549346182877,62027.86604828995,0.008070407343791894,-0.14333771459997152,1.0,1,0.7075442749124979,0.17973565043930687,0,4.789542833529286
B00116,salary_advance,10,established,E,high,7000.0,0.7454627767307836,9492.99113808273,0.045807826016165065,-0.5803001426393164,0.5,1,0.7806984632285788,0.22480236107099338,0,8.510133925697037
B00117,salary_advance,9,established,B,med,15000.0,0.512278704821169,12978.379980687934,0.04933962343368828,0.9644698673044425,1.0,1,0.699300694074103,0.0765098707771788,0,10.441455558632363
B00118,personal,11,established,B,med,10000.0,0.49838386200830465,25191.128864551196,0.01648675163546784,0.9449515251692131,0.1,1,0.5427103541051221,0.06563487097677304,0,8.999881880710266
B00119,salary_advance,23,loyal,B,med,7000.0,0.6267124207520601,124644.19665182599,0.0029330065519207315,1.6652683866465448,1.0,1,0.7568435025655414,0.057757442551837894,0,26.687147668977314
B00120,personal,14,established,C,med,52500.0,0.4917488080509151,43793.74930804921,0.04912575582623911,0.21485988889479202,0.1,0,0.4485635849129318,0.10289593150161244,1,12.14684251504887
B00121,salary_advance,18,established,C,med,13500.0,0.5748932233679569,33025.65212386009,0.019583409704170218,0.48195730132923903,0.5,1,0.6621251934057163,0.09205253495829714,0,18.497374337077623
B00122,personal,8,established,C,med,13500.0,0.47147442845205817,13715.639433423321,0.03867181946443013,0.5268665856999025,1.0,1,0.6901054615710418,0.10787502862644954,0,5.593459932036341
B00123,personal,12,established,D,high,8500.0,0.7728832092641936,8383.393682115013,0.0653027831751967,0.30376407551719103,0.1,0,0.8179006066193335,0.12506770577607232,0,8.362737667915567
B00124,personal,22,loyal,B,high,15000.0,0.7348265570631648,27484.2207227965,0.033420383484516564,0.9413558395859803,0.25,0,0.7392480283785074,0.073983900572885,0,18.296289902785386
B00125,personal,22,loyal,C,med,6000.0,0.5286282015097163,25472.29782852899,0.010376531498419675,0.6039994611107142,0.1,1,0.5383491835272014,0.09866900021912153,0,18.162523146212628
B00126,personal,11,established,B,med,6000.0,0.5767428177919904,23218.528094744677,0.012419883281114005,0.8427838245063638,0.5,1,0.6269734878575578,0.05578231660059011,0,10.006176916987982
B00127,personal,17,established,E,med,3000.0,0.6504825749691083,21823.91100517454,0.007451489501754247,-1.6272078065504278,1.0,1,0.7876086502981235,0.35,1,19.149542475875087
B00128,personal,55,loyal,C,med,5500.0,0.5191966179184414,17825.85639552475,0.013349435295893802,0.2687265249136138,0.1,1,0.6212878693746797,0.11314601593757254,1,53.68372012698252
B00129,personal,16,established,E,med,2000.0,0.6525868603477402,15713.835261490627,0.006921574199722511,-1.3838464938455861,1.0,1,0.7146070593486198,0.35,1,19.347389525131724
B00130,personal,11,established,C,med,13000.0,0.546410281016835,57770.25420301207,0.010246527027930372,0.27670201760488466,0.1,1,0.5723323927322359,0.08784582790047808,0,14.959407143046812
B00131,salary_advance,14,established,A,low,7500.0,0.33364581888229283,16521.36113625396,0.012621758890303795,1.9919301758536978,0.25,1,0.47161720119167294,0.030630329021235556,0,11.65969212215893
B00132,personal,17,established,E,med,17500.0,0.6151277493928593,23112.261757162356,0.038813220039788,-0.47408478194696846,0.25,0,0.6277054201416131,0.18519292057451442,0,17.283280076121816
B00133,personal,15,established,D,med,36000.0,0.5581288039157362,26331.1266681048,0.06358962276291096,0.12725203029721524,0.25,1,0.6412775533483961,0.13915258529732433,0,17.842548957996684
B00134,personal,16,established,C,med,6000.0,0.5629559058052785,39674.11283218955,0.0070947510305576994,0.7564867149216389,0.5,1,0.5725618124555218,0.08352007508586944,0,16.773502564819186
B00135,personal,7,established,E,med,6500.0,0.657945344399027,16839.680456380887,0.021163528754159396,-2.0677229317665247,1.0,1,0.7304421587163978,0.35,1,6.498478998285032
B00136,salary_advance,9,established,D,med,7500.0,0.537888751115947,46070.92849930771,0.007297019625999475,-0.17211048214418778,1.0,1,0.6931228651874146,0.14033053798404369,0,8.020760801462353
B00137,personal,15,established,C,med,38000.0,0.6338915047093424,19558.856899215843,0.10262987804398369,0.36451565927285023,0.1,1,0.6808823276339594,0.1073228233231275,0,20.701178466404492
B00138,salary_advance,15,established,E,high,4500.0,0.7251798820845575,24611.19148566419,0.011049544510679757,-2.546994725657275,0.25,0,0.6966498618469364,0.35,1,16.390007986932858
B00139,personal,12,established,E,high,6000.0,0.740762777482092,66416.72738006555,0.005576628107879536,-0.9768084930749713,0.1,0,0.7368446885469251,0.289993364387151,1,10.371396859503763
B00140,personal,14,established,B,med,6500.0,0.5665385366689244,15786.726291534596,0.019438801625402517,1.1008579733812893,0.5,1,0.6411258041148084,0.06995799716201004,0,15.657250068626617
B00141,personal,17,established,B,med,44000.0,0.501031204231335,39994.514725989146,0.04593415942414487,1.0029969004507249,0.5,1,0.6214661136719327,0.06723395713471911,1,17.128938463193855
B00142,salary_advance,26,loyal,B,med,6500.0,0.5751749063287658,46748.43122329128,0.006664460520039675,1.1243182273701002,0.25,1,0.6590902888430591,0.0498739263599806,0,25.274876931454834
B00143,personal,15,established,B,low,24500.0,0.33452012070024245,31902.631937018978,0.02140822052272385,0.8821976399431775,0.1,0,0.34194038656544434,0.07352707119645796,0,15.827640187106606
B00144,personal,20,loyal,D,high,6000.0,0.7335123418637687,25219.128368465128,0.014542777433596357,0.6151042344214637,1.0,1,0.8544529247618924,0.12662034300495792,1,20.52361957810984
B00145,personal,12,established,C,med,13500.0,0.5707066353129123,86607.11229493174,0.007413305301539293,0.5553949074423146,0.1,0,0.5893604884614368,0.11658392742450893,0,11.746814888925641
B00146,personal,22,loyal,C,high,8000.0,0.7513747769366813,26699.09725304465,0.018761552617688793,0.08434629115938619,0.25,1,0.761409266894823,0.0896550322957136,0,19.56591231649478
B00147,personal,20,loyal,C,med,3500.0,0.4559844570583309,30098.861467393348,0.004418621175624521,0.5158126829220928,0.5,1,0.551425395134764,0.09718166362780421,0,22.355855375256304
B00148,personal,26,loyal,E,med,4500.0,0.4704911482040056,22357.347078510054,0.007891552604919352,-0.2323703864158223,1.0,1,0.6643322740705782,0.1880597163261091,0,25.572952240528476
B00149,personal,24,loyal,A,med,7000.0,0.5288755891066461,29234.214201507035,0.010553071759880121,1.6634833441823136,0.25,1,0.4869952965140913,0.03764041265285309,0,24.453583074269886
B00150,salary_advance,22,loyal,A,med,19000.0,0.5038055121972068,45718.80079749191,0.017447790560216784,2.271559409502202,0.1,0,0.499129997875571,0.02188471408752615,0,21.700326828106437
B00151,salary_advance,15,established,A,med,17000.0,0.5233374942253795,23122.97665375655,0.03206312035805769,1.7299128006970732,0.1,1,0.5932334141123928,0.035213730635923104,0,10.87459189362751
B00152,personal,18,established,E,med,4500.0,0.6075044192697467,8436.377137332072,0.02700379007690962,-0.4081087616778623,0.1,1,0.6265241068157493,0.20257475256275273,0,16.643503630316147
B00153,personal,29,loyal,E,med,7000.0,0.5306902540892741,35684.21098282954,0.008675246176365446,-0.5537740393650874,0.1,1,0.5339261923560746,0.18219258876088046,0,28.864804504699396
B00154,personal,11,established,B,med,4000.0,0.36484157674944023,14867.249571105434,0.008179983683924776,1.2769736607501632,0.25,1,0.4525511142508526,0.06255427318434355,0,9.566712173823127
B00155,salary_advance,11,established,B,med,14500.0,0.5534895610114495,40458.500270911885,0.016530516003901652,0.8939072025914127,0.25,1,0.591613690593526,0.0712119402023146,0,11.926105431682775
B00156,personal,18,established,C,med,21500.0,0.42230452894328646,26883.591486218695,0.0281446378947517,0.32858434152364246,1.0,1,0.6263088657826817,0.09800854910777233,0,14.781637130320535
B00157,salary_advance,20,loyal,D,med,36000.0,0.4272743345993111,45193.56583123743,0.028362953447500425,0.11636791505485433,0.1,1,0.46260940894183566,0.1505542998810479,0,20.89802289235242
B00158,salary_advance,10,established,B,med,24000.0,0.4907881609914087,15969.100697712203,0.061467226023782406,0.7756638126367649,0.25,0,0.47961050843469505,0.06350153068601076,0,8.950269510821254
B00159,salary_advance,15,established,E,med,4000.0,0.6440965286794142,20042.861569440498,0.010711985519098284,-0.7352780596619349,0.1,0,0.5933711894832123,0.22126750987259644,0,17.53500512280533
B00160,personal,15,established,C,high,6000.0,0.7192306176964242,22314.237032851488,0.016115958090737268,0.6340623560790319,0.25,1,0.7523427813170843,0.08130816762965361,0,17.71268442791431
B00161,salary_advance,4,new,B,med,47000.0,0.602968892618607,11905.369413591205,0.19836664287461497,1.3788866996062104,0.1,1,0.6633129942637698,0.06596051519362799,0,1.4582104102509357
B00162,personal,14,established,A,med,7000.0,0.6333471001130418,49576.94146469072,0.0074521030170663005,1.6310455439079523,1.0,1,0.7268604774910435,0.035945572709356874,0,15.636465527624688
B00163,personal,15,established,B,med,3500.0,0.5953023084742741,11004.036028192677,0.015778741502374065,0.708524054109816,1.0,1,0.7214619629588652,0.06148588676157695,0,13.668369360548308
B00164,personal,15,established,E,med,3500.0,0.6722903027381419,49193.78089354872,0.0039859646498054116,-1.3820215496211217,0.5,1,0.7681163632966423,0.32903475636994467,0,15.387439639959194
B00165,personal,35,loyal,C,high,14000.0,0.7614872308258083,33976.32247717142,0.02614767298296308,0.5973301309460216,0.5,1,0.7679374632186411,0.096267898070175,0,33.80397459349638
B00166,salary_advance,8,established,A,low,19000.0,0.33366855544155904,24115.81111463279,0.021907143973077445,2.4896817440577133,0.1,0,0.37274915864065483,0.021910894424144216,0,10.213138775110153
B00167,salary_advance,10,established,E,med,43500.0,0.5610039467374476,32526.612576407024,0.062522320827172,-0.5186115904422842,0.5,1,0.671021228603652,0.26547581185495184,0,7.255088776197896
B00168,personal,3,new,E,med,7000.0,0.5595712808754146,32040.413555745163,0.010187651914752793,-0.409181572910217,0.25,1,0.5841178023112029,0.22423395677026128,0,3.6162611901155803
B00169,salary_advance,12,established,A,med,7000.0,0.5771750500481388,21585.23183801362,0.015597953655910225,1.763524351800977,1.0,1,0.6944919496071618,0.036586361726858155,0,11.990738648003601
B00170,personal,13,established,B,med,9000.0,0.43913753116590154,31697.16101276538,0.010390619785847256,0.6171339220735854,0.5,1,0.5578774029885154,0.07883543272326489,0,14.419138446242776
B00171,personal,12,established,A,med,32000.0,0.5363946716643923,40221.253570662244,0.03556293412367392,2.4801563244851046,0.1,0,0.5545966576258964,0.024976437398363558,0,13.423697688625667
B00172,personal,30,loyal,D,med,4500.0,0.6382395604128029,16001.288273885624,0.014957535359537758,-0.3328693832285884,1.0,1,0.7144008927362566,0.17188227110389148,1,29.188084162817372
B00173,salary_advance,26,loyal,D,med,33000.0,0.6544972008742665,32545.917709697806,0.05530239824418659,-0.2397557857408219,1.0,1,0.7845790605732219,0.15512844384118993,0,30.30386439703462
B00174,personal,17,established,B,med,10500.0,0.5891545577773547,6345.627024308744,0.08123866027429212,1.2241254358351739,0.5,1,0.6296820010374217,0.052002124348145835,0,19.029088212129658
B00175,personal,13,established,E,high,14000.0,0.7562107081221283,9308.842697274335,0.09477502787761233,-1.195878628271536,1.0,1,0.885707289044603,0.2746122171292903,1,14.317442925053907
B00176,personal,28,loyal,C,med,21000.0,0.5516247713525666,36698.44484525145,0.026304748169509996,0.20323201118246373,1.0,1,0.7418165341665499,0.11481238828958619,1,31.98201712700466
B00177,salary_advance,16,established,C,med,8500.0,0.6047036768605406,21379.63093962964,0.02003457273509744,0.28435345514042343,1.0,1,0.694858564743274,0.11138546677919549,0,16.204610464132116
B00178,salary_advance,10,established,B,med,16000.0,0.43152018679878856,16824.795587849803,0.03419716133018304,1.385989473385922,0.25,1,0.4841661423079763,0.05373324766144809,1,11.302279904370371
B00179,salary_advance,6,new,B,med,10000.0,0.4259458803588368,26129.91196893656,0.013584236361798837,0.9642679680252468,1.0,1,0.6266588594208904,0.06429363826883684,0,10.523059103043076
B00180,salary_advance,12,established,B,med,24000.0,0.6936140883486424,21638.43887873629,0.06410943896976269,0.8070649141768625,1.0,1,0.8195428599225106,0.06439700781460729,0,11.006083787022597
B00181,salary_advance,24,loyal,C,med,21500.0,0.46682621679403,15619.348469167917,0.05354877467565249,0.34756912209833324,0.5,1,0.5505276481357159,0.08818505315203719,0,23.067001035642292
B00182,personal,57,loyal,B,med,11000.0,0.5584790408101624,10921.876153136074,0.046872818695682814,1.615004019081943,1.0,1,0.6754563174894788,0.04143474128027479,0,54.24995312000048
B00183,personal,17,established,A,med,8000.0,0.4541401302585331,9113.511678333904,0.03322101265956478,4.0258240427272645,0.25,0,0.42888630116058557,0.015,0,14.880335106766708
B00184,salary_advance,10,established,B,med,63000.0,0.6325873035427556,40389.93147177745,0.08222552558476315,1.0412820989229157,1.0,1,0.7041221606357755,0.05906493545263108,0,12.176796133405954
B00185,salary_advance,8,established,C,med,39000.0,0.381506881344319,21324.784059400547,0.05814348979643975,0.44967220754683646,1.0,1,0.6017645872009157,0.09514782564496757,0,10.846824860553612
B00186,personal,22,loyal,E,med,9500.0,0.6958795382561449,45855.577761560824,0.01201390673381911,-0.8978629709921605,1.0,1,0.7799365412682095,0.2731808936306663,0,20.77279930992041
B00187,personal,6,new,E,med,42000.0,0.5991835359262514,21206.06298154395,0.09889352764664822,-0.6374814493171534,0.25,1,0.5878004164808744,0.2593098265602776,1,5.7738743191928465
B00188,salary_advance,22,loyal,C,med,9000.0,0.4805661650515817,32703.37209947978,0.011021023235534161,0.536289766052696,0.25,0,0.4964395989332292,0.08526518432631236,0,21.206047168785084
B00189,personal,25,loyal,D,med,7500.0,0.5495678912351745,25110.15330127104,0.01367892612605426,-0.13460024026713258,0.1,0,0.532177702032187,0.15812384415513916,1,24.620300987012403
B00190,salary_advance,20,loyal,C,med,9500.0,0.6343704762086615,27568.957786982566,0.018216501480117216,0.7339221654731518,0.5,1,0.690718899895214,0.09278510087487124,0,19.718796580665252
B00191,personal,14,established,A,med,4500.0,0.5600866615172619,28315.65882092783,0.007417538804138303,1.7780160768072877,0.5,1,0.604075567065441,0.03143995907386545,0,13.012639762012647
B00192,personal,22,loyal,A,med,11500.0,0.48033331248805144,21054.325053771256,0.02186341396801335,1.6471669173692343,0.25,1,0.5573190097454074,0.03907412847800692,0,19.90122245543249
B00193,salary_advance,18,established,D,med,12500.0,0.4444733598367596,13680.24592401023,0.03384391521432309,0.1911672835317457,0.1,0,0.48786150656313415,0.12258326684076644,0,16.262091281283816
B00194,personal,10,established,E,med,2000.0,0.5228088229325439,41001.8497312672,0.002125143240931479,-1.2082799446658605,0.5,1,0.5829918906445853,0.2749490077738003,0,11.494968589581621
B00195,personal,45,loyal,A,med,7000.0,0.5644503553364727,64631.083042983206,0.005094494657634491,1.737367642902413,0.1,0,0.5559122531916704,0.03727346653830316,0,47.29702700141773
B00196,personal,13,established,D,med,12000.0,0.4427668934563561,67008.07915361556,0.006607664315243481,-0.049054273461364435,0.5,1,0.49687891628101866,0.14759720975019358,0,14.531730252994366
B00197,salary_advance,25,loyal,E,med,15000.0,0.6094754131469802,19844.884575771768,0.03838995704534588,-0.9765004256023552,0.5,1,0.6399880163478909,0.29178882078826907,1,29.854598815278973
B00198,personal,4,new,C,high,54500.0,0.7797490828177074,17975.339740181327,0.19701215492917099,0.3624301184930362,0.25,0,0.7791187912033953,0.09228083394314504,0,5.026466442005422
B00199,personal,33,loyal,B,med,7000.0,0.5482126954034979,19833.836131068125,0.01612349405692866,1.4256866842334652,0.25,1,0.5701930258751662,0.04696101040101028,0,31.539826712458346
B00200,salary_advance,36,loyal,E,high,11500.0,0.7157111657311568,24423.215865564634,0.02808351983352412,-1.675908404934669,1.0,1,0.803004519298481,0.35,0,35.361826792434755
B00201,salary_advance,16,established,E,med,4500.0,0.4932627176972094,26138.02604845245,0.007076797566639705,-0.47455464213290344,0.1,1,0.5240413156636254,0.25256030408295327,0,18.278707058763008
B00202,personal,22,loyal,D,med,5500.0,0.43372819212109925,15539.482900136098,0.0127927093412975,0.28954598869228604,0.25,0,0.4137411534162064,0.1353928487465201,0,21.675915624517287
B00203,personal,22,loyal,B,med,15500.0,0.5922407944760618,11922.054514902118,0.06416492156689269,1.1345109113086176,0.5,1,0.6942305911415885,0.05016860770604352,0,23.73700155166655
B00204,personal,11,established,E,med,7000.0,0.567587038938404,27652.412889305237,0.01197336524324747,-0.5157465846241712,0.25,1,0.6402222310533751,0.21518371603864994,0,12.19627057528023
B00205,personal,22,loyal,E,med,18000.0,0.6953176671237118,3859.4308156746256,0.2702410149314352,-0.4321419019739364,0.1,1,0.7164127055787575,0.18165847186211811,0,22.48666813013736
B00206,personal,10,established,C,med,6000.0,0.5475329323441499,25454.26902027563,0.010755227971936886,0.7271692496802824,0.1,1,0.5871290800660128,0.08505944170764247,0,8.181688276059752
B00207,salary_advance,11,established,D,high,5000.0,0.8468745905356886,16000.717042498622,0.022053037484881452,-0.11832237331415912,0.25,0,0.8008971383864287,0.14000379000483346,0,9.22693235068433
B00208,personal,30,loyal,B,med,10000.0,0.47424892249323586,41319.30030971627,0.009564717515753685,0.9420546505486971,0.25,1,0.5190770361774671,0.054281192901504745,0,27.731542425737803
B00209,personal,28,loyal,E,med,2500.0,0.6396855262220458,47867.841112701666,0.0027840783052896817,-0.7115156549745906,1.0,1,0.7260598209950654,0.22323908396897382,0,23.4914475562422
B00210,salary_advance,11,established,E,med,3500.0,0.5457463119475284,48493.50585854427,0.0032824190545364864,-1.0023330192363984,0.25,0,0.5261126704196787,0.3016134471031406,0,10.306064775873294
B00211,personal,10,established,C,med,6000.0,0.6413376284827775,22235.6962408993,0.01442135253006225,0.755269157570397,1.0,1,0.7814985345347031,0.08326586493997071,1,10.30142633504964
B00212,personal,11,established,D,med,5500.0,0.6083483919258466,14409.900635129252,0.019349636986365337,0.2525199103172139,0.5,0,0.584717967871456,0.12409614037980908,0,10.546340495268595
B00213,salary_advance,24,loyal,A,med,17000.0,0.40719918734854593,17188.12858096074,0.03356185710929769,1.672455733236207,1.0,1,0.6195340558346334,0.03957665205818661,1,25.147205596082653
B00214,salary_advance,9,established,D,med,5000.0,0.5561574627532359,31513.9591965746,0.00735332157732722,-0.18259300092144182,0.5,1,0.6270105755066201,0.170213228726388,0,6.981293950348768
B00215,salary_advance,20,loyal,D,high,12000.0,0.7055564879832575,10881.01208636398,0.06484291005130459,-0.04510530247974509,0.5,1,0.7575774114323446,0.15679991285020642,0,17.783155388323067
B00216,personal,24,loyal,A,med,11500.0,0.620983333312204,57898.816283895496,0.010278431683983458,1.7607188875409108,0.1,1,0.6568871153050493,0.03429650908747767,0,24.606093127764222
B00217,personal,15,established,E,med,5000.0,0.5194116281991822,22429.97431760215,0.009648763243559321,-1.5229587639944702,0.25,0,0.5187217489160305,0.35,0,14.70374341583582
B00218,salary_advance,28,loyal,A,med,12000.0,0.4433052360842374,35422.25308496738,0.01251487970064696,2.0014607091806247,0.5,1,0.5301459798992294,0.03769685517310812,0,27.962458940235624
B00219,personal,13,established,B,med,16000.0,0.6892321543358721,10099.241868070485,0.0909945734329401,1.3205047074823832,0.1,0,0.6483243214482016,0.0520980105714702,0,9.572256188804396
B00220,personal,14,established,B,med,24500.0,0.5202858759933777,16166.716744213882,0.06570600245923953,0.8600895142660753,0.25,1,0.5701439427628389,0.07414523592998995,0,13.11038090640113
B00221,personal,9,established,E,med,4000.0,0.630015634154904,9432.122877800659,0.022264893503373875,-0.6878075170104481,0.25,1,0.666323408906593,0.23148750310495408,0,7.050806726667177
B00222,salary_advance,28,loyal,D,med,19500.0,0.6754942719083205,47176.644141269455,0.023267407248469107,-0.06652383672535933,0.1,0,0.6969151523679654,0.14478029473640985,0,27.420781243215743
B00223,salary_advance,10,established,D,med,3000.0,0.43698106933695546,24634.111138199776,0.0044347152093843455,0.13994422700180045,0.5,1,0.5759923437198862,0.12086587786784062,0,10.376571503360095
B00224,personal,19,loyal,E,med,6000.0,0.532969851486041,36835.514414423495,0.007234456474392939,-0.8950396768313994,0.5,1,0.6032432951106999,0.2673881855323535,0,15.810905447751054
B00225,salary_advance,15,established,E,med,7000.0,0.5755976099823826,27858.05761133858,0.012052716566752397,-0.6116939987535968,1.0,1,0.7308346563159176,0.2049046360267267,0,13.827811076836696
B00226,personal,9,established,C,med,6000.0,0.6610304631307871,34810.04521286949,0.009494823392047765,0.644734291509046,0.5,1,0.7347450263244035,0.08550075880986303,0,5.471388867247937
B00227,personal,11,established,B,med,3500.0,0.6432456080702129,22346.09751073845,0.008395797175039365,0.6493491142241571,0.5,1,0.6651437608780512,0.07795056805270632,0,14.13947269876919
B00228,salary_advance,35,loyal,D,med,3000.0,0.6596873167601409,24053.839895155383,0.006856361807881314,-0.29957482653495626,0.1,1,0.6988082071085859,0.17811667569369574,0,35.55446403461736
B00229,personal,18,established,C,med,3500.0,0.5322096569630413,25579.516402446203,0.006068442193042232,0.6761219353000746,0.25,1,0.6266433039064108,0.0921991258564888,0,18.89494340056269
B00230,personal,9,established,C,med,9000.0,0.6621203736683966,33627.43095027834,0.014767416547090911,0.4543033057398061,0.1,1,0.666598923388675,0.09815055318824233,0,9.921955952575097
B00231,personal,19,loyal,A,med,7500.0,0.47607716793149424,34120.89156944223,0.008720411931546953,1.9098862545771036,1.0,1,0.7025489685393972,0.02355316537095295,0,20.17988234300001
B00232,salary_advance,15,established,B,med,24500.0,0.5918218983724984,126284.21069143417,0.00956812443847722,0.9191364418675215,1.0,1,0.7793983090481954,0.07637080171101095,0,11.551872174464322
B00233,personal,60,loyal,B,med,48000.0,0.6009091130265117,67838.22937149619,0.035431886627571546,1.458581053734378,1.0,1,0.7609656665838395,0.04645217380987244,0,59.69918957078771
B00234,salary_advance,19,loyal,B,med,6500.0,0.6810411585706683,10114.068635058362,0.03647367914303758,1.2270775909302114,0.1,1,0.7084073889905597,0.0477885673203103,0,18.73382730910065
B00235,salary_advance,13,established,B,med,6500.0,0.5115616816238279,24866.877776020592,0.011143172591887674,1.329929109697188,0.5,1,0.586730615538408,0.05654834396181657,0,12.414558403287234
B00236,personal,35,loyal,E,med,6000.0,0.5839183778193613,21520.414771401112,0.013566615328328651,-0.887117156567775,1.0,1,0.7765956755027789,0.22171255153126826,1,36.84016156208722
B00237,salary_advance,5,new,D,high,19500.0,0.7036168290751852,54397.40690092462,0.021018967858700287,-0.12174445711091342,0.25,1,0.7345262214912848,0.17657800773633048,1,3.542065968581621
B00238,personal,17,established,D,high,8000.0,0.7041252789959358,22614.320172955107,0.020757504495993725,-0.038982768227529795,0.1,0,0.7027712110359036,0.14486344371339238,0,16.09082041250269
B00239,personal,49,loyal,C,med,3000.0,0.5114726428275267,34729.990861063736,0.0036817792788490593,0.15625005306471762,0.5,1,0.5470230121177929,0.09337186470822656,0,50.106437643887865
B00240,salary_advance,15,established,B,med,60000.0,0.4301336199063306,7439.925418233663,0.2890711907219965,0.7938866303167256,0.5,1,0.5535286326062752,0.07958095843740197,0,16.220137525720865
B00241,salary_advance,6,new,B,med,10000.0,0.6482858321378302,11702.052745544153,0.04616610480190332,0.9843796544957509,0.5,1,0.6545769601493944,0.06311207434573556,0,3.4736119507415624
B00242,personal,13,established,C,med,9000.0,0.39498391625268203,85030.15595592048,0.003483916192545629,0.3922570770711484,0.1,1,0.3974736137435691,0.09823902867900829,0,10.512641105758277
B00243,personal,36,loyal,C,med,37000.0,0.3974640011706389,27657.007731455447,0.044311156706068486,0.2230561187786622,0.1,0,0.3335522950893596,0.10907188691950076,0,36.397632376040775
B00244,personal,20,loyal,D,med,32000.0,0.567526672192472,15534.940427504318,0.09741939251343838,-0.33573007984512493,0.25,1,0.6067564715346401,0.17745125398968745,0,20.71583330170619
B00245,salary_advance,10,established,B,med,11000.0,0.511346089188191,30747.961525155388,0.015244389931530796,1.447186074156234,0.5,1,0.5669636589316279,0.042988347979059864,0,10.882509318010586
B00246,personal,11,established,C,med,5500.0,0.4417848452060619,15075.370156180765,0.013431492468954613,0.34973281661383504,0.5,1,0.5275504080064356,0.08503861376687816,0,11.844275954715386
B00247,personal,12,established,E,med,6000.0,0.64626734688494,23020.595527771147,0.014036720859486635,-1.0186138583994084,1.0,1,0.8097298742859962,0.3222680862044784,1,9.56895784305156
B00248,personal,20,loyal,C,med,5500.0,0.582881739709894,12101.202821934965,0.02207665920747294,0.20631245835037626,0.1,1,0.579727585446881,0.11794674364512531,0,23.03901097771572
B00249,personal,34,loyal,E,med,5500.0,0.5909266246221028,17434.44855891659,0.015534840044019975,-1.3432996777073614,1.0,1,0.7710142722187261,0.31691503838799595,1,30.969368455896824
B00250,salary_advance,29,loyal,B,high,6000.0,0.7168688759408252,21397.188648141197,0.016751473469929435,0.7853706143474428,0.1,0,0.6834502183887604,0.06680547876433778,0,29.333407365484593
B00251,salary_advance,21,loyal,C,med,13500.0,0.5844758260254612,49830.60452178032,0.013195410944517915,0.5516200574014041,1.0,1,0.7092201880912888,0.10402630646892538,0,19.659120631190962
B00252,personal,7,established,E,med,10500.0,0.695994735608963,34725.35199532986,0.017537486552756762,-0.5744669503553378,0.5,1,0.7818556762387259,0.18146284206302238,0,8.357650031934787
B00253,personal,7,established,B,med,70000.0,0.35453409790121515,38222.828460096454,0.054106816643605414,1.5846001898035293,1.0,1,0.5856798887722423,0.04201473261349071,0,2.9122653756626162
B00254,personal,22,loyal,E,med,16000.0,0.4599076995847299,26524.495453347467,0.023118640171365983,-0.7561541195421123,0.25,0,0.4662347060484348,0.22359874334976973,0,23.90980602467136
B00255,salary_advance,7,established,B,med,4000.0,0.5633730794575647,42301.042245454504,0.004439394788340804,1.0563929516823354,0.5,0,0.5580320263801465,0.05859373755435925,0,5.366449968346646
B00256,salary_advance,14,established,A,med,8000.0,0.6386283251021817,16639.994799768134,0.025586078713240964,2.5367081609318736,0.1,1,0.668377501495279,0.015957567249041373,0,15.252220435115074
B00257,personal,19,loyal,B,med,11000.0,0.4001131345036557,17979.935671890813,0.020398870162167116,1.477267903716688,0.25,1,0.45226312509313893,0.041141521184181254,0,20.199533681613975
B00258,personal,8,established,D,med,5000.0,0.5829113749853737,33663.690063842885,0.007214887587089229,-0.03153878209776703,1.0,1,0.7585752656069253,0.14530990837743915,0,10.730595532324223
B00259,personal,9,established,E,med,2000.0,0.5077506057100543,23074.16645638604,0.003667525806907523,-1.1340686394233275,0.25,1,0.5559189281002764,0.30986621665755426,1,6.917702769890656
B00260,personal,15,established,E,med,8000.0,0.568608000646338,26699.090587110935,0.014197936787176194,-1.3620621765844554,0.25,1,0.6071030445951789,0.31862759017433456,0,19.14743714314664
B00261,salary_advance,21,loyal,C,med,8500.0,0.5697819370432631,24580.91473780275,0.01641906100908004,0.338448305042478,0.1,1,0.5860469896836419,0.10896847194866044,0,23.462548319226407
B00262,personal,29,loyal,E,med,3000.0,0.5357187017896037,53605.00545261892,0.0024984546558022534,-0.28700073391390823,0.25,0,0.5775517460046942,0.19422594759476533,0,30.619485045267094
B00263,personal,22,loyal,D,med,7500.0,0.4496738028778263,55163.352785500276,0.005094797770749617,-0.3195469089581323,0.25,1,0.5287276023989869,0.14457754848610707,0,20.7021296872608
B00264,salary_advance,17,established,D,med,50500.0,0.4341184084294603,19064.98778693201,0.09582565639300124,0.023686544528755904,0.5,1,0.5350122197073558,0.13930506230309428,0,14.71819827563787
B00265,personal,10,established,D,med,11500.0,0.38426976980518857,10219.693358123886,0.03603420538091793,-0.10224709288568688,0.25,1,0.47843442624808624,0.13520415540826494,0,7.734360818283834
B00266,personal,9,established,C,med,5500.0,0.589181625292071,18190.89920848835,0.014844872436699413,0.4852119476452963,0.25,1,0.6695093847659592,0.0854631259316916,0,9.206260215161132
B00267,personal,12,established,E,med,5500.0,0.6877545731937047,16426.840952033144,0.01918937712780983,-1.2377962194624292,0.5,1,0.7018526004360807,0.32988140645808545,1,11.346904076806936
B00268,personal,20,loyal,D,med,32500.0,0.6365595741670097,42508.59575153773,0.04055686815546287,-0.28224379613304995,0.1,0,0.6099177345071479,0.1622093458930994,0,18.128330201730073
B00269,personal,19,loyal,C,med,3000.0,0.4627570058296467,44635.001277118456,0.002591895332076942,0.2403279171775187,0.5,1,0.5715356027154397,0.10094220469445686,1,19.04207228696026
B00270,personal,5,new,E,med,10500.0,0.6911658038827884,15258.762380117094,0.03963428116460379,-0.5454851934232691,1.0,1,0.8088874732213924,0.24274379346507616,0,3.6039485703023164
B00271,personal,10,established,A,med,17500.0,0.5563603460189269,17765.655084722683,0.04567007712774885,1.8364237074134229,0.5,0,0.5422698830085021,0.03831126999596172,0,6.357973775310151
B00272,personal,31,loyal,B,med,14000.0,0.5353865297212709,11926.807803084394,0.05237089658195187,0.6322465927238575,1.0,1,0.6924254878238674,0.06740476908420748,0,31.5162176800999
B00273,personal,17,established,E,med,3000.0,0.634331699721263,28966.87422377735,0.005474630217441396,-1.6135898119594245,1.0,1,0.7709748032323229,0.3430767794529523,1,13.805797070598839
B00274,salary_advance,7,established,C,med,41500.0,0.46707492316262583,26246.71099970746,0.061542978697613514,0.7681813615867648,0.1,1,0.4515801573092667,0.0859644523820116,0,8.069397581566601
B00275,personal,60,loyal,B,med,6000.0,0.5419303661285936,41523.590877598515,0.006525572026346096,0.9456637227439788,0.25,0,0.558760136184848,0.06620226134113696,0,60.21712258697203
B00276,personal,16,established,E,high,3000.0,0.722971517570353,35363.03031409588,0.00511106875703871,-0.12512802824473812,0.25,1,0.7492652095711277,0.18716234935344184,1,15.305564167674083
B00277,personal,20,loyal,E,high,2500.0,0.7130083370236342,37632.06031746844,0.003947256735173706,-0.8133966744092013,0.25,1,0.7630240081238836,0.2657755986867275,0,15.386639701234747
B00278,salary_advance,20,loyal,A,med,13000.0,0.4332399468223239,11520.679053371734,0.04073920239856196,2.508054695313463,0.1,1,0.42497188519270107,0.02009614089700539,0,18.6235556625047
B00279,salary_advance,13,established,E,med,2500.0,0.651825463089365,19063.307247715024,0.007123473892140516,-0.7198839135812573,1.0,1,0.7497709109949692,0.20728352560869648,0,13.742251988765386
B00280,personal,11,established,C,med,23500.0,0.4271167586268351,45337.669291339145,0.018449051279396122,0.6607722064159335,0.5,1,0.544749297469654,0.09212667462953775,0,10.663943235108592
B00281,personal,52,loyal,B,med,23000.0,0.608234981853275,20005.912519963447,0.05827195905487779,0.6000505290639353,1.0,1,0.7639555115654212,0.07575956492085165,0,52.70265498346422
B00282,personal,28,loyal,B,med,4000.0,0.4395658925988256,10991.074013347832,0.013330996044760379,1.00081054902977,0.1,0,0.42739516066609307,0.079080792748347,0,30.164607378057433
B00283,personal,25,loyal,A,med,30500.0,0.5434757652057565,41956.735908313,0.03292282411060827,2.10685792416733,0.25,1,0.5932885608840731,0.028539585099292317,0,27.125234785754643
B00284,personal,22,loyal,B,high,62000.0,0.7813717404652132,19584.70635728773,0.20613468755096656,0.9616388721410352,1.0,1,0.820244316311153,0.060590257719877895,0,21.706906897291585
B00285,personal,9,established,E,med,2500.0,0.5426804721616598,48264.44047733364,0.002342478863987686,-0.558664227043533,0.25,1,0.5928251244520155,0.23068740865352255,1,8.537557685166492
B00286,personal,33,loyal,B,high,16500.0,0.7637661632603234,26632.083206033956,0.039432832435917324,1.5059922751279609,0.1,1,0.7768796800211563,0.06043408548832502,0,32.37134626293453
B00287,personal,10,established,E,med,42000.0,0.6452720968678343,23098.646608211522,0.09777422795994224,-0.6310994500441196,1.0,1,0.7683033548465368,0.2148038905842384,0,9.529716663079071
B00288,personal,19,loyal,C,med,23000.0,0.46646301868640067,56940.09277161032,0.015701662495265545,0.5635580113952678,0.25,0,0.4654485540599281,0.10006862306909838,0,21.80897668210593
B00289,personal,6,new,E,med,5500.0,0.5583553869676952,13141.617862699952,0.019473468819991204,-1.2930836080157901,0.25,0,0.5376546858836494,0.317420127201041,0,8.371583904017527
B00290,salary_advance,5,new,E,high,15000.0,0.8091638289315363,59208.574434053895,0.017082910639758298,-1.0332812273367524,0.5,1,0.8401536758704028,0.28722332077831336,1,9.023515734517197
B00291,personal,19,loyal,C,med,13500.0,0.5916288520941804,18927.178849843636,0.035165433997653144,0.4513866704361864,0.25,0,0.6130549229373592,0.08243117758080959,0,20.717065308685996
B00292,salary_advance,10,established,C,med,6000.0,0.47677057976185244,29416.276517368053,0.00810385671144266,0.7180867085808721,0.1,1,0.539986838140629,0.08237905835433892,0,9.872820678864741
B00293,personal,5,new,E,med,3000.0,0.6459935415570611,29569.571079543046,0.005461641122721386,-2.0523906226910302,0.1,1,0.6694628248404257,0.35,0,5.749062891544041
B00294,salary_advance,22,loyal,B,med,10500.0,0.554803543225379,21270.663397106982,0.022822659136631954,1.2472873680006642,0.1,1,0.6093756415204842,0.06976241677131861,0,21.09781776196873
B00295,salary_advance,52,loyal,C,med,8000.0,0.5661087521883162,17691.47245842308,0.021332641230353003,-0.0694289765982975,0.25,1,0.6422045039282595,0.11813240679324652,1,49.382207667576765
B00296,salary_advance,35,loyal,A,med,7500.0,0.5119062402416362,21951.6545999296,0.014574819346512892,2.0296880156711663,0.25,0,0.4981608701311823,0.027455019064630017,0,37.05821216644407
B00297,salary_advance,14,established,D,high,5000.0,0.7297536684903432,15397.963261585526,0.019747029095478794,-0.0019644288245082575,0.25,1,0.7912332738769811,0.16726826358439867,0,13.293354444823091
B00298,salary_advance,16,established,E,med,16000.0,0.4956249298274944,79148.28153857053,0.008349306225277365,-0.7736222695499858,0.1,1,0.5475868602397155,0.23528839609191407,0,17.98683701681722
B00299,salary_advance,26,loyal,B,med,14500.0,0.5916892749716435,20648.0872322767,0.034625864656676796,0.8258045579592523,0.25,0,0.6178292104919719,0.07394342163795983,0,26.893287881025522
B00300,salary_advance,30,loyal,D,med,5000.0,0.5665282473888201,50889.96286830775,0.004638506752753264,-0.16623500107872535,1.0,1,0.6690680234862586,0.14384820211431876,0,31.433866242472153
B00301,personal,13,established,B,med,6500.0,0.4584308624942017,47332.15376831089,0.005246258566636546,1.2689451414331256,0.5,1,0.5614833973200728,0.04659732656408827,0,15.396097722107875
B00302,personal,16,established,C,med,5000.0,0.6647643006139958,32846.85747339024,0.008432621765422206,0.000530207533099717,1.0,1,0.788954133501637,0.11161708398137367,0,18.92088560684949
B00303,personal,19,loyal,C,med,3000.0,0.4091367893763279,24968.655351509784,0.004096504032921305,0.2483233769067129,0.1,0,0.40340155001695754,0.10856754475837598,0,18.977780244046176
B00304,salary_advance,22,loyal,B,low,16000.0,0.28372464014794174,29928.9050324004,0.012639938540608705,1.341801018931008,1.0,1,0.5501059639766257,0.04356602629031082,0,21.500483766566624
B00305,personal,15,established,E,med,2000.0,0.6415761422282589,36853.039305950275,0.0029015071497991317,-1.004947439200293,0.5,1,0.7328300614172779,0.28331260588192625,0,15.291352386352004
B00306,personal,15,established,E,med,34000.0,0.6202787623936876,28431.633312974667,0.06181342007695256,-1.2891536553285141,0.1,0,0.6648694499918546,0.30526088627427556,0,13.64208807849771
B00307,salary_advance,35,loyal,B,med,6500.0,0.380430953208208,11364.935434019992,0.01813180264133036,1.158351579441637,0.25,0,0.35213997355401594,0.054344368184140006,0,35.93727445212197
B00308,personal,31,loyal,E,med,2500.0,0.4329297339253394,9896.424171344548,0.00911376604379369,-0.699670708008809,1.0,1,0.6420166843409857,0.2187252153819101,0,30.039895029656925
B00309,personal,21,loyal,E,high,16500.0,0.7670823950068414,61694.09640707723,0.01709625968382629,-0.7000101537494566,0.25,1,0.7889178667338755,0.2293091642458422,0,19.144417631351867
B00310,personal,42,loyal,B,med,10500.0,0.5560201028958245,6316.416729885547,0.07702430204326655,1.2367560312208876,0.5,1,0.6415726935437733,0.050665261537744886,0,41.755137726288545
B00311,personal,13,established,C,med,9000.0,0.5425153510484405,29960.251571090008,0.013580877727974535,0.5250641099839399,0.25,1,0.5975175353554159,0.08274875839650052,0,11.75054903280121
B00312,personal,40,loyal,E,high,2500.0,0.7916162341997363,23641.57496128473,0.006975848650594709,-0.8538295424529113,1.0,1,0.8896361699287999,0.2570458380740774,0,38.453686196885336
B00313,personal,22,loyal,E,med,11500.0,0.6762121983952549,29390.907307016143,0.022048883464515837,-0.21913604294133637,1.0,1,0.8173362551606999,0.1894463163174919,1,19.305906357089043
B00314,personal,60,loyal,E,high,7000.0,0.7476271179481305,14371.729005385801,0.03034539676051795,-0.50373155594632,0.1,1,0.7425717928092248,0.2054524442489261,0,61.38381273285022
B00315,personal,8,established,A,med,29000.0,0.3723139363846492,32626.25522987402,0.027577749063042254,1.7763192980405802,0.5,1,0.48253105586190104,0.032253473133534764,0,8.234922598904733
B00316,personal,11,established,B,med,14500.0,0.4042180901037449,30130.976428846938,0.016210234452975647,0.9060104275706085,0.1,1,0.44514089113525335,0.06987696475115082,0,8.992891044265717
B00317,salary_advance,20,loyal,C,med,21500.0,0.6081463184801184,122829.98728349968,0.008870761215353877,0.329155153994726,1.0,1,0.7252752386532858,0.08414035755766808,0,23.653242002806746
B00318,personal,20,loyal,B,med,15000.0,0.562753395532675,28896.883345954346,0.024343170022670554,0.9761946893434926,0.25,1,0.6383484388434999,0.06594736307836616,0,16.72389927194882
B00319,salary_advance,48,loyal,E,high,17000.0,0.7097466812523124,56473.64277631221,0.01780431393614983,-0.6061861859308294,0.5,1,0.7558490438451592,0.20672264527281364,0,44.8007475753249
B00320,salary_advance,11,established,D,med,11000.0,0.4195979324187235,11798.443305678984,0.032600185302866236,-0.3226461511894929,1.0,1,0.6632153924907312,0.15898898621801977,0,12.139049483372897
B00321,personal,27,loyal,C,med,9000.0,0.6105354270098298,47148.26193514265,0.009711950164510066,0.5048632659418862,1.0,1,0.7391438350881617,0.08770787758314369,0,27.63313440555323
B00322,personal,31,loyal,B,med,14500.0,0.6231400178560748,30468.551022832708,0.02471272277914251,0.8522307491459129,0.5,1,0.699846366002549,0.0700493639772645,0,32.86300264339137
B00323,personal,24,loyal,D,med,13000.0,0.6442077286545753,31205.707077340827,0.02236423306521427,0.302540874486556,0.5,1,0.7203972713826072,0.12917297095097213,0,21.748532591572154
B00324,salary_advance,9,established,C,med,3500.0,0.5000108139328243,31443.975913576953,0.00463797860034946,0.5980135107142259,1.0,1,0.6467227009502413,0.1048460696428939,0,8.47337474796454
B00325,salary_advance,35,loyal,B,med,14500.0,0.578445931528162,68767.46325259256,0.010164043684862524,0.8283364599531262,0.5,1,0.646612397382967,0.066402867719397,0,32.63131702821428
B00326,salary_advance,32,loyal,C,med,5500.0,0.4611479150043679,30955.54605702406,0.006827838237914382,0.5864225979776826,0.5,1,0.5709313627247392,0.08500793295938872,0,32.973343977975375
B00327,personal,22,loyal,D,med,8000.0,0.5321704687867816,17478.60556656756,0.020297975783785175,0.10385440780910632,0.5,1,0.6352999442678957,0.12323296391439399,0,21.04392263539153
B00328,salary_advance,18,established,D,med,3000.0,0.4693634249490806,19172.535253690912,0.006120257685518186,-0.0762648726777842,0.25,1,0.4620586307445162,0.16606959129651913,0,17.954982694373882
B00329,personal,18,established,D,med,3000.0,0.4806727198918628,42168.135068138385,0.0028497390216282764,0.23193750862858806,1.0,1,0.6962250033809911,0.12181851717717886,1,15.759228034391946
B00330,salary_advance,15,established,C,med,3500.0,0.5074610483428931,34409.93129119719,0.004301359139046229,0.7608155891994561,0.1,1,0.5206733744944017,0.08070735704878165,0,14.709211579393894
B00331,personal,23,loyal,C,med,5500.0,0.49062514796191903,11593.959235399103,0.019395432993758104,0.598359167318834,0.5,1,0.5715396931220138,0.0972495415006736,0,21.810506943194913
B00332,salary_advance,16,established,E,med,2500.0,0.5344046248784046,35705.249548094565,0.003118149243004214,-0.8285970500010597,0.25,0,0.5374209365828639,0.23412666607121588,1,12.181337044825016
B00333,salary_advance,10,established,E,med,4000.0,0.47694295236269124,14834.512990244855,0.010716966861361922,-0.6489278511431876,1.0,1,0.6859340427204509,0.26041198879038624,1,11.401336131279614
B00334,personal,9,established,C,high,9000.0,0.7265668216512889,34236.30503962546,0.015916586664587916,0.39888180594806727,0.25,1,0.7912248646448712,0.10533428050998558,0,8.45970593091356
B00335,personal,10,established,A,med,11000.0,0.4499184338627309,17273.784404111688,0.023875788963920775,1.4716733006708778,1.0,1,0.6448627292507281,0.039951822688069835,0,7.054889611387922
B00336,personal,18,established,D,med,52000.0,0.5916139440852392,23044.560784333324,0.1112479620836278,0.15241546155875524,0.25,1,0.6439687613718208,0.1230348960043042,0,16.97667919769169
B00337,salary_advance,16,established,D,med,19500.0,0.3994600577799698,19937.453918282114,0.03255794829936749,-0.06166841247699423,0.1,1,0.42629292661242424,0.17324629212556433,0,17.743218658784517
B00338,personal,18,established,C,med,5500.0,0.6827004272860724,62031.78170163442,0.005044258828662212,0.22434045544277556,0.5,1,0.6922387269173412,0.11360242699278757,1,17.16807555740357
B00339,salary_advance,21,loyal,E,med,7000.0,0.6057707631369714,33557.52007775087,0.010530166641570563,-0.38682142251342855,0.1,1,0.6815228114190827,0.20936320544870013,0,21.67080265436607
B00340,personal,11,established,B,med,10500.0,0.46248996227639305,53831.39635291651,0.007517522197246867,1.3089431565364635,0.25,1,0.49292501438191144,0.04713741903848533,0,13.058380788611169
B00341,salary_advance,36,loyal,B,med,10000.0,0.4791669356717503,132239.09778373368,0.003019574289439654,0.9365941445080282,0.5,1,0.6134860803448029,0.06233003778876505,0,38.785117927077295
B00342,salary_advance,14,established,E,med,7500.0,0.6664715158979269,27604.74447117508,0.015089605262282393,-0.3194572132105483,0.5,0,0.6434236232883473,0.19317321094058237,0,18.35965128032915
B00343,personal,12,established,D,low,11500.0,0.29221701942634126,61457.0971149292,0.004556696027472297,-0.16679546609287513,0.25,0,0.27913385044562944,0.1431561458492926,0,10.308273757096915
B00344,salary_advance,21,loyal,D,med,12500.0,0.4759866633828808,18311.771509628532,0.027076541489343443,0.22296376793638428,0.1,1,0.5033236435462883,0.13398920170651576,0,18.986380949468394
B00345,salary_advance,5,new,B,med,10500.0,0.49566101950004543,53647.11437299024,0.008084375033615915,1.3116699768168338,1.0,1,0.7046849695581927,0.054055347738632895,0,7.511833717160756
B00346,salary_advance,10,established,C,med,12500.0,0.5454450883922005,17255.222563013645,0.03292753628649672,0.14775991055294085,0.5,1,0.6806028636189955,0.11338366490147847,0,12.165401113674207
B00347,personal,28,loyal,C,high,5500.0,0.7622581093690873,26632.077190256652,0.013118327107256762,0.5553657461155929,1.0,1,0.8356536398019719,0.09255941789631612,0,28.886521139207836
B00348,personal,6,new,C,med,23000.0,0.5054120018517037,36144.59538880575,0.026800862659053244,0.5737264566512917,0.5,1,0.5467570819605602,0.0854904191264675,0,6.187131041816433
B00349,personal,30,loyal,E,med,45500.0,0.6773439604934761,39412.061446868924,0.06516437919222648,-0.34076660376454204,0.1,1,0.6068121762183623,0.18877311914070705,0,26.94421865282579
B00350,personal,37,loyal,C,high,5500.0,0.7097333401431548,13361.017399263452,0.02434653274110286,0.5937094661351571,0.25,1,0.7191751050923401,0.11696570059915067,0,36.68312189953445
B00351,personal,13,established,C,med,21500.0,0.618260550664439,16699.56486167433,0.0663320768604381,0.2744355693942098,0.5,1,0.6308642183934481,0.11018273325963053,0,16.1354076236275
B00352,personal,19,loyal,E,med,14000.0,0.5659142524012936,37657.881349906864,0.01753240678447803,-1.154078821020621,1.0,1,0.6980499394919965,0.32323016972851976,1,21.419874443071556
B00353,personal,30,loyal,C,med,9500.0,0.4089732936172608,21977.091409270874,0.014732182620721348,0.65269648877761,0.5,1,0.46778684257186565,0.08697631998595795,0,25.31162582456563
B00354,personal,12,established,D,med,3000.0,0.6407416778151256,12474.705587318014,0.012840817631530195,-0.04576206494313917,1.0,1,0.7688586141384433,0.14710452801397975,0,14.715183493573075
B00355,personal,26,loyal,C,med,22500.0,0.695320365942797,25873.195681515648,0.050389047498842716,0.5299662921159967,0.5,1,0.7319999471866707,0.09319341494164325,0,30.095010220197288
B00356,salary_advance,11,established,C,med,9000.0,0.6005938971638571,25199.15324716307,0.017875419005343132,0.3856297134905666,0.25,1,0.6342077578579001,0.09479902440370476,0,10.157827927540962
B00357,salary_advance,12,established,C,med,6000.0,0.6567688689426868,29652.545125697092,0.011074409737151477,0.6091698729500821,0.25,1,0.6864619337961002,0.093848613192817,0,13.581953026327733
B00358,personal,10,established,B,high,16000.0,0.7427564564520787,35993.106986975385,0.02751476671059473,1.337343225676158,0.1,1,0.7520171828314666,0.04833519052146446,1,10.50724764290468
B00359,personal,19,loyal,E,med,6500.0,0.6816220313742967,34756.02605090898,0.0106229617022462,-0.7795074120851094,0.1,1,0.6013421804338632,0.21872042977584652,0,17.29427746432603
B00360,salary_advance,31,loyal,C,med,3500.0,0.43990642242952427,17632.601015787553,0.0072766371654639965,0.4078476644995799,0.25,1,0.5166538863277788,0.11977690283193426,0,32.54352240563983
B00361,personal,14,established,C,med,58500.0,0.5408820118888588,21462.110180200212,0.12285836694617083,0.6666186289628364,1.0,1,0.6740083481658039,0.08692483768115651,0,15.171479330643427
B00362,personal,8,established,C,med,5500.0,0.6734706566687226,44814.35455736527,0.006887838819100737,0.48092586772791107,0.5,1,0.7543872674522318,0.09595482435126186,0,10.17576592996415
B00363,personal,9,established,D,med,9000.0,0.5229171478697902,19955.26551588224,0.019653352173650777,0.45940555334208416,0.1,0,0.5229848847709582,0.12031122764519223,0,6.411336863365973
B00364,salary_advance,20,loyal,A,med,19000.0,0.5705867941554602,21648.67147350733,0.04173138715933314,3.5035772156733374,1.0,1,0.7316241475932791,0.015,0,18.033956121946137
B00365,personal,45,loyal,B,med,4000.0,0.5150104342710743,11762.267363169341,0.014594987467685672,1.014135524116706,1.0,1,0.6648740933755445,0.07790974449361808,0,45.00537260501851
B00366,salary_advance,20,loyal,A,med,17500.0,0.5164496071174316,26482.137853591343,0.028440138829052882,1.8809377962550249,0.5,1,0.6330973201076501,0.028447768232147803,0,16.46214183186933
B00367,salary_advance,13,established,D,med,12000.0,0.5309356275659581,32529.37335302485,0.016321729343015068,0.042927941147491544,1.0,1,0.7384676264969453,0.14127275765787942,0,8.985528634094194
B00368,personal,25,loyal,E,med,7000.0,0.611332390862307,9076.815823434748,0.0392880684452845,-0.5929123738972821,0.5,1,0.6785323869169995,0.20032985429483863,1,26.781563072343243
B00369,salary_advance,14,established,D,med,8000.0,0.584405863056269,14933.499996069735,0.02608925629000013,0.03568257076636605,0.5,1,0.686522214755968,0.12251995053235272,0,13.617342120716252
B00370,salary_advance,13,established,B,med,44500.0,0.36239667485256183,12308.553983690867,0.10918322908000408,1.0619601713434041,0.5,1,0.5024332597988632,0.07546770496275068,0,13.208669990454464
B00371,personal,9,established,D,med,38500.0,0.5073148780904466,41506.018938650566,0.03921443866440913,0.4068278548291754,1.0,1,0.6407504051939004,0.13384619071112527,0,6.641686761944081
B00372,personal,35,loyal,B,med,3500.0,0.4069961723187459,9397.573527887365,0.012631688017554361,0.8032513705988797,0.1,1,0.45668634710854483,0.07474773471196194,0,39.36419645054244
B00373,personal,4,new,E,med,7000.0,0.5576026208786113,25763.742977588918,0.012625036501701792,-0.5643443867971277,0.25,1,0.6092237621669432,0.21925963738648974,0,3.3962264158842728
B00374,personal,25,loyal,D,med,8000.0,0.48702778812591685,39927.64360708175,0.008131839566569286,0.026197381187024693,0.1,0,0.45944848548591793,0.14018924097765248,0,27.095716276773743
B00375,personal,12,established,E,med,33500.0,0.6751578225618586,29830.955455490584,0.06318321217694273,-0.17985724429327782,0.25,0,0.6805366990429595,0.19979992221215886,0,12.549128046192664
B00376,salary_advance,13,established,B,med,25500.0,0.6156741271073978,21120.99260605527,0.06194346754934878,1.0744754501652127,0.1,1,0.6578925245411567,0.04607666355783292,1,18.511320153877698
B00377,personal,41,loyal,B,med,10500.0,0.5662883218018814,32550.81262381988,0.015222424315577606,1.2407274281704181,0.5,1,0.6303366121620947,0.057429652176638785,0,41.60407210616808
B00378,personal,11,established,E,med,15000.0,0.4932824244720103,47587.97181255929,0.012957119353997782,-1.0062416496712276,0.1,0,0.5380994679695817,0.25850305204450047,0,10.845569494443376
B00379,salary_advance,11,established,B,med,10000.0,0.5038677540109183,25357.08898222009,0.01655906935151418,1.112342559431449,0.5,1,0.5807079942064248,0.04315323888041662,0,11.193431935947492
B00380,personal,15,established,E,med,4000.0,0.4664834530937401,7852.478723472105,0.019801961882403615,-0.6507212307562297,0.5,1,0.5530281809507918,0.21400240683008082,1,14.467320139278048
B00381,salary_advance,20,loyal,B,med,15500.0,0.4985401586657073,50577.04193827363,0.012732015955561546,1.2189216518410535,0.1,1,0.4523191715667713,0.07183244045338603,0,20.398061318098954
B00382,salary_advance,12,established,C,med,8500.0,0.6208523388572932,33528.314181572794,0.013116388861933328,0.15803425753751182,0.25,1,0.6566835399429354,0.11580841867705657,0,10.850705593240392
B00383,personal,6,new,B,med,16500.0,0.5951772556722267,26418.188209402495,0.030977473552029816,1.5657885492389845,1.0,1,0.7847967564375359,0.04687304023390634,0,6.545308642062833
B00384,personal,10,established,E,med,7000.0,0.6368967652922154,9052.493136672383,0.0410409715288328,-0.4180746289811456,0.5,1,0.7420426305027163,0.22014257054989622,0,13.538714330225712
B00385,salary_advance,33,loyal,B,med,24500.0,0.6454159350450633,22832.272354084016,0.05771323065359732,0.9286118408947832,0.25,1,0.7320182017978188,0.06970533096225691,0,30.264408731923666
B00386,salary_advance,17,established,B,med,43500.0,0.5486314898727737,16622.085193883,0.11964739246557873,0.9565931575594276,0.1,0,0.5785921789919135,0.06945858930367688,0,20.608601630118827
B00387,salary_advance,21,loyal,D,med,5000.0,0.5466967920530728,13781.00405842784,0.016529298522541785,-0.1239588501228821,0.1,1,0.5764217140871238,0.12432676907196685,0,18.339059613608967
B00388,personal,14,established,D,med,8000.0,0.6521705990674711,24958.07792017264,0.01742042799805902,-0.07285705542694518,1.0,1,0.7462428827112974,0.13640257630029315,0,11.691234874744383
B00389,salary_advance,11,established,D,med,12500.0,0.6513689885675494,20034.643177945327,0.03386680546614969,0.08341511537686269,0.1,1,0.6211424418545103,0.1499680450518114,0,9.257224782741808
B00390,salary_advance,41,loyal,D,med,5500.0,0.5037359793374805,20773.754343865014,0.011113975197163272,0.23618651659402679,1.0,1,0.6812683643979395,0.12008170456991764,0,37.76624735413047
B00391,personal,14,established,E,med,18000.0,0.6268600317495943,40408.46216833356,0.02326963208120446,-0.4397230014832396,0.5,1,0.7026564597190218,0.20243665591287544,0,12.080993221200321
B00392,personal,12,established,B,med,10000.0,0.486558904138821,30963.5094951426,0.013094954676007412,1.1120145981367944,0.25,0,0.5289306633953136,0.061500398816447234,0,9.529592688294168
B00393,salary_advance,30,loyal,D,med,5000.0,0.3676853239192272,20485.382198457955,0.007478611666381815,0.15144926523966673,1.0,1,0.5585957703185179,0.1679912191205793,0,27.840330446779255
B00394,personal,11,established,C,med,23000.0,0.5829201566901082,19104.71282824738,0.05848104829945962,0.5664078826716058,0.25,1,0.6495376412280053,0.08738227157042457,0,7.483698579062431
B00395,personal,11,established,D,med,8500.0,0.4266148901575985,20948.614431610833,0.014425085161669531,0.31459500203114427,0.1,0,0.40502926072624224,0.13864449556623581,0,10.594603186894906
B00396,salary_advance,16,established,E,med,3500.0,0.6533703817117043,23480.032860339637,0.008116102837933757,-1.0469801157751757,0.5,1,0.7280709893069405,0.2911012802329025,0,16.56030268685864
B00397,personal,16,established,D,med,5500.0,0.39371584492742484,37094.633977394464,0.004864668450474665,0.5191694384264413,0.1,1,0.4145103805565908,0.12055720207128384,0,17.60562297893658
B00398,personal,18,established,E,med,13000.0,0.5698101476831653,15162.672481288946,0.040711446311230186,-1.4135132097576943,0.5,1,0.6423299594260486,0.31383290437617495,0,16.826343719529355
B00399,personal,51,loyal,B,med,44000.0,0.4763823685635397,60002.50375766909,0.02911104107345505,1.02809182816516,1.0,1,0.6179047846098361,0.06622483005954118,0,50.25184271656987
B00400,personal,19,loyal,D,med,8000.0,0.6834490701499268,37109.36323740595,0.012278106485373757,-0.10719164313084806,0.25,1,0.7524834408603411,0.14579868208591812,0,20.82506111457218
B00401,salary_advance,4,new,D,med,3000.0,0.5142733822068075,5967.835662256668,0.021543546576663818,0.008367253256452212,1.0,1,0.7495677601961465,0.14354031448211363,0,1.1074478717711314
B00402,salary_advance,19,loyal,E,med,2500.0,0.4928836588198563,28196.188238306644,0.003641772239552791,-0.5442799496263389,0.1,1,0.45746636267889806,0.23975820395229017,0,20.720629696162067
B00403,personal,16,established,D,med,12500.0,0.5976015519023699,47686.57324201752,0.01305402284634013,0.12238232360481602,0.5,1,0.5953626404733383,0.1362015685763419,0,14.83786157083521
B00404,salary_advance,16,established,B,med,10500.0,0.4882735016464949,33315.84036454321,0.012823909265556984,1.2769504179706197,0.5,1,0.5654563038563584,0.06283480366088795,0,16.65149523358313
B00405,salary_advance,18,established,E,med,7000.0,0.662640168505405,21444.26391738343,0.018025337674634632,-0.45696542802262086,0.25,0,0.6389418206813157,0.1806259243303558,1,16.885490133035194
B00406,personal,16,established,E,med,4000.0,0.4961627249191364,26014.24420943364,0.006357577550266495,-0.607167086144011,0.5,1,0.6015297710958536,0.19665503012530502,1,15.115064554816813
B00407,salary_advance,15,established,B,med,9500.0,0.5503860529243414,29675.467444762042,0.014682912500350366,0.8046210235674894,0.1,1,0.5907010204940408,0.0771644558256529,0,16.719291629297945
B00408,personal,23,loyal,B,high,14500.0,0.748754519222853,41079.87166629392,0.022024047480247888,0.8796183236469393,0.5,1,0.7934952018600049,0.07219348540535062,0,21.162141141198145
B00409,salary_advance,12,established,E,med,4500.0,0.6438044862367939,12353.538676602764,0.019543119478474025,-2.0841792984085066,0.1,0,0.6019696565449956,0.35,0,12.510835942968571
B00410,salary_advance,9,established,A,med,8000.0,0.48232888607390145,19288.028659267562,0.0166710966888487,2.3654063637827734,1.0,1,0.6818374865370421,0.018809765780485547,0,9.150411058110944
B00411,salary_advance,60,loyal,B,low,10500.0,0.3486638606167104,66251.80378605299,0.004604869008922679,1.2785534835483312,0.25,1,0.4026544051087423,0.06256316327846524,0,59.67253998950542
B00412,personal,11,established,B,med,9500.0,0.44870774236860844,27395.141874469933,0.012966786751322673,0.6969186624529615,0.1,0,0.4350266192918471,0.07967240170366455,0,12.94892322789683
B00413,salary_advance,17,established,D,med,8500.0,0.6049696513370181,62339.22835786281,0.006874005036397044,0.20645955333798305,0.1,0,0.6097080613453405,0.14659270373808042,0,19.202870057180597
B00414,personal,7,established,E,med,1500.0,0.6274619681903751,138978.72888264412,0.0005643507222607191,-1.8553535085522448,0.25,1,0.6562259085260324,0.35,0,6.492337254083267
B00415,personal,17,established,C,med,6000.0,0.5965521573504685,20524.628951068516,0.01453259298310998,0.67472206125024,0.1,1,0.6223642802776482,0.09310916923330473,0,19.439343730089128
B00416,personal,9,established,E,med,7000.0,0.6381459267535725,13925.75625186169,0.02673117235959702,-0.5651880282308862,0.25,1,0.6128360172688161,0.22514457196365387,0,8.172302179608547
B00417,salary_advance,12,established,B,med,6000.0,0.394287763805811,23247.62160145064,0.008480174242452562,0.8939316941833398,0.25,0,0.3818519466380127,0.06395504131179515,0,11.525996170071577
B00418,personal,29,loyal,D,med,12500.0,0.6556699734594381,49239.23257145063,0.013870840791351379,0.18119892973727125,0.1,1,0.7025122264766481,0.13022864516565436,0,27.168290283569405
B00419,salary_advance,21,loyal,C,med,10000.0,0.40088710867970084,53177.610393368814,0.006282203884213568,0.9880393791163774,0.5,1,0.5304498845704224,0.08701940149816285,0,21.82369591323914
B00420,salary_advance,22,loyal,D,med,5000.0,0.49309367974911317,93862.63069687593,0.0021888977367251873,-0.02499638140924465,0.25,1,0.553450318279978,0.1491845340799389,0,25.760901339134527
B00421,personal,6,new,C,med,14500.0,0.5507594243165681,26364.059113517713,0.025242735505321426,0.8643889426789316,0.1,1,0.5541564159824908,0.08320784991241208,1,10.04678736507714
B00422,personal,45,loyal,E,high,6500.0,0.7459272043391953,35186.96862602699,0.011482770983901568,-0.7883790394576718,1.0,1,0.8277012662865347,0.2638822639182846,0,47.261340125767084
B00423,personal,8,established,A,med,8000.0,0.37147945347614864,18188.17055022304,0.013616156077943867,2.24556942533919,1.0,1,0.5792588092722516,0.025021582978951056,0,4.545479637517842
B00424,personal,38,loyal,A,med,32000.0,0.46810569113662126,6776.1086981464405,0.18421809605451714,2.637948634987012,1.0,1,0.6297847408538918,0.017735636016478935,0,38.41257099195967
B00425,salary_advance,28,loyal,A,med,13000.0,0.4791542258280415,26322.806673716605,0.01971992390786168,2.3826995854665105,1.0,1,0.6732896039885924,0.023130582795085876,0,28.793546170861948
B00426,personal,22,loyal,B,med,49500.0,0.5579823006910302,14263.158461665465,0.1613721811011654,1.67547898577451,1.0,1,0.6834438661424491,0.04271034896464469,0,25.019972764246372
B00427,salary_advance,10,established,C,med,5500.0,0.6642755695378798,38324.56915479543,0.007944241585820905,0.265451641766359,1.0,1,0.7938893405002759,0.09722385623051485,0,7.94859589541105
B00428,personal,17,established,B,med,26000.0,0.4733515895933653,9558.954839946542,0.10729155309947677,1.1665467057472083,0.1,1,0.5525911194485752,0.05983473848497213,0,20.275449109983732
B00429,salary_advance,12,established,C,med,21500.0,0.6511342366935261,17914.521324157304,0.0651212212874525,0.2538235017238723,1.0,1,0.7722041444098681,0.11472486922173207,0,16.042898963482948
B00430,salary_advance,16,established,E,high,2000.0,0.7434299438029894,31170.379940953495,0.003975087594971463,-1.203517542245307,0.1,1,0.7248006664299201,0.30243293364133156,1,13.29510470289203
B00431,salary_advance,14,established,A,med,11500.0,0.6582601158807592,33017.70435119817,0.019105889505292094,1.8532014140306878,0.1,1,0.6871780555879933,0.03989366344955264,0,17.454205412456087
B00432,salary_advance,5,new,B,med,15500.0,0.5642152420093144,26210.317603452593,0.02780500534006114,1.128824462922505,1.0,1,0.6963493750024236,0.053683431787195854,0,7.5284472795172235
B00433,salary_advance,30,loyal,B,med,9500.0,0.5471357019972424,75134.8548319783,0.005764955537388356,0.7186608923445645,0.5,1,0.6475537860121849,0.06785741551516443,0,28.022486620674663
B00434,personal,15,established,E,med,5500.0,0.5906500959989639,63780.64157459979,0.004244463847486111,-1.2251842573311502,0.5,1,0.6562588658427658,0.3454192749300344,0,14.737550345307916
B00435,personal,12,established,E,med,30000.0,0.44879279750618883,18464.770140378216,0.060763388075541484,-0.5862006765789738,0.1,1,0.4047192520710104,0.1802302211352835,0,10.674419063293135
B00436,personal,12,established,E,med,6500.0,0.6311120364984738,65197.429173462566,0.005243340994225655,-1.8211455848875098,0.25,1,0.6359982602369021,0.35,1,14.039672746937082
B00437,personal,20,loyal,B,med,67000.0,0.5179034416906144,70913.12369234681,0.040777043780844444,1.3450808526179772,1.0,1,0.7056801659768785,0.05694285970579505,0,20.63312829201453
B00438,salary_advance,10,established,E,med,13500.0,0.624548981602333,25130.90629810509,0.027958307431021817,-1.2533089668641804,0.1,0,0.665463443257007,0.32940463345891635,1,11.912886385131502
B00439,salary_advance,4,new,D,med,21500.0,0.6123263530805054,27583.463333820328,0.039773276570051315,0.2868308701466763,0.5,0,0.6202236666876532,0.12207792189075205,0,6.80204587976631
B00440,salary_advance,20,loyal,D,med,11500.0,0.4265654638886615,26163.043636918806,0.015624783896184474,-0.09369334777968819,0.1,1,0.40561478072462437,0.143474743319717,0,19.463495575473537
B00441,personal,21,loyal,E,med,9000.0,0.5993695663393622,18868.522501952753,0.023824185211534125,-1.0267034449994767,0.5,0,0.6251466279483513,0.24324636175168832,0,17.66753409577495
B00442,salary_advance,14,established,B,high,23000.0,0.7207858604125992,19928.034261916517,0.06932476200613576,0.5883550932785717,0.1,1,0.6906218588695376,0.07741707418887912,0,13.710105948078446
B00443,personal,8,established,D,med,11000.0,0.6759762397150036,55582.70745231384,0.011148159469148438,-0.3337993853120314,0.5,1,0.70421274051042,0.17406333632101414,1,5.159187038319437
B00444,personal,17,established,B,med,3500.0,0.5871355830857931,34219.70335791001,0.005004364783905656,0.8381891054253677,0.1,0,0.5761725996261304,0.06277766572534343,0,13.046270442858912
B00445,salary_advance,7,established,E,med,6000.0,0.6527066399852212,19834.849575253585,0.016453531384466685,-0.917605268728707,1.0,1,0.7840770780582863,0.27408839536608187,0,6.523532053007747
B00446,salary_advance,9,established,D,med,2500.0,0.550928626383838,16166.591846650208,0.007099628558203618,-0.40731464547382223,0.5,1,0.6091166025135034,0.1789979516298521,0,9.928749694337279
B00447,personal,10,established,E,med,19000.0,0.5078789054122324,17730.45888837891,0.04535368234395184,-2.3876422084908913,0.1,0,0.4761009554293668,0.35,0,10.266481311942096
B00448,personal,26,loyal,E,med,6500.0,0.6954033169460665,24584.701245749704,0.015321593413474596,-1.7843466823279228,0.1,0,0.6913128814494194,0.35,1,25.646846137696617
B00449,personal,13,established,A,low,11500.0,0.2629289213072782,44455.47644740423,0.0056679979548583705,1.7981924099785127,1.0,1,0.4932214943903299,0.03659918332305281,0,13.064141946008391
B00450,personal,12,established,A,med,7500.0,0.4432330868888429,16763.435863541847,0.016525292401900045,2.083598244099669,1.0,1,0.6386547442020817,0.02942236975275881,0,15.233190344270728
B00451,salary_advance,48,loyal,B,med,9500.0,0.5269099404081772,44175.97695361593,0.00944262164466585,0.8427262052239528,1.0,1,0.6524369963976987,0.07123295651978885,0,50.70973632623808
B00452,salary_advance,19,loyal,D,med,8000.0,0.5271738705451292,29981.2124133201,0.011722316035289611,-0.07382876590651166,0.1,0,0.5134462630572298,0.15320909725727558,0,19.649375011788127
B00453,personal,19,loyal,D,high,12500.0,0.7542118266700094,29102.02587379538,0.02699596663321455,0.10155107450989304,0.25,1,0.7954249562295299,0.13576524388175293,0,20.88431812057522
B00454,personal,13,established,B,med,14500.0,0.6952137079708343,47296.32526386342,0.01776141999288181,0.8735742024863639,0.25,1,0.6987200453244358,0.05181491794190347,0,11.84956847518397
B00455,personal,11,established,E,med,7000.0,0.6900327469445422,42780.91174693587,0.00940884815090801,-0.5143890198220461,0.1,1,0.6950998791073145,0.21997870553326904,0,11.25927996927183
B00456,salary_advance,4,new,D,med,5500.0,0.4637911029426814,12425.612668505739,0.017107480158370762,0.2376338670416892,1.0,1,0.6187513980961098,0.12137241940246533,0,5.4401401654074295
B00457,personal,28,loyal,C,high,9000.0,0.7246771135159479,14820.883238375733,0.03667175743815695,0.3872439495187504,0.5,1,0.761731329233315,0.11460423008993521,0,28.622266625302018
B00458,salary_advance,21,loyal,C,med,8500.0,0.6160258816624603,23712.697086913322,0.018401604194505226,0.18118732991714204,1.0,1,0.7458623646039664,0.10460854428242314,0,18.545894968030474
B00459,salary_advance,14,established,D,med,19000.0,0.4817646907524406,32721.41556163905,0.023311769390124613,-0.17619274599187118,1.0,1,0.6440196356959141,0.15477869863811883,0,12.546610278102133
B00460,personal,15,established,C,med,37500.0,0.554379280321729,56983.47601826804,0.030402414385005412,0.29332087168550824,0.25,1,0.5614238035232554,0.09858450868439145,1,14.90294104530989
B00461,personal,24,loyal,E,med,10500.0,0.6869466002227397,27883.40921729979,0.021556843014087685,-0.5768881363874414,1.0,1,0.7977297346698926,0.23183923217766433,0,23.395709793125448
B00462,salary_advance,6,new,B,med,6000.0,0.46802010179965325,68667.61462993706,0.0034078663160348826,0.8017293456235162,1.0,1,0.6308184325407783,0.06343296473791583,0,6.054196791817011
B00463,personal,11,established,D,med,2500.0,0.6023651684218128,18239.20117360881,0.006880385946002534,-0.47157895964918195,0.25,1,0.6400388547003477,0.17675982426854236,0,6.764974832671137
B00464,personal,8,established,D,med,36000.0,0.5930810257594065,20016.890880736606,0.08888708480648642,0.12736730464823023,0.25,1,0.63613325395615,0.13846297277289074,0,3.2644752589822357
B00465,salary_advance,43,loyal,A,med,76500.0,0.36621955055192773,22739.86026780567,0.10266772122931017,2.1339625661685586,0.25,1,0.41606287839734524,0.023932967548029694,0,44.589925499645425
B00466,salary_advance,26,loyal,C,med,5500.0,0.5112499764449294,17163.2347565222,0.01365260740150091,0.5818079547730476,1.0,1,0.6684480019633706,0.08063166821709723,0,26.901320043155206
B00467,salary_advance,4,new,B,med,15000.0,0.4235337693752099,50902.76203785677,0.010400559626318131,0.9198043401919923,0.1,1,0.44905028493865823,0.0797443385800795,0,5.971906332523257
B00468,personal,7,established,E,high,4500.0,0.7293391195244915,5864.033747485911,0.046640620023536354,-1.7920328558838285,0.25,1,0.7616750550404013,0.35,0,5.360179145964223
B00469,personal,15,established,E,med,4500.0,0.5037748290938288,20394.83757460873,0.009262910784118372,-0.4703630136405947,1.0,1,0.6703477485953003,0.21553464288707902,1,12.68496227223575
B00470,personal,12,established,D,med,50500.0,0.5962941115715171,50590.24267186722,0.049602537044011026,0.027688621076072818,1.0,1,0.7341448553841387,0.15495843748872068,0,7.429388927406609
B00471,personal,7,established,A,low,52000.0,0.34763149106466834,22657.015893313048,0.06648726977286948,1.923330679206459,0.25,0,0.3815181566825856,0.030190628416181132,0,6.995132729852953
B00472,personal,47,loyal,E,med,30500.0,0.538826191987619,48537.2856895465,0.02821576344547875,-1.5599520832598905,0.1,0,0.527556062557852,0.35,0,44.07633165932907
B00473,personal,19,loyal,C,med,5500.0,0.43378895763202396,90104.580453671,0.002206546414329122,0.30379013810722316,0.1,1,0.5127668681555714,0.10382454479650387,1,20.57923923812795
B00474,personal,21,loyal,A,med,11500.0,0.45575719365262485,28119.302912295647,0.015532650718477859,1.856688850916263,0.1,1,0.45572561284285035,0.03379620871180204,0,21.746143792462217
B00475,personal,11,established,E,med,28000.0,0.6235366135980636,51170.26332906919,0.0284328957954693,-0.785020405266872,0.1,0,0.6117133131052321,0.2293619641408288,0,5.322923175086783
B00476,personal,24,loyal,C,med,12500.0,0.5929510806794945,101775.59687742169,0.006068816048818777,0.18716118957432976,0.1,1,0.5847054000884835,0.11670117641123733,1,25.00461972992905
B00477,personal,13,established,D,med,8500.0,0.3778622504473885,33562.00454445119,0.007974864166582819,0.3317389850555395,0.5,1,0.511994412711834,0.12004616463397633,0,12.694052652167784
B00478,salary_advance,14,established,C,med,9000.0,0.5269891053455635,26201.32463179034,0.015084803328211188,0.5345085537227803,0.5,0,0.5964725991974784,0.1113869814133035,0,15.621164977623271
B00479,personal,23,loyal,A,med,4500.0,0.40633909836573956,44194.51319867773,0.0034478751061729398,1.965770475454414,0.1,1,0.48416676879791276,0.03194832034032915,0,19.525196387063666
B00480,personal,6,new,D,med,13500.0,0.6012737871068079,51602.18081095463,0.013108612850555316,0.44847381007323184,0.5,1,0.5938124063177581,0.12875011932510508,0,5.6390204827233905
B00481,personal,39,loyal,A,med,28500.0,0.4626525845491729,26334.93301574881,0.041724043408319346,1.727772895514219,1.0,1,0.6635862461965782,0.03310408074229672,0,36.839885516888515
B00482,personal,18,established,D,med,2500.0,0.5730875034837887,20617.303703450307,0.005790923566425203,-0.3600083573099114,0.1,1,0.5992688278223123,0.14558099762127974,0,18.28909447193659
B00483,personal,33,loyal,E,med,4500.0,0.5129323734950878,69186.9420474042,0.002780143685623039,-0.34052541125029656,0.25,1,0.6170399518326882,0.19728359549465918,0,34.57235395288552
B00484,personal,9,established,D,high,7500.0,0.7309409196989383,23182.710627379285,0.019705981848054506,-0.22572319301963548,0.25,1,0.7554293785649276,0.1513681752606495,0,11.576568830357324
B00485,personal,9,established,E,med,5500.0,0.5023851806402829,51872.85066782532,0.004438928485627855,-1.1591030933676016,1.0,1,0.6540798338808734,0.2982142004418479,1,7.128144231027372
B00486,personal,8,established,B,med,9000.0,0.5015855802392724,31087.99467289568,0.012100786465568903,0.48351169621009515,1.0,1,0.6540932354362466,0.07752538560859465,0,11.634421672377677
B00487,personal,18,established,D,med,2500.0,0.5949415669815202,73484.57775430068,0.0016866962235564148,-0.3858781127552457,0.5,1,0.6645993315490164,0.16702151997903486,0,19.363772846796163
B00488,personal,17,established,E,med,10000.0,0.5731937055493137,16865.48900850237,0.02832182458808589,-0.6717888999774754,1.0,1,0.7197163853369931,0.18933859441493472,0,20.298708991820295
B00489,personal,12,established,C,med,5500.0,0.4664618528908945,16847.55428377186,0.012689973411408522,0.4986584096210017,0.5,1,0.5994826166416622,0.09203765357908077,1,14.45634956437522
B00490,salary_advance,9,established,E,med,9500.0,0.4283720610657268,43043.54346425069,0.007878716629328911,-0.7937157779742886,0.1,1,0.4550373662316152,0.23423968809850068,1,12.736177005046413
B00491,salary_advance,8,established,B,med,10000.0,0.44662377153132443,14448.030423557175,0.02576036078033601,1.1205022138557945,1.0,1,0.6168813076638376,0.060714734416976654,0,7.905205098417435
B00492,salary_advance,16,established,E,med,7500.0,0.48159345195686276,28685.4600345946,0.010492978223463694,-0.12833738849136084,0.5,1,0.5649888573244793,0.1816876991590494,0,17.45381520473985
B00493,personal,12,established,B,med,15500.0,0.6747606186014913,63046.32660814616,0.013824212224829479,1.159096444094184,0.25,1,0.6291196271347523,0.06394229808010891,0,11.964363728997617
B00494,salary_advance,11,established,C,high,12000.0,0.7634203841118709,10080.340527920307,0.07573359074501161,-0.04273757822956725,0.1,0,0.8221739239845516,0.1184700800236707,0,10.883145679713492
B00495,personal,38,loyal,B,med,10000.0,0.5149759941335188,33562.90114084317,0.012786339892879453,1.0319096665579242,0.25,1,0.5494613643166264,0.07005004216354409,0,40.061440572781635
B00496,personal,15,established,D,med,8500.0,0.41926641685136007,52389.42118412691,0.005668708908985363,0.17956237377290588,0.5,1,0.5276877689658447,0.12610285379851804,0,14.356537542288114
B00497,salary_advance,33,loyal,B,med,11000.0,0.5727324153203676,26522.555057774283,0.019794650737836098,1.4939018737144867,1.0,1,0.7819384099460222,0.04375155694559484,0,32.55436157901181
B00498,personal,12,established,D,med,8000.0,0.4641390599656282,16156.842825823482,0.019151392590298015,0.10994689214762728,0.5,1,0.5302919090948298,0.1304642974016537,0,15.922882873451123
B00499,personal,18,established,E,med,4500.0,0.5998502504150256,23285.021890979653,0.00966045232677128,-1.6633974123432438,0.25,1,0.65853866335092,0.35,0,15.931927324230358
B00500,salary_advance,15,established,B,med,10500.0,0.4420272951592112,16963.41283259689,0.022800475769892557,1.3587935392421322,0.1,0,0.4906084985970758,0.04484088831114566,0,14.388839369899486
B00501,salary_advance,6,new,C,med,8500.0,0.5043649119853283,27946.2142940654,0.012783788013777863,0.2623170775420927,0.1,1,0.544319953222209,0.11401983441347986,0,2.286861785476879
B00502,salary_advance,36,loyal,B,med,7000.0,0.46319311575634603,23105.176026156747,0.01169417553388558,1.539516077354813,0.25,1,0.5259871710416566,0.05064233163777441,0,36.072745821010656
B00503,personal,15,established,B,med,14000.0,0.403539723291251,20286.4146644637,0.023207469216554092,0.6902464768688565,0.5,1,0.5499960979864966,0.07640007114913222,0,13.46472176348043
B00504,personal,24,loyal,D,med,4500.0,0.514149595833868,34765.50947423293,0.00554590170987145,-0.3732964810113417,0.1,1,0.4828516926396404,0.16284898388331026,0,23.671506227855613
B00505,salary_advance,10,established,E,med,30000.0,0.6894061633087954,64120.12730674898,0.026879475769390426,-0.5647954051752969,0.25,1,0.6530110262234571,0.20929503388806658,1,12.673789887906258
B00506,personal,15,established,B,med,14000.0,0.5312790660869763,32218.673421441774,0.019238084976179487,0.655355101449004,0.25,1,0.5982482467844714,0.0740118100668306,0,16.045853135686833
B00507,salary_advance,10,established,C,med,3000.0,0.5738926357455459,56331.8888810782,0.0025469261156726257,0.046750970589486185,1.0,1,0.7727384694595936,0.10927619759199597,0,8.399481734559002
B00508,personal,32,loyal,B,low,16000.0,0.29538544340767475,64109.87542143738,0.006143316537239801,1.336429279466497,0.25,1,0.39503847416673094,0.04798762063162659,1,32.06656601720556
B00509,personal,19,loyal,D,med,8500.0,0.64988595602011,19483.979323562184,0.02362637928677924,0.22179905713697676,0.25,1,0.7095869708980266,0.14538869805738122,0,19.048842884225365
B00510,personal,20,loyal,B,med,47500.0,0.4342926284798527,31293.703094362187,0.05493357505658881,1.4234097774482883,0.1,0,0.47635766679154196,0.04672211136859679,1,19.015152687085255
B00511,salary_advance,34,loyal,B,med,45500.0,0.6231783533210477,21296.090616448102,0.1109539131961928,1.1733044842091016,0.1,1,0.6187305669913992,0.058938040679619066,0,31.487919408911356
B00512,personal,31,loyal,B,med,23500.0,0.5473263244505296,11906.144463992023,0.09002472535285419,0.6879749937141485,0.1,1,0.5743637983353639,0.06272004051649237,0,30.98644242853015
B00513,personal,25,loyal,D,med,8000.0,0.5112238595843738,32717.601289143953,0.010416897723570856,0.025988801259725636,0.1,1,0.49741696658640067,0.14724534672778694,0,26.011471302594074
B00514,personal,7,established,D,med,37000.0,0.3904288373417447,15082.911754226841,0.07981365057930674,0.2324276140615166,0.25,1,0.39047664808210203,0.12094000075911991,0,6.21717684294571
B00515,personal,11,established,B,high,15500.0,0.7143797667543226,35114.407719807554,0.026278117501528052,1.1928527149527093,0.5,1,0.7700238582154153,0.05148231753330204,0,8.736031213046466
B00516,personal,9,established,D,med,19500.0,0.6467817787111367,11433.089917815787,0.09192793881274637,-0.05421545866331975,0.25,0,0.64754220149236,0.15098334258641202,0,9.866509679742737
B00517,salary_advance,24,loyal,B,med,6500.0,0.5938846644674233,29556.121233171885,0.010883956120246238,1.2811744436838555,1.0,1,0.7386450511616671,0.05398868539528285,0,23.298269798202504
B00518,personal,18,established,C,high,35500.0,0.7271610521668087,11340.059766132254,0.1896978343757453,0.046360076249706055,0.1,0,0.7055632596123356,0.11937845126156678,0,19.964241605785627
B00519,salary_advance,7,established,C,med,13500.0,0.567200969755141,38973.04847623441,0.016372881155643875,0.47460404274542184,1.0,1,0.7570539847493071,0.10399199916924279,0,4.278917759622569
B00520,salary_advance,14,established,A,med,7500.0,0.6097750202010739,21669.06528460954,0.017587716988252105,2.0734107569382987,0.25,1,0.6079581338929196,0.03283643741120139,0,13.398463301554338
B00521,personal,7,established,B,med,65000.0,0.46393899261097116,20549.950082694424,0.12228754164999246,1.2017300310395511,1.0,1,0.6333536845502004,0.05438939109025692,0,11.89329239577862
B00522,personal,15,established,C,med,12000.0,0.6324743854471929,49989.97019477093,0.012652025656005516,0.07940381519571835,1.0,1,0.7605571211403376,0.11945173184720645,0,10.963579847820903
B00523,personal,6,new,C,med,37000.0,0.4937322848500378,22542.02012281268,0.06753348649885776,0.2144540879360341,1.0,1,0.6276969602327451,0.11826924449980039,0,9.48266173798751
B00524,personal,21,loyal,E,med,3000.0,0.5353019704521346,28594.47885489206,0.00468011651102843,-0.3018705035509689,0.1,1,0.5523295824287239,0.19541233052560575,0,18.590366290104914
B00525,personal,20,loyal,C,med,8500.0,0.5635708540739117,24119.1421953163,0.01655100411129909,0.22702845373504685,0.5,1,0.651981451979966,0.10184212761004222,0,20.063410187307277
B00526,salary_advance,46,loyal,B,med,15000.0,0.393711288993363,35563.16999563335,0.013838448915046982,1.059397787548615,0.5,1,0.48742673440155126,0.06826162067056404,0,48.14487077292859
B00527,salary_advance,26,loyal,A,med,4000.0,0.5275028893572522,47744.526317526346,0.0036828158118697497,1.6006135895691278,0.5,1,0.6369330001796067,0.03689012080385396,0,25.390142571361384
B00528,salary_advance,13,established,B,med,15500.0,0.4854737096650251,42599.57268293848,0.01472010559787778,1.099220896910919,0.1,0,0.49363711687767264,0.06308980185574335,0,15.224189986152746
B00529,personal,25,loyal,E,med,10000.0,0.40612408447690346,20812.983688553264,0.016260846696873155,-0.7092590559045103,0.1,1,0.4117804321626397,0.2172474666243867,0,25.93935899787304
B00530,salary_advance,7,established,B,med,6500.0,0.4604103259495712,52311.72606851538,0.00476736183832627,1.3269827306786315,0.5,1,0.5571710823225426,0.046842561737246984,0,6.709926536968336
B00531,salary_advance,9,established,D,med,13000.0,0.523510516775043,16252.576845337597,0.034895167613722654,0.2612263206224471,0.5,1,0.6224941802404937,0.14263459368992126,0,8.649140557751396
B00532,personal,19,loyal,E,med,4500.0,0.6724910626860042,17883.520899212137,0.014101482025184514,-0.5869913556775379,0.25,1,0.6695601108282566,0.18058037640636004,0,14.534033444928472
B00533,salary_advance,5,new,B,med,26500.0,0.5350984174552291,25077.08087185245,0.0471217394847045,1.3363847374319215,0.5,1,0.665886635228772,0.05400696942092986,0,2.087906257771898
B00534,personal,16,established,B,med,27500.0,0.643042052033973,47845.87798779862,0.030799686365604716,1.463278996737953,0.5,1,0.7566488204539337,0.058190085026210855,0,13.428180557778763
B00535,personal,9,established,D,med,8500.0,0.6064315770943228,14135.105294527808,0.030389281967931857,0.2637469823406603,0.1,1,0.6738892363587334,0.12771035903207817,0,9.280945010350873
B00536,personal,17,established,B,med,9500.0,0.4766662040279557,43928.39844271632,0.008590359727035172,0.7087936019052349,0.1,1,0.524921288265584,0.06900087739456255,0,13.01291920429414
B00537,personal,9,established,B,med,9500.0,0.523657608323807,26105.181482733336,0.015880459345994198,0.767449208744432,0.5,1,0.5779265231130734,0.0663245422533153,0,7.497775859655231
B00538,personal,20,loyal,A,med,11500.0,0.45188980449262023,21193.43116688022,0.020433740022027302,1.7957721528122512,1.0,1,0.6458635255096974,0.031094078000717902,0,20.544668242802093
B00539,salary_advance,16,established,B,med,25500.0,0.5659098203531907,49207.11478572232,0.024438709188441553,1.078068525431725,1.0,1,0.7276537961086005,0.06340714832092088,1,15.580666057410413
B00540,salary_advance,35,loyal,E,med,4500.0,0.6034299083066055,17301.19830412765,0.013079222123070552,-0.5776882774385688,0.5,1,0.6595485275970712,0.21838997944384803,0,33.62974170666347
B00541,personal,16,established,A,med,12000.0,0.41561010865842546,94572.48765428609,0.004394619608376027,2.0098077489711277,0.1,1,0.4895765017547399,0.02414843135561591,0,14.66521568851296
B00542,salary_advance,10,established,B,med,7000.0,0.5029875653950242,24412.413118918685,0.012018861540554399,1.4156568894800428,1.0,1,0.6865980576595245,0.041717497593944226,0,9.160030880797196
B00543,salary_advance,14,established,D,med,11500.0,0.6177892023537249,29214.28080387278,0.02026570462451712,-0.15952420527276467,0.5,1,0.6786629271782484,0.14354824607526845,0,15.66102233516111
B00544,personal,7,established,E,med,15000.0,0.5227651243689216,62855.75385560442,0.010396127090644827,-1.0296250723574096,0.25,0,0.5806010371404016,0.27849670646805236,0,6.4234915089135125
B00545,personal,20,loyal,C,med,6000.0,0.5591817185333645,29636.480275501854,0.009434010269357054,0.9048134304040838,0.1,0,0.5310461759829229,0.09352055549663013,0,17.63811630686169
B00546,personal,22,loyal,C,med,5000.0,0.40314530395349485,51734.38275807941,0.0032469162871067536,0.12173996163242079,1.0,1,0.63534722414204,0.11471518364402446,0,23.793575205453898
B00547,personal,60,loyal,B,med,3500.0,0.6383879592194519,9189.004111078444,0.020262967113181648,0.7299953539989592,1.0,1,0.7994291728856034,0.07129004869347604,0,65.22805328133819
B00548,salary_advance,11,established,B,med,6500.0,0.5678178979808998,21090.366008171037,0.014583342363704184,1.0934068412782634,0.25,1,0.607488908503218,0.05218487035611155,0,9.213550089414861
B00549,personal,14,established,E,high,7000.0,0.7408453743229555,33463.26597555817,0.012914453777585357,-0.5664418879967954,0.25,1,0.7584236822721614,0.22737508109622157,0,12.38462487647946
B00550,personal,11,established,E,med,14500.0,0.5174198470574392,48765.60919016885,0.012820831297105635,-1.1161079926843374,0.5,1,0.6409617246524537,0.29785995633428053,1,14.225042320041105
B00551,personal,18,established,C,med,9000.0,0.6553525668011193,41082.318743919124,0.011964135426839603,0.38581846787197815,0.5,1,0.6836190529194897,0.09428695530871334,0,19.358143975588174
B00552,personal,20,loyal,D,med,3000.0,0.6612591964122199,39019.533525945546,0.004236719001090338,-0.1333878552769735,0.1,0,0.7093480027404601,0.14918092645936756,0,19.059186429182187
B00553,salary_advance,15,established,C,med,13500.0,0.5241333392259563,48222.539407278906,0.012227684685974804,0.4960957857323981,0.5,1,0.6456190755443241,0.08783122460049417,0,14.343794023426593
B00554,personal,29,loyal,E,med,15500.0,0.5817358655437986,34935.57078624092,0.02150841704934567,-0.9433264369622646,0.25,1,0.6258739347236406,0.2781234950969467,0,28.988695049653792
B00555,personal,11,established,E,med,7500.0,0.48026691844932573,8277.106959231754,0.03626470281334733,-0.2521827244746376,0.5,1,0.5605447867506438,0.23451533659000456,1,12.821456156008658
B00556,personal,28,loyal,B,med,6500.0,0.3838984274925021,59469.079779156484,0.003496690756451254,1.1149518910399967,0.1,1,0.4019736677304312,0.0650656564604228,0,30.555750008213074
B00557,personal,22,loyal,B,med,15000.0,0.4454753008933544,16971.38976919769,0.03281075584789998,1.0059325076467969,0.25,1,0.49020318405229885,0.06482811834245084,0,24.93329902635668
B00558,personal,16,established,E,med,2500.0,0.4822738020288424,31968.098225091933,0.003142936687961828,-0.7883579708732686,1.0,1,0.6500629446688269,0.22624408186381353,1,18.17880781445736
B00559,personal,13,established,E,high,14000.0,0.7589930485317169,29719.320008540235,0.02979515983875849,-1.1682643693180517,0.1,1,0.7939055616925216,0.2672763849171821,0,11.116760941920184
B00560,personal,60,loyal,C,med,22000.0,0.39991433062963044,27612.67514001713,0.026552163783596896,0.4157636897517922,0.5,1,0.5384238838615608,0.11472649241264934,0,60.209455450204985
B00561,personal,10,established,C,med,23000.0,0.5563627937549409,14642.413399009783,0.0728269303908433,0.5610327970194089,0.5,1,0.6142831077593597,0.10202038230935333,0,9.444778212295446
B00562,salary_advance,19,loyal,B,med,4000.0,0.5568282845645208,9262.402144858297,0.020039016368038853,1.1551751401925512,0.5,1,0.5902875943793972,0.05458762399845063,0,20.471888568383292
B00563,salary_advance,10,established,E,med,3000.0,0.613020104794305,15501.492698073273,0.009886468947446898,-0.16215984436130992,0.25,0,0.6294910145748146,0.18540264407634757,0,8.45880363270425
B00564,salary_advance,43,loyal,B,med,25000.0,0.5628654895297172,42379.97070110974,0.027669590542910353,1.0478244424866032,0.25,1,0.5784900247684411,0.06371590488086142,0,43.80281277354643
B00565,salary_advance,26,loyal,A,med,12500.0,0.5631675519643833,12141.176556260936,0.04831762917796071,2.252355471275995,0.5,1,0.6676428427248066,0.026641351457114357,0,23.8998198953808
B00566,salary_advance,11,established,C,med,9000.0,0.4967540269304901,16578.226661670415,0.022473182916436737,0.5551446873090276,1.0,1,0.6674433405879562,0.09731298676949028,0,15.950354770728048
B00567,personal,21,loyal,E,med,5500.0,0.6404517580896583,33857.833161478564,0.008669792532925573,-1.2331479358186201,0.1,1,0.6678461777148068,0.31466598173481347,0,20.317469517554255
B00568,personal,18,established,C,med,3000.0,0.5264436294854351,15289.420977129643,0.008607971980641135,0.2032003381006422,1.0,1,0.6921950285514552,0.10755591796339525,0,17.60358409219647
B00569,personal,12,established,A,med,18000.0,0.6054566013885915,19956.76565971299,0.0455076196999323,2.043956971212609,1.0,1,0.738638291161673,0.027674104418441182,0,14.755030331331316
B00570,personal,24,loyal,E,high,27000.0,0.7884477344732139,28141.533761005634,0.06303876034727317,-0.8873908131155955,0.1,0,0.8325705673039419,0.28507808361899434,0,24.85035691693317
B00571,salary_advance,20,loyal,B,med,14500.0,0.41145656791582486,31427.9689562501,0.01581956145253058,0.7797246618290221,1.0,1,0.6043671310921309,0.07316989361294615,0,18.072351413755186
B00572,personal,18,established,D,med,7500.0,0.3798128824717591,15123.811911407689,0.01569598014940893,-0.2263354330321344,0.5,1,0.4863695315368189,0.1762950080252853,0,19.51834937615953
B00573,salary_advance,16,established,C,med,55500.0,0.5998033107338789,29071.645715756727,0.09542254123716991,0.445882959275064,0.25,1,0.6268154274073064,0.08775090579193637,0,18.035977431747828
B00574,salary_advance,20,loyal,B,med,15000.0,0.6283040589781145,33502.324855440136,0.023442554423058565,0.9442521531537718,0.25,1,0.6683184274484351,0.0768734634320885,0,19.33904337046908
B00575,personal,18,established,B,med,4000.0,0.6990205003473127,13356.249902698546,0.017445528134512268,1.1399719860629245,0.5,1,0.841557070186238,0.0616855751164967,0,17.531932366383156
B00576,salary_advance,16,established,C,med,13500.0,0.6162061973601709,30277.605833233323,0.02289586487942473,0.4347832864008106,0.5,1,0.656363350519436,0.08707511979066457,0,12.42335078490435
B00577,personal,11,established,B,med,4000.0,0.6438991095141482,18140.08162966312,0.011831977434640796,1.277259557212047,0.1,1,0.6009886436685375,0.051209021500861644,0,10.425574298632421
B00578,salary_advance,41,loyal,C,med,6000.0,0.6940554135726325,28800.65328510444,0.012049299831882538,0.6323443412135175,0.5,1,0.7767307642781422,0.0999503331004652,0,41.678614403119106
B00579,personal,9,established,D,high,11000.0,0.7142749799108727,40042.371167927326,0.016351480839444786,-0.3501367739746331,1.0,1,0.8162010601214487,0.15561301856342521,0,10.77878572919578
B00580,personal,20,loyal,D,med,4500.0,0.6610592211308388,24417.55301872352,0.010152418128629662,-0.26918298303860577,0.1,0,0.6939972857625705,0.15035275807547596,0,22.990057407135744
B00581,personal,13,established,E,med,1500.0,0.5336190061393389,44461.48015451519,0.0015002284120008886,-1.8170870291201529,0.5,1,0.6242648933724079,0.35,1,12.897510383927004
B00582,personal,43,loyal,C,med,14000.0,0.5379497694918701,41562.25452985601,0.01510043359068366,0.6757814119258398,1.0,1,0.7099375496126815,0.11360707091033995,0,42.10032708659947
B00583,personal,10,established,A,med,7500.0,0.5061550598273208,44325.107330915,0.007136968897341757,2.0540002884718427,0.25,1,0.5423332090194017,0.02541215742401179,0,7.066193501535741
B00584,salary_advance,10,established,C,med,9500.0,0.5199756542391198,33580.82393861552,0.01225840657429309,0.8082354772858612,0.5,1,0.63269624383153,0.08220868725594685,0,10.861393901985442
B00585,salary_advance,9,established,B,med,6500.0,0.5156151065745571,49287.303419947995,0.005666601673894399,1.0367473541616796,0.5,0,0.534091149525977,0.06647046176776208,0,9.798707018294976
B00586,personal,19,loyal,D,high,12000.0,0.7099605842760057,33249.74633198399,0.021352360922918444,-0.01303132501445503,0.5,1,0.7476823885870137,0.13269339825684068,1,20.153141331321667
B00587,personal,7,established,D,med,33000.0,0.5050392590454849,10753.717615943946,0.1291514257651605,-0.2443333912736707,1.0,1,0.6501726944244844,0.17248076700348342,1,7.665628145839003
B00588,personal,12,established,B,med,3500.0,0.5994778724613999,17402.360532387363,0.010047356074242588,0.9846414883332621,1.0,1,0.747340235470065,0.06273065426782345,0,11.414422700937099
B00589,personal,5,new,A,med,28500.0,0.5240299569452987,23952.036088746645,0.05196097497238742,1.6586936402898202,0.5,1,0.659160143423755,0.036842662059435524,0,7.461071151966102
B00590,salary_advance,18,established,A,med,7500.0,0.399978660832778,25643.036258436056,0.009748715421257713,1.8379479357968198,0.1,1,0.4615286776061357,0.026302247938621365,0,19.629578818508747
B00591,personal,12,established,B,med,6000.0,0.42236317242691895,32753.212163606197,0.00644766031369938,0.805244629728022,0.1,0,0.40170467020741446,0.07669498133535889,0,15.279857632360658
B00592,personal,7,established,D,med,8000.0,0.3993342542530493,17260.50924697637,0.015423811218972896,0.03515057939050897,0.25,1,0.48258575739764936,0.15511759222362062,0,8.129265179986906
B00593,personal,29,loyal,C,med,6000.0,0.5861171057532094,81209.6845993035,0.003608665078833691,0.6097189142673235,0.1,1,0.6144846278083197,0.09032712853638637,0,27.84211109281081
B00594,personal,8,established,E,med,2500.0,0.6041047902277079,25429.060922297984,0.0049492651346953135,-0.7535073194282543,1.0,1,0.7599793170458657,0.269739899276717,1,8.725630930746561
B00595,personal,25,loyal,E,med,9000.0,0.5447754545375579,26789.671814585407,0.015251459358330761,-1.048167521302657,0.1,1,0.5368727023353095,0.30533747961750546,1,24.183660555927005
B00596,salary_advance,11,established,E,med,16000.0,0.4222473254527238,18603.183315946124,0.030263446012187625,-0.776798357759941,0.1,1,0.40912267579517825,0.24073527870090278,1,11.52391357642181
B00597,salary_advance,39,loyal,B,med,60000.0,0.5716359778981741,15492.987511171214,0.18448216571723053,0.7998000345219375,0.25,1,0.5795200903244978,0.070829355855405,0,40.83549002378388
B00598,salary_advance,24,loyal,C,med,39000.0,0.5272123594983881,25097.744391144548,0.06827068367842366,0.4580077385733228,0.25,1,0.6178617550733964,0.09429836024409152,0,22.316181858108745
B00599,salary_advance,9,established,E,med,6000.0,0.5523649415773942,27313.951601433466,0.010111406610759419,-1.1194417047196845,0.25,1,0.5968138244976441,0.2555835763928541,0,8.378034254540564
B00600,personal,9,established,D,med,5000.0,0.4726279323850592,25647.535059276524,0.007678254643391698,-0.037323379049736136,0.5,1,0.5483150662886359,0.14083923914330848,0,9.19815523793755
B00601,salary_advance,22,loyal,C,med,3500.0,0.5230429778456814,66858.63665134885,0.0022817426365899338,0.43156967553405506,0.1,1,0.5408616446535583,0.10480553295522266,0,21.93666600578165
B00602,salary_advance,14,established,E,med,6500.0,0.6596757713155875,25097.659072889062,0.014237358754915302,-0.8228488552840804,0.5,0,0.7239744469727002,0.3008475183140484,1,13.178621081024396
B00603,salary_advance,14,established,D,med,20000.0,0.5369404437556796,25661.28972683916,0.034873568285884796,-0.020179010620070548,0.5,1,0.6023927193588874,0.1539956960796663,0,15.737050176921155
B00604,salary_advance,33,loyal,C,med,5500.0,0.42703114172824524,42125.66749731216,0.004646160363819371,0.4290469992836558,0.25,1,0.45739366960336336,0.09158631231269171,0,31.336014031115837
B00605,salary_advance,10,established,D,med,4500.0,0.5715865302067554,24487.395483560565,0.00875327672032055,-0.2666371399244667,0.5,1,0.658696168867331,0.14316302312241969,0,7.6310288798483334
B00606,salary_advance,17,established,B,med,10500.0,0.6112094382268262,36193.56023043648,0.014776337421449166,1.2766701647759398,1.0,1,0.719997295026213,0.051360841313185766,0,16.584279062798444
B00607,personal,27,loyal,E,med,22000.0,0.6494317341538355,13313.387593391108,0.08943064547596705,-1.502901562093312,0.25,1,0.6986977901645185,0.35,1,26.124059302371553
B00608,salary_advance,25,loyal,E,med,5500.0,0.6386737218041036,13371.361714252329,0.0218919704726011,-1.2357989907109714,0.1,1,0.654414588092655,0.31374616618140605,1,25.438943384027123
B00609,personal,15,established,D,med,12000.0,0.5362062369198217,28771.258827385354,0.018636870918190215,0.0032857844490918387,1.0,1,0.7141253514590127,0.15167866103988126,0,15.911529496012342
B00610,personal,14,established,D,med,8000.0,0.4735918307939139,23685.31057343738,0.013330113878685018,0.09612718939230591,1.0,1,0.6213244138574684,0.12910707597649582,0,13.87895364330064
B00611,salary_advance,6,new,C,med,9500.0,0.4407547681875456,17240.841779456416,0.020238620747871337,0.7542151360189733,1.0,1,0.6335185446753497,0.08838360443765957,0,9.118635431375987
B00612,salary_advance,9,established,D,med,7500.0,0.4085068347828341,28767.986089018093,0.008875031117897269,-0.1889735082790941,0.1,1,0.4357373203103311,0.13250823536480077,0,10.00018376078036
B00613,salary_advance,19,loyal,E,med,11500.0,0.688962538504241,30182.122316356537,0.02187572362029536,-0.16792380509233173,1.0,1,0.8128154491265864,0.1951892670005365,1,16.081895191218702
B00614,personal,15,established,D,med,12000.0,0.6101106241323674,18206.914482863143,0.03350983082315351,-0.007316132694947453,0.25,0,0.58825487888074,0.12339630834604906,0,18.11599559102952
B00615,salary_advance,17,established,D,med,8000.0,0.58188247490319,20224.748294382,0.019180542782983177,-0.09157813534799619,1.0,1,0.7569450558082631,0.16754896931114968,0,19.030887947748194
B00616,salary_advance,29,loyal,A,med,8000.0,0.4960120821347761,30307.15499874536,0.01091078068650367,2.301071404655694,0.5,0,0.4684690470968186,0.021951188527903072,0,26.471414754701442
B00617,personal,8,established,D,med,4500.0,0.6159951964551448,15342.880767386594,0.015055725334299526,-0.3242272499251918,0.25,1,0.5980224412714074,0.17627651564214467,0,5.43475236654689
B00618,personal,14,established,D,med,3000.0,0.49640929107370496,19298.485936063516,0.00643067664373159,-0.053185151717077925,0.5,1,0.6580520349778427,0.14295532144243112,0,15.545079410950898
B00619,personal,18,established,A,med,5000.0,0.4277201266113816,36086.146864509836,0.004938646403301162,2.4754181395979424,0.5,1,0.5485360462533593,0.020517127404450282,0,20.19923374448369
B00620,salary_advance,11,established,D,med,5000.0,0.5135438207592414,26552.79206074556,0.008058534541056815,0.1552397732693131,0.25,1,0.5686308301051779,0.13431595202669736,0,13.623476659597237
B00621,personal,36,loyal,B,high,15000.0,0.7503950068086688,20692.74502268227,0.04532959534767658,0.9561568651990907,0.5,1,0.7629287765344622,0.07914805118395392,0,35.96309997076425
B00622,salary_advance,27,loyal,B,med,27000.0,0.60538666152697,16371.738654991645,0.08319947057183082,1.396309433386353,1.0,1,0.7679652536733568,0.05865313348145341,0,24.334052999914658
B00623,personal,19,loyal,B,med,15500.0,0.5321006712126984,15409.411783958498,0.044602396895635665,1.1314016437182146,0.25,1,0.5642462811493617,0.06227374464108599,0,19.09622569600424
B00624,salary_advance,44,loyal,C,med,15000.0,0.6527291404087341,25022.594737818265,0.032606987167393076,1.0394872654112524,1.0,1,0.7655536634095202,0.08117315940518667,0,43.72464267127983
B00625,personal,7,established,D,med,52500.0,0.6745926468791426,81977.23680587733,0.03600197987991531,0.19384079441050964,0.5,1,0.7657593886143913,0.12446410449952014,0,6.23558761763126
B00626,salary_advance,16,established,C,med,55500.0,0.4106544116847179,36723.88549697754,0.0517177479544787,0.4503342898371161,1.0,1,0.6217047709941247,0.11699826167785611,0,13.191435991298494
B00627,personal,20,loyal,D,med,5000.0,0.5553286478049161,12925.077124109084,0.017902170668968525,-0.1759939022337732,1.0,1,0.7573818734631214,0.16993369773924422,0,19.793428999153488
B00628,personal,9,established,C,med,5500.0,0.5489392365605218,39694.538663826715,0.006338331633502959,0.32551880283926843,0.5,1,0.662977792801007,0.10348654684779993,0,4.642718555362338
B00629,salary_advance,19,loyal,A,med,8000.0,0.5089221070257601,17722.891103154172,0.019143682749563226,2.778645837424592,0.25,1,0.5805064701420816,0.015755825539253,0,13.489186179845994
B00630,salary_advance,8,established,B,med,48500.0,0.4747428997309566,26831.408597129448,0.07151143579113325,1.5606819089635575,0.1,1,0.5045118799888182,0.04516984143422835,0,9.79102536811076
B00631,salary_advance,24,loyal,B,med,4000.0,0.508490948786423,19460.200668544538,0.008709929862274366,1.0539180222246367,0.25,1,0.5876067223106547,0.06293441992169602,0,24.16436815270153
B00632,personal,29,loyal,B,med,10500.0,0.4639623789259958,81839.48821149323,0.004960528107301065,1.25582979810599,0.1,1,0.4498064311001431,0.05702624498412573,0,30.28036119629795
B00633,personal,19,loyal,E,med,7000.0,0.6898588800030391,14418.1145311683,0.027910562031661493,-0.4691759087306522,1.0,1,0.826169147988417,0.21901836780700842,0,18.862703651078174
B00634,personal,5,new,E,med,10000.0,0.4557727045047514,31967.87402798571,0.011881008626184972,-0.6105121541997187,0.1,0,0.46326898612416273,0.216773203956515,0,5.045518472931478
B00635,personal,9,established,B,med,15000.0,0.4774025717933749,18454.654750738217,0.03233618958479012,0.9478498441840553,0.5,1,0.5237412193578717,0.045336108607986765,0,9.755671580924588
B00636,salary_advance,22,loyal,A,low,31000.0,0.2978287142881315,40390.72440517154,0.01904870131880647,2.2371671934581916,0.5,1,0.4361762906197866,0.03077328551750968,0,24.358356479582923
B00637,salary_advance,16,established,E,med,7000.0,0.48587068808323497,31615.399317102867,0.008964763190425072,-0.420866172095378,0.25,1,0.48802949905121423,0.18438710523963028,1,17.329229618763033
B00638,salary_advance,3,new,E,med,17500.0,0.6200352440115976,53637.51212657292,0.01685794192038253,-0.48358830942315717,0.25,1,0.6358817876193401,0.18057717524217717,0,4.524859475293235
B00639,salary_advance,32,loyal,A,med,5000.0,0.4755832734496553,39933.25790194701,0.004962272243282914,2.9313757938785363,0.5,1,0.5573779136468558,0.015,0,32.22939594244632
B00640,salary_advance,17,established,C,med,22000.0,0.5140807028446049,18371.50996418807,0.05130124254270002,0.4462612497689724,1.0,1,0.6988057948256953,0.09710714392280129,0,18.362750426895794
B00641,salary_advance,10,established,A,med,18500.0,0.5830447075093012,133774.5792065672,0.0067192182257253515,2.173361972700379,1.0,1,0.6899757974210867,0.023390204652609613,0,9.89898955156561
B00642,personal,28,loyal,C,med,6000.0,0.6662293929763987,36515.21761010682,0.009122626627754194,0.6068573172757925,0.25,1,0.7015188526678027,0.08118307221495354,1,30.331426610915234
B00643,personal,11,established,C,med,53000.0,0.547201673978095,19873.37009069444,0.12161034501817614,0.2461802823254352,0.25,1,0.5688397628703233,0.10797714400182402,0,7.93947817898421
B00644,salary_advance,11,established,D,med,35500.0,0.5907324223253869,30123.08848698091,0.058014748945853796,0.04450911234010252,0.25,1,0.6495400635895032,0.14699443759599257,0,9.219559110907674
B00645,salary_advance,20,loyal,B,med,28500.0,0.4477774554200662,38061.497837877905,0.02794087245731868,1.6925551415102285,0.25,1,0.49087036765485365,0.050492560627882585,0,21.732153823533764
B00646,personal,43,loyal,B,med,50500.0,0.5516213670428812,37273.46518805232,0.062280407109816145,1.7577775503039996,0.5,0,0.5591872759365379,0.04027077459629642,0,41.993074325243114
B00647,personal,40,loyal,E,med,6500.0,0.4858189018943771,35341.5800095203,0.00744595756957951,-0.635002230140867,1.0,1,0.6506698225543684,0.25126849550504776,1,38.58440469380729
B00648,salary_advance,20,loyal,C,high,5500.0,0.712759243461394,45778.28745488834,0.007136162973368755,0.39754944777956325,1.0,1,0.8149706527080196,0.10024290558692575,0,20.742152740716694
B00649,personal,21,loyal,B,med,6500.0,0.6188705008428953,43368.734414730694,0.007729566606307047,1.3150785243742205,0.1,1,0.6003618753046651,0.05204901429324831,0,25.173321652368664
B00650,personal,25,loyal,D,med,21500.0,0.43567743264558956,16879.220844275827,0.04624554300767574,0.2704513622156721,0.25,1,0.47111162649271604,0.12282873224282649,0,25.879519596517785
B00651,salary_advance,8,established,D,med,19500.0,0.49455870169405547,85770.44456588975,0.009369869706521828,-0.14338546853321021,0.5,1,0.5915231559408932,0.14466703482315993,0,6.819446319716417
B00652,salary_advance,23,loyal,A,med,72000.0,0.5303031625597043,79450.40739583665,0.04004786230366088,1.7595421538694018,0.25,1,0.4942090151921549,0.03358641088756139,0,26.268855809224604
B00653,personal,10,established,B,med,25500.0,0.4833657106890955,41794.94559333863,0.024575989288476017,1.103453204712511,0.25,1,0.5532574570039643,0.0685134017682835,0,7.123798341583331
B00654,salary_advance,19,loyal,D,med,13000.0,0.6078558059000547,27481.90850600944,0.023961598454769986,0.3003579093278614,0.1,1,0.586282336717705,0.13104389031209734,0,19.052214221282025
B00655,personal,14,established,D,med,5500.0,0.5213768225411479,27742.955622052097,0.008613515454282747,0.2123665279879456,0.1,0,0.5051432704797993,0.12234592847528393,0,12.670212444459402
B00656,salary_advance,21,loyal,D,high,4500.0,0.7238056483615863,22514.83226674036,0.01205548035712244,-0.458474795904233,1.0,1,0.8236505765561134,0.16944440343754205,0,20.934486606462933
B00657,personal,17,established,E,med,6000.0,0.6139857143100457,24175.34705757478,0.012698591520688583,-0.895480910478699,0.25,1,0.617930202184041,0.25290469857733294,0,20.27541921798812
B00658,personal,3,new,D,high,11500.0,0.7810097118699523,8080.981135514431,0.0926208869926276,-0.22583476786662002,1.0,1,0.8834243168601894,0.13892586991328476,0,2.056489711116191
B00659,personal,18,established,D,med,5000.0,0.6239508038169562,62420.24239464162,0.0041649870557490185,0.03140678757984353,0.5,1,0.7467878159614484,0.13998489754596885,0,16.157646374061216
B00660,personal,23,loyal,E,med,30000.0,0.4635791201377643,51410.592135888415,0.022542977083031473,-0.5668760917306345,1.0,1,0.667644853693467,0.2175766337879646,0,20.881850856306873
B00661,salary_advance,21,loyal,D,high,12000.0,0.7495648537161004,10698.108874859356,0.0700651734324357,0.03402607527442458,0.5,1,0.7714382276766323,0.13359626214743672,0,20.925761332654194
B00662,personal,15,established,E,high,3500.0,0.7207247191859704,43892.26348742972,0.004789258054313914,-1.0650443699555594,0.5,1,0.760178063926351,0.29766211558015654,0,14.798963086217169
B00663,personal,40,loyal,B,med,24500.0,0.5653738246673713,26789.276763515732,0.04308831859176065,0.8550598569132106,0.1,1,0.6383325054337325,0.07840156575152378,0,39.6473930719192
B00664,personal,19,loyal,E,high,7500.0,0.7044957879838186,24113.439589896796,0.018259936159185287,-1.5676391966918999,1.0,1,0.845029151771024,0.35,0,18.824085560603084
B00665,salary_advance,20,loyal,D,med,11000.0,0.45937608157992466,35279.69375644722,0.011935895599187592,-0.26157722956019613,1.0,1,0.6718376083232975,0.14705493752599552,0,22.499412332380086
B00666,salary_advance,29,loyal,E,med,6000.0,0.44782574597279273,10316.161744422297,0.021705056447710383,-1.112941547832321,1.0,1,0.6111523673624314,0.29069946956207465,0,27.736676015665765
B00667,salary_advance,20,loyal,B,med,10500.0,0.5096231114973468,26737.248572588946,0.01667786501477704,1.1690206038579807,1.0,1,0.6583390366875878,0.061100346757213236,1,22.64624682650362
B00668,personal,10,established,E,high,1500.0,0.767976089112285,28105.333659001768,0.0034156154238819737,-1.8027335500547015,0.5,1,0.8359710804225121,0.35,0,9.785431791512531
B00669,personal,4,new,D,med,7500.0,0.6206042904426367,28120.297640155975,0.013793512660860173,-0.3182708014644597,0.1,1,0.6792201176477024,0.17217951779747165,0,-0.004754562337557999
B00670,personal,12,established,B,med,17000.0,0.6590511125459749,12681.263027722676,0.07362482275877312,1.6395240157474233,1.0,1,0.7663780434859382,0.0426570395527201,0,15.715848027281066
B00671,personal,24,loyal,A,med,76000.0,0.6066251568367947,34399.72263547058,0.11168576465995905,2.073433981270902,0.25,1,0.6100703755010733,0.03134978697987971,0,23.162165496263775
B00672,salary_advance,13,established,E,med,22500.0,0.6460290486048121,48189.58740861313,0.025136228203471216,-1.4559075691788212,0.1,1,0.6806909380618891,0.35,0,14.638440859899008
B00673,salary_advance,25,loyal,B,med,4000.0,0.6349504054644759,33658.88376885404,0.006288091328526883,1.0484096016309556,1.0,1,0.757851427920512,0.07454469226710977,0,24.509488683257274
B00674,personal,17,established,E,high,37500.0,0.7529943221768344,23716.982906857196,0.09921612989493124,-0.9889712963804547,0.1,1,0.7063884284085764,0.31452503040119545,1,16.68743234071555
B00675,personal,33,loyal,E,med,4000.0,0.6057545602062206,118062.84325089878,0.0017102602408643054,-0.793136035710258,1.0,1,0.7239311616735696,0.28520722391051073,0,34.4741789646861
B00676,salary_advance,13,established,D,med,3000.0,0.5355049345711623,16179.234337024136,0.008274571642517823,0.23653004560992597,0.1,1,0.5202416139825449,0.1264978019935327,0,15.755838790395632
B00677,personal,21,loyal,B,med,17000.0,0.5099481901577136,41167.24583950465,0.01754857746714203,1.6282911569331255,0.25,1,0.5348532498669636,0.05572298270277712,0,20.275657198218862
B00678,personal,21,loyal,B,low,43500.0,0.2922581323359046,30754.774766025905,0.0344478455061875,0.9996588742203582,0.5,1,0.3838249259815907,0.0605399106219055,0,20.485071750464694
B00679,personal,37,loyal,E,med,32000.0,0.6163261478797886,81370.82905302115,0.020198103097550796,-0.31514092848288067,0.5,1,0.6580472201912431,0.22907907221069834,0,35.22026239074728
B00680,personal,6,new,C,med,23500.0,0.6055505511849236,33280.01676706544,0.0356330899020871,0.7050339974100025,1.0,1,0.7995626663647821,0.09245392075326356,1,5.015447933618699
B00681,personal,12,established,E,med,3000.0,0.68338258113192,37445.25897290511,0.004562544096880238,-2.2437083318816793,0.1,0,0.706066775947473,0.35,1,12.823833091869304
B00682,personal,26,loyal,D,med,4500.0,0.6173934134015803,35530.413956943856,0.006516178795613081,-0.35294579843324037,0.5,1,0.7526851095876973,0.1753750671908873,0,26.894844814071533
B00683,personal,38,loyal,E,med,2500.0,0.5871471081929971,15031.790576160118,0.008137574401872868,-0.4238915447012507,0.25,1,0.5937492980864797,0.21198176367567423,1,41.06161998903573
B00684,salary_advance,18,established,D,med,9000.0,0.3541648910196453,16682.503434370054,0.015922290638794894,0.42832069173893117,0.1,1,0.3197659151735322,0.12455047264863524,0,19.4839191629875
B00685,personal,13,established,D,high,7500.0,0.7245122603452673,23118.366515652237,0.019587031047769363,-0.20282796365999967,0.1,1,0.7406079094961863,0.1429869195138217,0,12.732608784219334
B00686,personal,24,loyal,C,med,3000.0,0.5178440533823686,45549.756168107175,0.0028421889431811623,0.25852890638011516,0.25,1,0.5219114310533838,0.11463482836298511,0,20.823091016312866
B00687,salary_advance,26,loyal,B,med,9000.0,0.4752310549625282,30583.11096368842,0.011654252297782278,0.5752804698938614,1.0,1,0.6850235713103168,0.06848635546959667,0,25.870930475081078
B00688,salary_advance,13,established,C,med,8500.0,0.6769546778903431,24011.683714790262,0.019969843397957994,0.37240724098908695,1.0,1,0.821108860139815,0.10495934084324858,0,13.538903219363394
B00689,personal,19,loyal,B,med,15000.0,0.6180591598287024,57222.92539059217,0.013501126419392993,0.9401309669582237,0.5,0,0.5990617189507037,0.06171582092363138,0,18.085727285200758
B00690,personal,31,loyal,C,med,9000.0,0.5676832038559209,9042.252851299772,0.04708587670502266,0.5493310261023828,0.1,1,0.5368084378239555,0.09115638212108455,0,30.93261407836254
B00691,salary_advance,46,loyal,D,med,5500.0,0.6251505281153771,13191.11701210901,0.021721232942076993,0.4656481833954416,0.5,0,0.6505105346155946,0.14713453383025568,1,46.80461741422985
B00692,personal,24,loyal,C,med,14500.0,0.4174034881533776,6814.923458334486,0.0740085418814951,0.8017482798047821,0.5,1,0.5323704722683743,0.09763214085201409,0,21.28932263519044
B00693,personal,16,established,B,med,14500.0,0.5186613126777674,52290.54123140592,0.011985260394332288,0.8261235436527639,0.1,1,0.5437453068331088,0.0619124412070844,0,20.80067690001008
B00694,salary_advance,15,established,D,med,4500.0,0.6978277205916065,25509.357394585986,0.010258407970613621,-0.20602589072262933,0.1,1,0.7060660906959582,0.17631481985797073,0,18.466521242577016
B00695,personal,22,loyal,D,med,3500.0,0.48482115466211256,45773.49442725697,0.0030892587922144526,0.34059726932732426,0.1,1,0.45473198460296765,0.12242454965819508,1,25.011726048821664
B00696,salary_advance,15,established,B,med,48000.0,0.40004150347463746,25334.13353051069,0.06316245282166133,1.5119065630465864,0.1,1,0.41649148158341603,0.04165425300122298,0,16.993102026808273
B00697,personal,18,established,E,med,8500.0,0.6336840818360491,47228.415686761386,0.009504014721650326,-1.1027606772673566,0.25,1,0.6426635882453648,0.30239745683465086,1,21.003530141355107
B00698,salary_advance,9,established,A,med,7500.0,0.48276801082152104,25091.545258985047,0.012025166391671473,2.154702196255944,1.0,1,0.6774576451641782,0.026854517460644437,0,9.290244550264921
B00699,personal,33,loyal,E,med,6000.0,0.671573419097572,33706.67890526501,0.009962022971546323,-0.9391549747395754,0.25,1,0.663657387125041,0.23081588973781422,1,30.495294304229535
B00700,personal,8,established,D,med,11000.0,0.4453067874372281,31099.045921957684,0.013125736702935797,-0.3453646112047366,0.1,0,0.4564064365561452,0.1596090941265572,1,6.992783625186098
B00701,personal,12,established,E,med,4000.0,0.36831966031124996,32394.34046247126,0.00378995893575862,-0.950189996876012,0.1,1,0.4130584211978866,0.27557987467451894,0,9.6998526723202
B00702,personal,17,established,A,med,7500.0,0.5629231514887149,67955.30380878726,0.0051773290672118555,2.187926996869377,1.0,1,0.6839318017868077,0.025460729564216897,0,19.680416193960543
B00703,salary_advance,49,loyal,C,med,37000.0,0.4461072817613524,11010.080241182362,0.12493073819322044,0.24664997115284815,0.25,1,0.5458821671897394,0.10755746301800398,0,45.74079428397123
B00704,personal,13,established,E,med,7000.0,0.5306696736661549,25910.12645960437,0.011947348467064065,-0.5008411565285328,0.1,0,0.5280722243040435,0.1834057481989314,0,13.031079694200269
B00705,personal,11,established,E,med,4500.0,0.3713698663106227,29998.209268056147,0.004642400438708175,-0.37074873993991914,0.1,0,0.32855269828655403,0.18267466203356103,1,12.244444972300265
B00706,salary_advance,12,established,C,med,22000.0,0.6455559471222104,27627.249288585142,0.042838837266354936,0.44560280789395024,0.25,1,0.7072421959466049,0.11447342746502492,0,11.970601668392195
B00707,salary_advance,40,loyal,C,med,9000.0,0.5813090276863075,21615.4394718698,0.020169923971803335,0.42155822109548896,0.1,1,0.6209076703330864,0.10249567345022621,0,39.3910819884242
B00708,personal,3,new,E,med,10500.0,0.6264714044277311,20048.42835893596,0.027341917733413674,-0.4828868046223994,0.25,1,0.6452317854220536,0.2411954577262704,0,2.534206950502184
B00709,personal,9,established,E,high,3000.0,0.7360937431498448,62411.701478808456,0.0029485406009952366,-3.5292099530237375,1.0,1,0.8254607106524169,0.35,0,8.164101487123249
B00710,salary_advance,60,loyal,B,low,3500.0,0.33055430361993154,25876.83384510278,0.0037257908933628183,0.8071598360018273,0.1,1,0.3028532804755289,0.0789194782974786,0,60.247995283903386
B00711,salary_advance,22,loyal,B,med,6000.0,0.4325363316086132,102833.9256534027,0.00210308188110244,0.7678066214866448,0.25,1,0.4776545421145198,0.07545397659772043,0,20.034920034909803
B00712,salary_advance,8,established,B,med,67500.0,0.45941370448548424,35973.98230864768,0.07183530768317635,1.3885687974123937,0.5,1,0.5869588731651444,0.0525460037181295,0,6.9348730148313305
B00713,salary_advance,16,established,A,med,17000.0,0.4179887203692601,22941.194015404722,0.02581167688099248,1.6590609482794019,0.1,0,0.4313770780262051,0.03464173948421104,0,9.516654364243248
B00714,salary_advance,17,established,D,med,21000.0,0.5368541861134928,36460.084369372344,0.025767763348562588,0.16229193860820246,0.25,1,0.6041239964660257,0.1612659934832682,0,18.317288431541094
B00715,personal,26,loyal,B,med,4000.0,0.5344107166429238,28564.303239082798,0.0062363469557313546,1.2162290816739554,0.1,0,0.5762619696085082,0.04363055498331441,0,28.703764936004823
B00716,personal,45,loyal,E,high,10000.0,0.7000678395451374,56280.286217639434,0.010365794232666281,-0.7015687804448064,1.0,1,0.79492555808651,0.27962056629454546,1,42.335186558898634
B00717,personal,20,loyal,B,med,10500.0,0.3686666673729716,14154.002486851,0.02279096207952687,1.1673423426961045,0.25,1,0.44010484012757684,0.058483747183079665,0,19.044123645024822
B00718,salary_advance,12,established,D,med,11500.0,0.579075194132352,9990.078296725838,0.0555498209884284,-0.22247579913457693,0.1,1,0.6234193304279366,0.17828182723625827,0,13.451943142686218
B00719,salary_advance,25,loyal,E,med,7000.0,0.659907956196264,32811.67104964129,0.011731993387315223,-0.43469746813005483,0.1,1,0.6362581421475629,0.22612395030900545,0,27.643422442040155
B00720,personal,11,established,E,med,11500.0,0.48710484697835305,42600.98882887605,0.010957698976488859,-0.1855886782040505,0.1,1,0.5170184530320736,0.1804058269958376,0,14.126709921795284
B00721,personal,9,established,B,med,4000.0,0.48359379115924994,31484.416788817158,0.005119927469759324,1.4004724471977792,0.1,1,0.5328164183001698,0.043111148468353365,1,12.329323335582872
B00722,personal,6,new,D,med,3000.0,0.6050610078888696,38943.27380420675,0.0038842459093892962,0.1810055367308467,1.0,1,0.78645473593804,0.13425594825287013,1,5.605934134404588
B00723,salary_advance,6,new,B,med,29000.0,0.48732365681334877,35917.87187775774,0.03278865856270901,1.84648814767838,0.25,0,0.4917013697477635,0.04354687529697336,0,5.095600116164975
B00724,personal,10,established,E,med,4000.0,0.6658227433294841,11917.699089336425,0.018622798979859037,-0.7487327138158041,0.25,1,0.6963134775563008,0.21472582373019836,1,7.876294362124401
B00725,personal,8,established,C,med,4000.0,0.5307941208864205,31403.726308280467,0.005634088512042406,1.04785110454799,0.25,0,0.5372513872990436,0.08526197305888682,0,7.938582274690657
B00726,personal,19,loyal,D,med,33000.0,0.550387446833161,55505.054350386024,0.02726896670051934,-0.25216003723694536,0.25,1,0.5682065420246993,0.17831454070440622,0,20.037678594847037
B00727,personal,8,established,C,med,5500.0,0.43876265727917024,29568.705226049875,0.006801094255415195,0.22532867148920316,0.5,1,0.4968237557939402,0.11339587735066765,0,9.509441687910712
B00728,personal,2,new,D,med,7500.0,0.5959315503235006,13088.941505168907,0.028455870079723573,-0.133317171340585,0.1,0,0.60707327534713,0.1393530405017082,0,1.9956910170662507
B00729,personal,9,established,C,med,23500.0,0.5455021605753815,22390.198722320027,0.0477117276942788,0.6614917339241726,0.5,1,0.6045599189615694,0.08349651043348844,0,8.466722172136015
B00730,personal,12,established,C,med,13000.0,0.45277923909397527,36541.950243374675,0.013423225610153083,0.25074061991132746,1.0,1,0.6097624263593661,0.09059254809685086,0,10.333310652982638
B00731,personal,11,established,E,med,2500.0,0.6584608658498831,72228.98188877967,0.0018992285847707477,-0.7391845378218174,0.5,1,0.7210812861251554,0.2254856245028857,0,13.212659855161519
B00732,personal,37,loyal,B,med,10500.0,0.6319342861012106,9172.90817728798,0.06027995589312001,1.2803069520925638,0.25,1,0.641682485167506,0.05080111745287469,0,36.00507127255196
B00733,personal,11,established,A,med,11500.0,0.4235671411664515,32816.20297395459,0.012369453912955238,1.7316565943253943,0.25,1,0.5106434437885626,0.03127777425195962,0,9.608459234826105
B00734,personal,26,loyal,D,med,7500.0,0.5063492130194062,16111.455889145367,0.01964243705314926,-0.18380342225611834,0.5,1,0.5900458202572378,0.1777611233269567,0,25.646177154836668
B00735,salary_advance,16,established,E,med,7500.0,0.5725163834701122,35569.71679434582,0.010059757904108471,-1.4852320764450324,0.1,1,0.5997000567085093,0.35,0,13.128463703021673
B00736,personal,16,established,C,med,56000.0,0.3771614468512252,37171.855912721956,0.04734998317288752,0.4993195683537887,0.1,0,0.40889458927168437,0.08949710382270691,0,13.028093977047591
B00737,personal,10,established,D,high,4500.0,0.757270117366934,23665.392570427644,0.011999644340041839,-0.33118039405214905,1.0,1,0.8115109471379562,0.17260210217100214,1,8.995507665137103
B00738,personal,15,established,D,med,5000.0,0.530378617206307,38077.527635538354,0.005803714269945758,-0.13110285595529653,1.0,1,0.6957557869462118,0.16310609173781238,0,17.25594663341475
B00739,personal,10,established,C,med,13500.0,0.4552106992893693,50359.504253968684,0.010169123868215649,0.556177755731012,0.1,0,0.46876674173574584,0.0943392114786934,1,8.862136214109846
B00740,personal,18,established,D,med,7000.0,0.47693762865376194,24575.01516282088,0.01132099471236946,-0.4563924298255985,0.1,1,0.49881867332422436,0.17987233058176758,0,17.91744362661636
B00741,personal,14,established,D,med,18500.0,0.5430169754560575,12894.57363057052,0.06492274924934573,-0.2688519713436714,0.5,1,0.6109720986052496,0.17470705573021275,0,12.40688394125308
B00742,salary_advance,9,established,C,med,5500.0,0.4857522798244116,58927.61183711573,0.0037781348105806046,0.2498804830634136,0.1,0,0.43167791592647686,0.11711901111790349,0,9.294957585017919
B00743,personal,28,loyal,A,med,4500.0,0.6244757776017701,42437.26609242199,0.005518225799245841,1.869753937985016,0.5,1,0.7194096174136578,0.027646763528059552,0,26.840613369015728
B00744,personal,20,loyal,C,med,13500.0,0.4220104751328235,36682.90190753781,0.012942318078354366,0.4300696041135816,0.25,0,0.4290635271699884,0.09895991583828222,0,20.932801971242174
B00745,personal,12,established,E,med,34500.0,0.48500335268726164,18397.468322916146,0.0757922021933318,-1.2356735808149601,0.1,1,0.48520798129554665,0.3401161369874575,0,11.991783031924088
B00746,personal,17,established,E,med,2000.0,0.6827109819716675,46258.0013834064,0.00245979420336049,-1.1958784811411152,0.25,1,0.7387692624564612,0.3323262359895873,0,17.28564180232791
B00747,personal,15,established,D,med,20500.0,0.5494267785341198,82729.71306178522,0.011345428930652861,0.13922992165960119,0.1,0,0.5407207665558164,0.1242440060911461,0,15.698367203553165
B00748,salary_advance,10,established,E,med,6500.0,0.5887258024288152,25166.759073656423,0.012671204188388316,-0.779428000690979,1.0,1,0.7345646614717369,0.2619282791158174,0,8.26802000307357
B00749,salary_advance,17,established,E,med,2000.0,0.678858789610949,28338.34135482004,0.003992581294197038,-1.212303486924161,0.1,0,0.6492213373339454,0.28566436408899964,0,18.36174750738353
B00750,personal,11,established,B,med,9500.0,0.5493140127787822,14975.115569759044,0.029039748736768282,0.6355359909340106,0.5,1,0.6179004973254153,0.07709031184762588,0,10.637742890046846
B00751,personal,9,established,C,med,6000.0,0.5298262059517087,18110.585836636885,0.01462752808580865,0.6844984028686446,0.25,1,0.6384986672234364,0.08169686744284949,0,4.427775728910295
B00752,personal,6,new,E,med,11000.0,0.4509676732871232,14898.068274012821,0.02774769360988994,-0.36813653389385326,0.25,1,0.48770240884809024,0.2205525941721161,1,7.964367600350135
B00753,personal,13,established,C,med,5500.0,0.3886496780939415,28910.276277789784,0.006161515052575675,0.29365929115170897,0.5,1,0.44516914704307026,0.11659033562109829,1,12.935595238649876
B00754,salary_advance,22,loyal,B,med,10000.0,0.4532505960967708,22305.121081659665,0.016933726954354557,0.9381216441955006,0.1,1,0.5150259088364746,0.06668838927837303,0,22.091335861263154
B00755,personal,11,established,C,med,6000.0,0.43325023400099305,33025.6608954472,0.006559296956578382,0.6024193859690855,0.25,1,0.4882929683045377,0.11101295290264031,0,11.477273457299491
B00756,personal,60,loyal,B,med,25000.0,0.5469965680709193,16472.614264163945,0.06918004423622191,1.0047499039397993,1.0,1,0.7094144875897573,0.06314598606777772,0,58.97603868153372
B00757,salary_advance,26,loyal,E,med,19000.0,0.48347659992457903,24534.704333067762,0.031200890222895673,-1.855788587527226,0.25,0,0.45686288685936166,0.35,0,28.473235428000525
B00758,personal,33,loyal,C,med,8500.0,0.514039114143972,15923.560377974489,0.02286618259625861,0.15950104151760572,1.0,1,0.6718029167324424,0.11792082926810296,0,28.458527478645998
B00759,personal,25,loyal,B,med,10000.0,0.5059099041677327,29826.852809444197,0.014134631953960416,0.9179041881781331,0.5,1,0.5733555651163775,0.06111257840561703,0,24.30291196655655
B00760,salary_advance,45,loyal,C,med,54000.0,0.5466387746307851,10962.346507975328,0.22439306074196114,0.3395434089609855,0.1,1,0.5928224605482691,0.10778523453871978,0,45.059794011182746
B00761,personal,10,established,D,med,5000.0,0.6037306861472045,29242.19762490989,0.008602446908677246,0.03620263925982666,1.0,1,0.7537404629558314,0.13375767970792057,0,7.693418479217694
B00762,personal,4,new,C,med,22000.0,0.5141085460060296,23079.460535432227,0.04083857735311386,0.4006999816780775,0.5,1,0.5865290965337655,0.09434048708891916,0,2.7485596888003423
B00763,personal,12,established,E,med,8000.0,0.5034229940466953,29718.655202675214,0.01129308601198927,0.0809252332521623,1.0,1,0.6663051702432395,0.18565555333587222,1,12.26205316307368
B00764,salary_advance,22,loyal,A,med,31500.0,0.591823439365147,10842.765145721996,0.14327862933990207,2.2579194172348664,0.5,1,0.6276167506879513,0.024808742079247787,0,21.58445329611537
B00765,personal,17,established,B,med,6500.0,0.4836989301157063,38564.738233100026,0.006793864010235405,1.1269862522811211,1.0,1,0.7074106800751955,0.06366723422680497,0,16.077708858298465
B00766,personal,19,loyal,C,med,5500.0,0.6855881558777598,22826.8193074083,0.013765733216950024,0.28143584702856606,1.0,1,0.7824229294978529,0.10827317923875988,0,23.48067726096683
B00767,personal,34,loyal,C,med,5500.0,0.524047348691887,30315.42668490559,0.00792297501357752,0.20195382927522137,0.25,1,0.5170373857355812,0.11321527452977809,0,34.28638237181781
B00768,personal,20,loyal,E,med,1500.0,0.6761294713719072,9618.649569427485,0.008786699558129229,-2.4503241052013647,0.5,1,0.7182553811912694,0.35,1,22.647825437336365
B00769,salary_advance,25,loyal,C,med,5500.0,0.5304951175462198,13581.94611213107,0.017901970272496324,0.4234978031094741,0.25,1,0.5546818191631245,0.0823113322551452,1,26.539419862074443
B00770,personal,9,established,E,med,33000.0,0.656613168481449,21707.545791015396,0.08318242102114305,-1.3532688927105265,0.1,1,0.7020549938376377,0.3055193653883443,0,5.751546337918152
B00771,personal,9,established,C,med,5500.0,0.5142887318186743,57326.88994780678,0.004111781904876277,0.2212295420006227,0.25,0,0.5543139706076203,0.116588406187133,0,7.86183496539902
B00772,personal,39,loyal,C,med,3500.0,0.5527238213633252,35954.130118846915,0.004483799608874347,0.5528707111200017,1.0,1,0.7321317122576647,0.11231764389148333,0,35.89544550286277
B00773,salary_advance,17,established,B,med,6500.0,0.6649935775647622,28895.214517647935,0.012465899995109875,1.0458557560267776,0.1,1,0.6350357296681242,0.06036086497573058,0,14.834387453898064
B00774,personal,11,established,B,med,11000.0,0.6071891101304238,16181.607046916528,0.03439646111821852,1.3966704719481913,0.1,1,0.5499665154923165,0.050943692917235384,1,13.10186877822023
B00775,salary_advance,11,established,C,med,8500.0,0.6524234676210549,14640.60742920801,0.0315651718550255,0.3237305703280316,0.1,1,0.6728213976163863,0.11194642319791931,0,11.94097890426648
B00776,personal,11,established,A,low,4500.0,0.3396642988915658,31324.64212227484,0.00406625913193632,2.280416311923196,0.25,1,0.38671395891388366,0.028088210840236095,0,8.081306337954842
B00777,personal,11,established,C,med,21000.0,0.4357071916360304,39552.29953577587,0.01927795840728217,0.2324514452199039,0.5,1,0.502491813132209,0.09662570368174354,0,12.068320975550222
B00778,salary_advance,8,established,E,med,15000.0,0.6407001413175464,30180.030888793524,0.026536592344718727,-0.9602163937166329,0.5,1,0.7263068461546379,0.294542840492404,1,6.494133614994161
B00779,salary_advance,7,established,D,med,4500.0,0.6503752881130358,68889.32184060292,0.003540327100427933,-0.21207187511011982,0.5,1,0.701627096107102,0.16116656739593968,0,10.000933996512202
B00780,personal,14,established,E,med,18000.0,0.5378397124683758,18483.72792177263,0.04364701601954729,-0.37274670030782203,1.0,1,0.761360425757584,0.20678205173295927,0,18.731037381182556
B00781,salary_advance,11,established,B,med,10000.0,0.4527517955545862,29692.609855856284,0.012706635246741085,0.9421271511533786,0.1,1,0.5258183950358517,0.06158925093769164,0,10.34503986598402
B00782,personal,30,loyal,E,high,7000.0,0.719928489751896,10601.533100275468,0.0396129768889458,-0.5472499002293006,0.5,1,0.7664039409942272,0.20896447375980523,0,30.94655775979734
B00783,personal,19,loyal,D,med,36000.0,0.6280785907668252,30214.434004968614,0.062362107196534684,0.102024117190604,0.5,1,0.6389328160834371,0.12987137519468364,0,20.445286120986637
B00784,salary_advance,19,loyal,B,med,40000.0,0.6398087426950312,60364.42783782336,0.03533034082114044,0.5889597192039133,1.0,1,0.7741517992573406,0.07936683414883534,0,20.91559683836959
B00785,personal,10,established,D,med,7000.0,0.5433538495698823,15171.44185900866,0.02089164729329218,-0.44812080765554363,1.0,1,0.6878957825190186,0.16642772701983474,0,10.391579391403242
B00786,salary_advance,15,established,B,med,10500.0,0.46120307343285677,42752.0466502731,0.009439377079533847,1.1614153816797184,0.1,0,0.4607032591501387,0.053440508481746786,0,14.161920107540638
B00787,personal,20,loyal,B,med,6500.0,0.612034922207941,59431.036001128974,0.0055782119663818465,1.0413213884653558,1.0,1,0.7636827528412448,0.06503195967639012,0,21.761796937106958
B00788,salary_advance,24,loyal,A,med,12000.0,0.45548973702827517,18410.16016061916,0.02474121534274346,1.9165671351039588,0.5,1,0.5933969212900155,0.028123617927202457,0,22.0890410447941
B00789,personal,15,established,D,med,11000.0,0.5228719884764326,34780.66235087538,0.013780626657847416,-0.33102518111119955,0.25,0,0.5130719071497378,0.1724817638601111,0,13.248623096480712
B00790,personal,29,loyal,A,med,4000.0,0.40366943982418785,64138.331509243166,0.0020979105127174164,1.6025275676479018,0.1,1,0.3961207272680705,0.030917780000790682,0,31.431930009434435
B00791,personal,16,established,E,med,23000.0,0.5905910179212792,30539.0459599955,0.037066191234829876,-1.3639970859770458,0.1,1,0.5848555339544914,0.33265528231005326,0,15.678621739881171
B00792,personal,25,loyal,E,high,9000.0,0.7011179347708546,41468.66034950212,0.012680381923272192,-0.9883843009898571,1.0,1,0.8581198716603416,0.30867196029150634,1,23.725827176510794
B00793,personal,12,established,E,med,2000.0,0.48707647526076203,10140.857628540238,0.008005182156880947,-1.2138016860912133,0.5,1,0.5630977333841136,0.3401801488912489,0,13.68418740493529
B00794,personal,6,new,D,med,20000.0,0.6271253404570553,37362.58530363994,0.027974747792946016,0.00921169263208945,1.0,1,0.7180505457703344,0.13932972494395837,1,4.607653711027396
B00795,personal,19,loyal,B,med,17000.0,0.42491959581952443,35756.26427636414,0.01683535569483166,1.6023781165777558,1.0,1,0.6058485274942029,0.04206864265124965,0,20.280980660053956
B00796,personal,24,loyal,D,med,4500.0,0.5547971114559225,12972.452682628811,0.01603774720832597,-0.20214208063963013,0.25,0,0.5623522609106305,0.14774244042248955,1,24.376923902969605
B00797,personal,22,loyal,E,med,8000.0,0.5609160827492112,15829.320708771284,0.023623506153295153,-0.0766934049644371,0.5,1,0.5684006520539535,0.18374996088534704,0,24.036620117588342
B00798,salary_advance,20,loyal,D,med,22500.0,0.5235387365436476,37503.92942775101,0.02617419417105075,0.5339820446906625,0.25,1,0.5249729909150351,0.12523970470064133,0,20.985060262649938
B00799,salary_advance,13,established,B,med,61500.0,0.4956536463446474,22777.04370377059,0.11152566463644271,0.9228281233876547,0.1,0,0.49550893282778974,0.07177883586822657,0,10.773434217377147
B00800,salary_advance,10,established,E,med,5000.0,0.5369919810770386,49591.07286397782,0.0045118333978336955,-0.12762530335457384,0.25,0,0.5242731498081591,0.21367473237787576,1,11.19102323650592
B00801,personal,22,loyal,D,med,11500.0,0.5157606003095172,31917.183510303927,0.015486033569881055,-0.13341695791650132,0.25,1,0.4845428832396661,0.14324163786841285,0,19.99709650383897
B00802,salary_advance,20,loyal,E,high,17000.0,0.712961989550197,27751.649576283755,0.0363952954371142,-0.5953952633576904,0.25,0,0.7259709383689842,0.1851895050656416,0,19.048574879229037
B00803,personal,12,established,E,med,43000.0,0.5970217651300304,24495.70393896582,0.08733482397755751,-0.5717211111771211,0.25,1,0.6299826552475536,0.1945862488127129,0,11.55162661810055
B00804,personal,30,loyal,B,med,4000.0,0.4832772166183431,31601.98368871212,0.005097540936868091,1.5774617529353328,0.1,0,0.48981632552800397,0.040164976688043405,0,28.906620852952525
B00805,personal,10,established,D,med,8000.0,0.504365377460632,41840.19690557347,0.008036376734378231,0.09092600847847668,0.1,1,0.5950956515384072,0.17792388749916946,0,10.121759557776846
B00806,salary_advance,11,established,E,med,18000.0,0.5462947636870165,36084.47084099634,0.022708997151193885,-0.3898545102479152,0.25,1,0.5645976573701995,0.18082062852342,1,12.066907270290837
B00807,personal,40,loyal,A,med,4000.0,0.42936587524303055,21318.813756121814,0.006713410982974851,1.6361439727289344,0.1,0,0.4391540944558027,0.03490249743607573,0,38.00131408702887
B00808,personal,26,loyal,D,med,7500.0,0.647081661665417,53193.441034143245,0.007602930562083715,-0.18521350206018727,0.5,1,0.7125892367704628,0.14463222863878603,1,24.093939320880764
B00809,salary_advance,13,established,B,med,11500.0,0.41433843688662286,38627.967190056515,0.010279452019724555,1.7699555794824655,0.5,1,0.5264493644436324,0.04174801278903729,0,12.740859447792664
B00810,personal,19,loyal,A,low,11500.0,0.27905717611208625,33252.28083930238,0.008042449631244399,1.8036069779001007,1.0,1,0.5464790170250039,0.03979251091435999,0,18.268772334914765
B00811,personal,17,established,D,med,12000.0,0.5692589164538685,28294.8035767962,0.020118850265520214,0.05601162637466865,0.5,1,0.6639891893984641,0.12781344388780363,0,17.09830095562407
B00812,salary_advance,3,new,E,med,2000.0,0.6147272435204585,35419.83526371041,0.0028925752992339142,-1.4985495273716878,1.0,1,0.6550173240709254,0.30840204608388183,0,4.4239676416822835
B00813,personal,9,established,A,med,31500.0,0.4090319888692011,9823.93057172161,0.10929525233742457,2.289500615345755,1.0,1,0.5809292375994359,0.01954371028865938,0,11.311921065293635
B00814,personal,15,established,D,med,5500.0,0.6395114150955977,30721.564107085585,0.009540835797415662,0.3872760562645462,0.5,1,0.6431659924834712,0.13342627949794778,0,12.261522609374417
B00815,salary_advance,13,established,D,low,20000.0,0.3054842295946612,66310.30614724071,0.007678148575083224,0.026112975279409867,0.25,1,0.3970326172153994,0.15201614733058952,0,10.871092466272351
B00816,salary_advance,18,established,B,med,10500.0,0.6594053973362043,30363.38369450711,0.019002484323694044,1.3061279147750557,0.25,1,0.6920041864670199,0.05213431101277023,0,18.386107876703697
B00817,personal,30,loyal,B,med,4000.0,0.6215195929990771,28167.173688458934,0.007355129057596753,1.1023027870213473,0.5,1,0.6478990300959241,0.0789548859793745,0,33.51825021063325
B00818,salary_advance,13,established,B,med,71000.0,0.4317467991767512,19385.170237591068,0.13177608779393163,1.6609383498864405,0.5,1,0.5841442341385356,0.05126853133414165,0,10.88099317527134
B00819,personal,9,established,E,med,16500.0,0.5575064340518865,35277.47735846374,0.021729766531546763,-0.6623477886798963,0.1,0,0.5664420650726648,0.22401932085423465,0,6.960015380810514
B00820,personal,19,loyal,C,med,9500.0,0.5829911071444016,24166.171829975745,0.01909837560274358,0.7184734127743924,0.5,1,0.6912831679883016,0.08216123317873031,0,21.47594292577703
B00821,personal,13,established,E,med,3500.0,0.6763453060492177,55277.148834684,0.0035686967415954197,-1.1858702302449369,0.5,1,0.7582245943666507,0.29331926972259204,0,9.19087771013307
B00822,personal,15,established,C,med,9500.0,0.47196412635458584,16730.8428079945,0.02233230393622758,0.6663343957412341,0.5,1,0.5652382230660161,0.08248331538475798,0,13.989752683207133
B00823,salary_advance,14,established,C,med,54000.0,0.38930215049395817,20978.057430113924,0.08350914678629985,0.32705463037281257,0.25,1,0.42040053574814173,0.09104471168172948,0,13.522744769009773
B00824,salary_advance,56,loyal,B,high,6500.0,0.7144109693311255,19332.000690866516,0.02001720435332489,1.0310092554868122,0.5,1,0.7204425061614985,0.05215772437558569,0,56.865050815085645
B00825,personal,4,new,D,med,30500.0,0.6766399534466374,73792.95156597016,0.023305656956582436,-0.49634972384047016,0.5,1,0.7612146123378299,0.16294165750040338,0,4.562698875711581
B00826,personal,13,established,E,med,4500.0,0.5980643780220322,24236.835575910132,0.009253441566488005,-0.25098882058836114,0.25,0,0.6082708706546959,0.19403387568859382,0,14.48459521049149
B00827,personal,16,established,E,med,9500.0,0.6243248999679701,19901.639523226848,0.0248349997445087,-0.868231174014714,1.0,1,0.7790143671912247,0.21480291181817202,0,16.638355677508716
B00828,salary_advance,10,established,B,med,10500.0,0.5784003396809934,8520.011759112598,0.059401361351358276,1.1404302146842336,0.25,1,0.613995029060273,0.07749557478699162,0,9.133179214968479
B00829,personal,26,loyal,A,med,4500.0,0.5566069314421557,16297.14809443224,0.01280761505518368,1.889704036741438,0.1,1,0.6021108942011039,0.028865857425029753,0,29.870132140938974
B00830,personal,25,loyal,E,med,33500.0,0.3745767994099415,35966.265866718284,0.02907428780331244,-0.15666835891008524,0.25,1,0.4068104745398315,0.19682945881940045,0,22.995163615856775
B00831,personal,16,established,C,med,5500.0,0.505286313492484,35887.045431919185,0.006453291363594341,0.5535405049710949,1.0,1,0.704670429556325,0.0890518187797007,0,18.106160439527194
B00832,personal,14,established,C,med,39000.0,0.49868495754378017,18804.250659113233,0.08618934842967656,0.4321836246602423,0.1,0,0.5355588831013409,0.08299868845406184,0,12.883626857501394
B00833,salary_advance,15,established,D,med,3500.0,0.5364601523616486,19387.605617901194,0.008070493464873388,0.35809781134885865,1.0,1,0.7053961196494982,0.12877693721709588,0,13.002309300389502
B00834,salary_advance,15,established,E,high,3500.0,0.7026203164274799,74826.62781423109,0.00273874330049264,-1.1765957333647168,1.0,1,0.7911446298245498,0.35,0,14.046899109917403
B00835,personal,15,established,E,med,23500.0,0.45786954636797894,118540.37151246946,0.007564184113226811,-1.3015973511105925,0.1,1,0.5202704462034736,0.3037402495271072,0,16.630369104716397
B00836,salary_advance,14,established,E,med,10500.0,0.4544879620501243,50633.81560037909,0.007853979836962583,-0.43098195115157056,0.1,1,0.48137767642972296,0.1849124318312273,0,14.82200925234475
B00837,salary_advance,18,established,E,med,3000.0,0.5916166828753994,63424.40086139601,0.00233197584384078,-1.7890047235719315,0.1,1,0.5855453214981297,0.35,0,17.251084219318344
B00838,personal,24,loyal,A,med,17500.0,0.5018502151156887,71273.78697642588,0.010268359913102137,1.808030729905615,0.25,1,0.5711179980563005,0.033734906285395994,0,22.524429759061515
B00839,personal,8,established,C,med,5500.0,0.6300472836266341,90945.37699269377,0.003175221008599549,0.3677032291797136,1.0,1,0.714998224877724,0.10944981019831038,0,8.087698891736059
B00840,personal,9,established,D,high,20000.0,0.7163254940573356,22786.867833136595,0.05239315171226657,-0.029961048399121757,1.0,1,0.8171783529296093,0.1385673283430399,0,7.5363210746825615
B00841,salary_advance,6,new,E,med,1500.0,0.6309963850357931,16596.591476051548,0.004752454637645813,-1.8402358192678285,0.5,1,0.7149142095216862,0.35,1,4.639980749397026
B00842,personal,26,loyal,E,high,5000.0,0.713870338815,73748.75411666596,0.004033233890781516,-1.4238708550204002,0.1,1,0.7369796939706046,0.33696657315525796,1,27.003391604945655
B00843,personal,18,established,D,med,3000.0,0.6369477942309308,15829.622257285851,0.010059428201733698,-0.0023413881869583275,0.5,1,0.72051476224156,0.1554497110561949,0,16.676761830335852
B00844,personal,21,loyal,A,med,19000.0,0.5178800341975496,15279.57347174852,0.05366489596904649,2.370489965483977,0.25,1,0.531159675370759,0.020912961660389653,0,23.732531950711394
B00845,salary_advance,7,established,D,med,32000.0,0.5817417696168059,15473.75935868412,0.1002543305531112,-0.3486441958730818,0.5,1,0.6684541470576869,0.17468676638311048,0,6.690084729475892
B00846,personal,43,loyal,B,med,26500.0,0.4685465090992009,25027.5379150761,0.04134273526112404,1.2637980144124379,0.25,1,0.5559080037472681,0.0468043161074981,0,41.32037235486716
B00847,salary_advance,11,established,D,med,7500.0,0.46640317173942525,9032.579555719314,0.032272285069724675,-0.12990240767496086,0.25,0,0.4432986541122586,0.14416851205816203,1,14.27245329466562
B00848,personal,18,established,D,med,5000.0,0.4552720195694,12231.743979985435,0.0155085550458692,0.05523925928886656,0.5,1,0.5670854466636184,0.16306313855199786,0,18.136432242888077
B00849,salary_advance,26,loyal,A,med,7500.0,0.5142233460970195,19105.158639229823,0.016822136752673054,1.9646838488929315,0.1,1,0.5148181084898665,0.025557172183089918,1,25.34215806863889
B00850,personal,9,established,E,med,18500.0,0.5815659439436959,13936.14463279407,0.06433492575390809,-0.3459516301665442,1.0,1,0.688579420224329,0.1981626458422444,0,6.435892416199708
B00851,personal,12,established,E,med,2500.0,0.5627883731405602,48258.46335533974,0.0024295754482336496,-0.6901049080521332,0.1,0,0.5749570932534177,0.23034706227508414,0,12.022521934957762
B00852,salary_advance,18,established,A,med,17500.0,0.5545540869031934,27001.737933833687,0.02995083916631195,1.7680705541247637,0.5,1,0.6447417042035838,0.03675128807660354,0,17.925629190181066
B00853,salary_advance,60,loyal,B,med,9500.0,0.5088717132565858,36951.51978987249,0.010902305920992466,0.7955578211135954,0.5,0,0.5299921072420405,0.07003983566304442,0,60.085481930219096
B00854,personal,19,loyal,B,med,68500.0,0.40906947944735705,34791.959792098336,0.06711622337839655,1.491205090586163,0.5,1,0.5041087934734527,0.042277990276913126,0,18.184972192521204
B00855,personal,39,loyal,D,med,7500.0,0.5555513548183731,24011.17919398636,0.014460747385886192,-0.28524889338468695,0.5,1,0.6067549386650615,0.173876863898142,0,40.13496232768941
B00856,salary_advance,31,loyal,A,med,12500.0,0.5539596213598372,46326.6347325231,0.012455928983003055,2.156674208960976,0.5,1,0.661862276703659,0.023863015860482915,0,28.988387319312224
B00857,salary_advance,20,loyal,B,med,44000.0,0.4184766835167722,34498.85233626446,0.0444772623527311,1.0236272745346109,0.5,1,0.5394274963668686,0.06783899544630027,0,20.418230178245445
B00858,personal,9,established,C,med,55500.0,0.567827943130645,22581.3551134087,0.11629967394737112,0.43478762621465866,1.0,1,0.6575324612092244,0.10900416796850108,0,9.108652999439505
B00859,personal,29,loyal,D,med,9000.0,0.5403330407844037,10655.692936941903,0.03803129303617172,0.5316293114291747,0.5,1,0.6102885752310587,0.1271963211083492,0,28.046734726667584
B00860,salary_advance,7,established,D,med,19000.0,0.5002946830760251,35823.59794887542,0.022112051651935576,-0.15547498199650156,1.0,1,0.6485336300155151,0.16436288337777086,0,4.490821033051752
B00861,salary_advance,39,loyal,B,med,14000.0,0.5003072840530961,13443.93215153996,0.043416749267692394,0.7483171895050282,0.25,1,0.5479041235828549,0.061635179217362175,0,37.387665693954425
B00862,salary_advance,18,established,D,med,8000.0,0.41896746358481474,33161.860654021446,0.00842267704167574,-0.09259023798936628,0.5,1,0.4791700772050279,0.17554235235867488,0,20.388714454724994
B00863,personal,3,new,C,med,3500.0,0.5488459527239746,28096.174500169065,0.005697575288889572,0.6095460626447856,0.1,0,0.6090021172215168,0.08716957663322022,0,-0.29821123585369325
B00864,personal,13,established,E,med,11500.0,0.4475705363418797,12731.021715494811,0.03369107158715036,-0.20305716706866234,0.1,0,0.4391575334724545,0.20988601809617516,0,17.239473577249125
B00865,salary_advance,23,loyal,E,high,10000.0,0.707011551509992,31011.6547524678,0.01899854418049423,-0.7465072277938994,0.1,1,0.8067407747483779,0.27992570036645326,1,23.10307063816158
B00866,salary_advance,14,established,E,med,2000.0,0.6279647331701326,29888.398986039087,0.0035017194768637815,-1.329423734989284,0.5,1,0.7005582435415991,0.32174152679700885,1,13.191700110348119
B00867,salary_advance,24,loyal,E,med,4000.0,0.5661830710633416,29948.09890093933,0.006301825400627609,-0.9767181523204246,1.0,1,0.7576573566283089,0.29702518082377843,1,21.16582216402264
B00868,personal,10,established,C,med,14000.0,0.6485268090087292,29168.60692210928,0.02593934679604749,0.6179707575539414,0.1,1,0.6885402286599587,0.08208357458905123,0,11.964233500662274
B00869,personal,8,established,E,med,3500.0,0.5281654429264481,18791.999460547893,0.0081975446258548,-1.1515043113734442,0.25,1,0.5811112811373871,0.3055901100387545,0,-0.5140185764959888
B00870,salary_advance,15,established,C,med,14000.0,0.46282822117226413,37249.17305722311,0.014496060280446994,0.6500857758385667,0.1,1,0.47546626467968517,0.09524814385133035,0,17.212299296230583
B00871,personal,16,established,D,med,12500.0,0.38269925637156726,18431.000084611434,0.021629051971695373,0.13657451749141328,0.5,1,0.4778584191408137,0.14815591541931614,0,12.90465266219042
B00872,salary_advance,13,established,D,med,8500.0,0.678219090376673,14897.891879039827,0.032246521381505175,0.2852914050902228,0.1,0,0.6686031766651032,0.12918131570535865,0,11.702508573215024
B00873,personal,32,loyal,B,high,6000.0,0.7029250244669908,38989.53428304748,0.009014278285091243,0.8384052033823695,1.0,1,0.8346050948366879,0.0757603746947547,0,33.982654058296625
B00874,salary_advance,10,established,D,med,9000.0,0.3826524449735217,45027.866402808795,0.006373593879905427,0.5083035370905262,0.5,1,0.47617448043059246,0.1347561621705357,0,12.705652404819187
B00875,salary_advance,19,loyal,E,med,4500.0,0.5848342134584892,37549.26018888902,0.005840669801314195,-1.95972974278095,1.0,1,0.7448991332692687,0.35,1,19.07222031244342
B00876,personal,17,established,D,med,11000.0,0.5864937883065657,24005.609860307726,0.022395569580451122,-0.3236252408484902,0.25,1,0.6342378379943946,0.1460406432003431,1,15.364212283166717
B00877,personal,6,new,C,med,13500.0,0.4931412222757517,9258.467922758311,0.05992177968198196,0.42510313406343103,0.5,1,0.5625178610670983,0.08521258597584729,0,4.072187513979782
B00878,personal,7,established,B,med,28000.0,0.4914405067132146,60774.744429720864,0.01886794467708853,1.6402828107549985,0.25,1,0.5344706019066963,0.04865421148996848,0,8.104238845535212
B00879,personal,16,established,A,med,4500.0,0.4796976445440968,9179.209855883473,0.019597178790801566,1.6864576165824976,0.5,0,0.4662110846219096,0.03750744400327516,0,16.806438621064515
B00880,personal,48,loyal,E,med,9000.0,0.6561505837937225,37135.68946509632,0.013251751749696925,-0.9631505135852566,1.0,1,0.813110630779268,0.2773863440189971,1,48.245798661745575
B00881,personal,22,loyal,D,med,5000.0,0.46798746395685187,85873.47475348058,0.0022707218638638453,0.05027470068722689,1.0,1,0.6796830361449476,0.1274037175433317,0,20.239561214671188
B00882,salary_advance,6,new,E,med,14000.0,0.648136756020114,29208.251862640616,0.025888558899251124,-1.216114813707998,1.0,1,0.769926322548107,0.30275609297119743,0,5.862396459695448
B00883,personal,2,new,B,med,4000.0,0.40223447932507944,31576.807004032373,0.004246096185656283,1.1698850751100829,0.25,1,0.5041292749518963,0.051540719494783935,0,1.8057203244678046
B00884,personal,24,loyal,B,med,11000.0,0.46223889475528335,33144.31614655227,0.012784061827840297,1.412856208148551,1.0,1,0.6329186511356055,0.05067804807552623,0,24.45379449461117
B00885,personal,15,established,C,med,8500.0,0.3791047248488027,30001.181308318522,0.008950731328706437,0.3505878868631747,0.5,1,0.5024165650418602,0.10787754228967436,0,13.534845300915233
B00886,personal,30,loyal,C,med,5500.0,0.5006077580575868,98011.23717863475,0.0023410093479880783,0.5660948612602101,0.25,1,0.561759817107703,0.09832907839454821,0,26.13232990702746
B00887,personal,10,established,B,med,67500.0,0.44752732041169163,16920.130247938276,0.1487778841195684,1.3806311003494742,0.1,0,0.43051480093890776,0.05104660361189501,0,10.148902668313179
B00888,personal,19,loyal,A,med,4000.0,0.5877556351498424,15791.077500778294,0.012406914286899754,1.611325194760139,0.5,1,0.6625637092215872,0.037924038929513015,1,18.965540419936605
B00889,salary_advance,26,loyal,A,med,7500.0,0.47573696969377205,22468.607983167494,0.013233379045170864,1.908044696656121,0.25,1,0.5069815784092705,0.025564651276306426,0,27.49557790023542
B00890,personal,12,established,C,med,13500.0,0.5551071394936687,70084.53084015225,0.008910604443578532,0.4566798597822596,0.5,0,0.5193148627172924,0.0816566694065684,0,8.537252078764118
B00891,salary_advance,13,established,E,med,8000.0,0.5730025337166371,19588.890338702666,0.019500935608878597,0.0007717004858374121,0.5,1,0.6596778114043529,0.20641725114470416,1,12.054011739576497
B00892,personal,16,established,C,low,6000.0,0.32779335448813685,34086.750469489234,0.004808222402741821,0.7671248320175574,0.1,0,0.2844670901622245,0.09705970829263438,0,12.71048445481403
B00893,personal,22,loyal,B,low,6500.0,0.3213335136035964,48487.17930175522,0.0035897252780725743,1.2160419052551146,0.5,1,0.4828278004519294,0.06706906685629413,0,21.713733547901956
B00894,salary_advance,16,established,C,med,5000.0,0.5265571725216839,41292.69930135702,0.005313259379892968,0.1593625304080402,1.0,1,0.6625959660867724,0.11540837508586507,0,18.774885463259203
B00895,salary_advance,28,loyal,C,med,22000.0,0.5755088172577068,47095.87105846685,0.02240322717454253,0.3987510811657585,0.5,1,0.635144689200232,0.10550396275584119,0,25.66601882484728
B00896,personal,12,established,B,med,10500.0,0.49062395460693853,58682.24577512251,0.007315602097543872,1.1333132695582098,0.25,1,0.5245249722103619,0.05286897804062199,0,10.498298053766643
B00897,personal,7,established,A,med,7000.0,0.4063031956635348,31873.41132169278,0.007435984654365757,1.6641161087696066,1.0,1,0.6762589796002096,0.03194383178706312,0,5.356267448050769
B00898,personal,48,loyal,D,med,7500.0,0.5599311345911422,20923.393242772105,0.016725631213778146,-0.3493957809147662,0.5,1,0.6325191422590617,0.1691969117471239,1,49.70921379200313
B00899,personal,11,established,E,med,32500.0,0.552159955726021,29172.168197606272,0.05126232658796161,-0.2633766754479744,1.0,1,0.7473105108049173,0.20145873367743528,0,12.215819720239972
B00900,personal,12,established,D,med,22000.0,0.6271568228417586,22326.299143705164,0.05149924316352284,0.35093307645469796,0.25,1,0.5889117591701734,0.12215478557378824,1,10.336160997620876
B00901,personal,15,established,C,med,3500.0,0.6128694768143562,107672.9412755846,0.0016601533801020123,0.4865989977486106,0.1,0,0.6502105655777483,0.08634387907492311,0,13.079974722870872
B00902,personal,17,established,E,med,10500.0,0.5388323093027921,20071.15203272675,0.02349034424487346,-0.5223663592412943,0.25,1,0.547679603634565,0.197307068260102,0,17.31634102951995
B00903,personal,13,established,A,med,7500.0,0.4788835589073187,35091.968038765845,0.008529080614300036,1.883520630344044,0.5,1,0.5454918178632231,0.03596351947519103,0,12.762806520680314
B00904,salary_advance,16,established,B,med,6000.0,0.5575317622163211,11784.305944096264,0.023655689391518003,0.7720952655451712,1.0,1,0.6911787567583308,0.07297073359945368,0,14.115040592656337
B00905,salary_advance,16,established,B,med,24500.0,0.5681468976432642,28942.029229085776,0.04007896521376612,0.8813834084705529,1.0,1,0.7101044306150247,0.07328854282710995,0,18.37053963747028
B00906,personal,18,established,A,med,50500.0,0.6493414094140649,22973.41322413581,0.11894815416805139,1.758884081511754,0.5,1,0.6928809192640877,0.03787787029548512,0,11.975034974942973
B00907,personal,4,new,E,med,2500.0,0.6075556005662044,39012.09332159571,0.0032444832531256574,-0.79906162524459,0.25,1,0.6586857925766499,0.25689726729565165,1,3.429064350945283
B00908,personal,46,loyal,C,med,21500.0,0.6635101393868759,39575.44659457583,0.03003854920231661,0.31156812355772207,1.0,1,0.8057112189342273,0.11642683090297294,0,45.92694924556423
B00909,personal,15,established,E,med,8000.0,0.5188658142007144,58650.36982928083,0.005897840777600393,-1.2533222290216288,0.5,1,0.6470277825424637,0.30306799173164245,1,12.940781592571343
B00910,salary_advance,22,loyal,C,med,23000.0,0.4752415683866629,56143.32829487666,0.016224183717021032,0.5776495277464218,0.1,1,0.4892668178535402,0.08520434465435404,0,19.867567764251817
B00911,salary_advance,7,established,E,med,14500.0,0.4135734178200217,25939.76216488386,0.019265193850121168,-1.138927523935363,0.1,1,0.39766390779703703,0.2685564167956697,0,5.661354449842617
B00912,salary_advance,12,established,B,med,10000.0,0.5300403087496003,16003.898401274057,0.027599541450236284,1.097849354193172,0.5,1,0.5779535249579577,0.048921834589200595,1,11.37928126441563
B00913,salary_advance,11,established,B,med,41500.0,0.5944621334744149,17070.233722658064,0.12043468443376973,0.7699967500699922,0.1,1,0.6115432085838076,0.07786539684377966,0,11.187501044535903
B00914,salary_advance,36,loyal,C,low,5500.0,0.30205239199288375,31777.24945584154,0.004356597315188833,0.47293069296145984,1.0,1,0.5225246939162621,0.11110018761561027,0,37.01926694404257
B00915,salary_advance,11,established,C,med,8500.0,0.5712367025774167,29342.209698144266,0.013789895233575192,0.24957629218215216,1.0,1,0.7123671708243403,0.09804109713747747,0,12.222840920356191
B00916,personal,24,loyal,B,med,6500.0,0.5738586810253548,31003.631598036292,0.010025926088878628,1.1614664151889906,0.25,0,0.5410405928886339,0.06029592629758912,0,22.239784784714896
B00917,personal,11,established,E,med,14500.0,0.6798983717278286,20044.084093481957,0.04098684988579483,-1.135796086889898,0.25,1,0.6938913966738433,0.3280806967335944,0,12.274178021154555
B00918,personal,12,established,C,med,3000.0,0.43505546580196297,59306.87933158394,0.0018339165317128466,0.20416786745252327,0.1,1,0.48646731562970463,0.09543120383248234,0,12.151775415223845
B00919,personal,14,established,C,med,9500.0,0.6093513366595241,11968.385346000881,0.040306451336254275,0.6995098064587445,0.1,1,0.6523297139837124,0.08052978754812272,0,12.819908670789099
B00920,personal,33,loyal,E,med,13000.0,0.6424612855507723,19443.034277963237,0.035796867714325005,-1.3822740774072417,1.0,1,0.7854544227242263,0.35,0,31.411864758818133
B00921,salary_advance,5,new,C,med,6000.0,0.5936947138913787,14877.288841183828,0.0199530546267238,0.6849380057020192,0.1,0,0.6491216743476305,0.09117215517733447,0,4.785840882876149
B00922,personal,7,established,E,med,3000.0,0.6390870650651211,23982.141919623755,0.00666211411815325,-1.6740624632615668,0.1,1,0.6579809538566533,0.3412754644490512,0,7.104949698114578
B00923,personal,5,new,E,med,4500.0,0.6293239696151078,53402.42976705656,0.004419208819431834,-0.4675944838515325,1.0,1,0.6577278157899529,0.21352722416818018,0,5.377938993130527
B00924,personal,9,established,E,high,8500.0,0.7231915156633087,22965.201094087482,0.022305951288188863,-1.1633911040952263,1.0,1,0.8215421863306073,0.28429043387830616,0,9.548526167776892
B00925,personal,10,established,B,med,7000.0,0.4823735205515398,28447.413873745158,0.009891393112354648,1.4312465792900149,1.0,1,0.6720256701310916,0.05152132273936681,0,8.54797004235703
B00926,personal,6,new,E,med,5500.0,0.6524198857802225,38767.34591095242,0.007713341575393281,-1.1571210541523476,1.0,1,0.7694348478571856,0.2849661732256794,0,6.2710097435250685
B00927,salary_advance,10,established,E,high,5500.0,0.7427923028750254,22372.235961888076,0.015217364626898105,-1.3001898919653825,0.25,1,0.7948854230713243,0.3311931733734896,1,6.931980324970317
B00928,personal,5,new,D,med,33000.0,0.5638169981111243,33204.65033223442,0.046695168577047176,-0.21664785840368436,0.1,0,0.6019515761487155,0.1549254603692931,0,8.74794439998192
B00929,salary_advance,9,established,D,med,19500.0,0.45852365165142445,30881.595282517184,0.024127669801934887,-0.06370298002082292,0.5,0,0.44467662220079174,0.14863101382914184,0,7.12055092663851
B00930,personal,31,loyal,E,med,3500.0,0.6848033806960859,14444.296031677068,0.013827902649714762,-1.104605228663933,0.5,1,0.7490985796070313,0.2796541904998923,0,30.016551750277273
B00931,personal,20,loyal,B,med,24500.0,0.6612780714169244,20839.938253867076,0.06478471190091106,0.9258151991548494,0.5,1,0.6541568071987597,0.06783233768088717,0,19.58369115250035
B00932,personal,18,established,E,high,11000.0,0.7666048007589635,32696.45977268755,0.02149226773319935,-1.9914990624496793,1.0,1,0.8625096783305868,0.35,1,15.079637792633138
B00933,salary_advance,9,established,E,med,10000.0,0.6703586060663634,54459.12036285339,0.010257825833393611,-0.686240972583125,0.25,1,0.6870048204348315,0.24175234234832826,1,11.044453649655717
B00934,salary_advance,7,established,D,med,7500.0,0.3500900756367267,54431.219752614365,0.004019867610305477,-0.22521827042078468,0.1,0,0.3554443504369411,0.1704739960475201,0,3.997647679176667
B00935,personal,8,established,B,med,3500.0,0.46408915482945323,85179.65274409049,0.0015891041165890173,0.8022223921551402,0.1,1,0.4744683325697648,0.061550627641912506,0,7.456566471922843
B00936,salary_advance,16,established,B,med,17000.0,0.43584423656980265,35136.69959654919,0.01757268066998132,1.645468367013152,0.25,1,0.48350136299673563,0.04522996879324652,0,17.146009388986222
B00937,personal,26,loyal,B,med,11000.0,0.5035012536027024,21432.784076182284,0.021534431278826635,1.502782247327573,0.5,1,0.5803906635666934,0.04295044739578754,0,25.940277914182715
B00938,salary_advance,27,loyal,C,med,5500.0,0.6967923022419611,25973.348081479646,0.012295801739756767,0.5967262095377672,0.5,1,0.7220653980566681,0.0925446680051196,0,27.538543367653862
B00939,personal,23,loyal,E,med,1500.0,0.5614083115645446,25271.418939076764,0.0027768934983328566,-2.0273082447951563,0.5,1,0.6209697032359298,0.35,1,23.7393137288925
B00940,personal,10,established,C,high,5500.0,0.7490653174281915,21496.940092762987,0.01597071966241534,0.39085302121855847,0.1,1,0.6939166847399861,0.1107612543390688,0,7.419879055206184
B00941,salary_advance,16,established,B,med,17500.0,0.4487025415838473,33210.63513182733,0.01970326284172772,1.8205737392246135,0.5,1,0.5429927166528521,0.04020581613355805,0,13.590757332635528
B00942,personal,13,established,B,med,4000.0,0.4339945615008281,34071.572792089624,0.004245910651568046,1.2337904078135682,0.5,1,0.5555615215793612,0.05251480533283916,0,12.964287900985228
B00943,personal,14,established,C,med,13500.0,0.628609777159419,14107.098320590343,0.050129798717866506,0.4629490097437198,0.25,1,0.7319553381071525,0.11523564243718051,0,12.59092352763335
B00944,personal,50,loyal,E,med,16000.0,0.6925435044044679,48947.00818506942,0.018865123190259143,-0.7895027643384526,0.25,0,0.6904937054389315,0.24778067490602637,0,50.59941426833164
B00945,personal,6,new,E,med,4500.0,0.6565091479764621,9796.280161152217,0.025131062652481023,-0.525307003628415,1.0,1,0.7209368830931508,0.21800266702634033,0,10.633746443540177
B00946,salary_advance,14,established,A,med,4500.0,0.39220297111502694,23804.619224534235,0.006178469513872798,2.2838143987456747,0.25,0,0.3496556942642334,0.024585687234832992,0,15.557687847266509
B00947,salary_advance,32,loyal,E,med,4000.0,0.6526493248028847,50621.081562614614,0.004297612145350976,-0.6667295346641339,1.0,1,0.7723030393818903,0.2597688420052706,0,33.65286876784114
B00948,salary_advance,7,established,E,med,6500.0,0.5098459241137097,37573.912975403975,0.007349954273036163,-0.7978412281503858,0.1,0,0.5359781751877277,0.2662714031359284,0,9.006463443834523
B00949,personal,11,established,B,med,24500.0,0.4432887957781005,22107.32754587341,0.0409388224862979,0.9425515511652842,0.5,1,0.5594848595600119,0.06491184798130006,0,9.507287621421577
B00950,personal,12,established,D,med,10500.0,0.5782867492376096,79447.5975027414,0.006368989390339317,-0.4311592448055278,0.1,1,0.6113871196101823,0.17803689602597494,0,9.8115790880333
B00951,personal,14,established,E,med,14000.0,0.5508171787070539,21119.658617207926,0.030427577143756518,-1.1817551222046219,0.5,1,0.6274103178944888,0.3093902948086582,1,16.037878843885675
B00952,personal,6,new,A,med,69000.0,0.601386903128823,8945.688532814413,0.38655210052376093,1.5279711787230157,0.25,1,0.6590097719277251,0.03868721250481563,0,2.15730017973239
B00953,personal,22,loyal,B,med,6000.0,0.4678857059627698,34510.08325538531,0.0067789709821948355,0.8610559781451399,1.0,1,0.656286088791454,0.06358230573177068,0,17.8102383043401
B00954,salary_advance,23,loyal,C,med,13000.0,0.5242219130666902,10115.432879719316,0.05614263662680472,0.36819883562282185,0.25,1,0.5778603161785784,0.08075172788550573,0,22.9315220537854
B00955,salary_advance,21,loyal,D,med,7000.0,0.4961956671699371,17029.515259877713,0.016996812187470046,-0.39577483589951545,0.5,0,0.4939003664388168,0.15499092460272337,1,20.44854295977555
B00956,salary_advance,10,established,A,med,13000.0,0.5669777121031984,37892.65776494178,0.016209627168109215,2.397406563859938,0.5,1,0.6629820094490599,0.028195709249892117,0,9.942182316297862
B00957,personal,17,established,D,med,5000.0,0.5008860343665128,20879.60833160721,0.009995518642150479,-0.02445181874660751,1.0,1,0.6759874616169734,0.1326543162074876,1,17.717934614026156
B00958,personal,10,established,B,med,11000.0,0.6174235552514161,37024.50350282266,0.015286405995171542,1.3973280624694941,0.25,1,0.6459052389015004,0.06284308619494228,1,10.285259699496516
B00959,personal,13,established,B,med,14500.0,0.6297938459619306,14229.113162086052,0.053481962546458046,0.8936335446094399,0.25,1,0.6324278638082769,0.07592022246083652,0,11.551207779528621
B00960,personal,53,loyal,D,med,11500.0,0.5291382546253564,43138.19218719867,0.011755031948227536,-0.12090156166323407,0.25,1,0.5750457478892665,0.15385275609785048,0,53.86447601045181
B00961,personal,17,established,D,med,4500.0,0.5923199370825883,10614.533541172024,0.02092602331929179,-0.5129411149897811,0.25,0,0.537816100094637,0.1695118506722839,0,11.967225614473808
B00962,personal,8,established,B,med,4000.0,0.4542887206850945,55561.58834469805,0.002725436368417792,1.4463148979339198,0.25,1,0.5433404090169163,0.04614745290646111,0,6.967952291810993
B00963,personal,18,established,B,med,11000.0,0.5569252751040926,20713.771950722108,0.024646155066619223,1.4625173326199776,0.25,1,0.6302315346212606,0.05956288333418094,0,23.123162728354515
B00964,salary_advance,7,established,E,med,7500.0,0.6286077967679191,62450.97869807582,0.006291012265465977,-1.5269159761207343,0.1,1,0.6312305888730116,0.35,0,6.819994173294798
B00965,personal,8,established,C,med,9000.0,0.49981320557059306,16944.833211645706,0.022122372023131758,0.5497802609821923,0.5,1,0.571721038865078,0.09742425380809203,0,8.877714269516362
B00966,salary_advance,9,established,C,med,3000.0,0.5586145674865586,77545.55933034798,0.0018009237805185995,0.22878519527638033,1.0,1,0.7390692287622439,0.10277471073687458,0,8.135795775132678
B00967,personal,12,established,E,med,3500.0,0.46263625385191925,15887.475720539971,0.008493204107037152,-1.033323162938506,0.25,1,0.5441278672493598,0.25630743026052993,1,10.773823071026296
B00968,personal,27,loyal,B,med,23500.0,0.5271399746252746,10029.923221059506,0.10292359780717392,0.6617460947171974,1.0,1,0.7520220060040781,0.07653583329507044,0,25.593656612932353
B00969,personal,22,loyal,E,med,9000.0,0.6807405939608507,27548.594635534646,0.018532903482926782,-0.9495967909863944,0.25,1,0.7206957539640015,0.3097861003580268,0,20.021201568979205
B00970,personal,21,loyal,E,med,3000.0,0.5881918794711802,53034.29037328392,0.0027726960959181726,-0.06645535464609997,0.5,1,0.6266622309495683,0.1826113020051777,0,19.852203362022973
B00971,personal,8,established,E,med,6500.0,0.6955217776773669,41561.67227224848,0.009064624744662426,-0.7984737327699676,0.1,1,0.6721341405070631,0.25125814360439513,0,8.43991878593104
B00972,personal,12,established,E,med,7000.0,0.5551077522324971,51002.71767542306,0.006348933355466938,-0.4997912641559985,0.5,1,0.6258529091355933,0.19456135118468898,0,14.490093280965327
B00973,salary_advance,19,loyal,C,med,14000.0,0.491733655229827,42015.173626192525,0.013654335206106505,0.678521506338009,1.0,1,0.6632231470551961,0.10485223744322993,0,18.049355510527384
B00974,personal,11,established,E,med,3500.0,0.5079554248684153,17134.558381320803,0.008646482873356717,-1.0155666619054864,0.25,1,0.5347526730908069,0.2528339749236828,0,7.969305102048708
B00975,personal,14,established,B,med,16500.0,0.45578577818648014,41008.28064712484,0.015282412115718621,1.5731790288732976,1.0,1,0.6100850230805238,0.04190954152670352,0,17.594820120772447
B00976,personal,20,loyal,B,high,43000.0,0.7090245212164299,28312.49976128227,0.08973673191866806,0.8932832333941253,0.5,1,0.7543227763984092,0.07657309664346044,0,20.818470248946067
B00977,personal,13,established,A,med,11500.0,0.5140827565846458,18208.572413173282,0.02705663192851558,1.7945630283820548,0.1,0,0.5435339011040838,0.030626074687603113,0,16.056164802153454
B00978,personal,18,established,D,med,5000.0,0.5158035653068577,29692.350957183568,0.007238165563956291,-0.1600799690780195,0.25,1,0.5690490804454563,0.14687563077289603,0,14.52665981318063
B00979,personal,39,loyal,D,med,3000.0,0.47302045986554525,26082.52446394418,0.004533883026923226,-0.14878996229710906,0.25,1,0.4539696704007856,0.14423039890990744,1,37.73471345479143
B00980,salary_advance,14,established,A,low,4500.0,0.3231778443811203,58617.92894277456,0.0020674850481536607,2.108415614493028,0.5,1,0.4250902889575965,0.03293772475370948,0,18.12838425857889
B00981,salary_advance,31,loyal,D,med,36500.0,0.48050989742980993,20268.38240787483,0.07210989553107201,0.17194026012601493,0.1,1,0.5292697531475173,0.15989706929834815,1,27.522422534334677
B00982,salary_advance,22,loyal,C,med,57000.0,0.614150854232828,19753.980731195268,0.14767740220577905,0.5717079780108753,0.5,1,0.6913814432797541,0.0937458063735285,1,22.267853874187942
B00983,personal,7,established,B,med,3500.0,0.4902053581307079,18320.00200718287,0.007804396677034488,0.7200474104973147,0.5,1,0.6272135606452587,0.07927248155677794,0,4.9824355625061685
B00984,personal,8,established,E,med,24000.0,0.5382694625990171,76363.99987696436,0.014097466436180988,-1.2377258082972784,0.5,1,0.6488059896553617,0.3019753081803767,0,9.350836455602657
B00985,salary_advance,10,established,B,med,6500.0,0.4336350839068462,18892.54099152273,0.01243271990543449,1.06129468479365,0.5,1,0.5647898439278601,0.0628649554381768,0,10.580381119749424
B00986,personal,10,established,C,med,9000.0,0.6022163389492724,54899.582780642835,0.00822706168854906,0.5833470661646026,0.1,1,0.5835849583987931,0.08483639085180628,0,12.263436033715093
B00987,personal,15,established,B,med,16000.0,0.5008335872801972,15256.13314931834,0.043771125345968366,1.2693253180378326,0.5,1,0.5665578423863976,0.052476760136724594,0,13.21513682355184
B00988,personal,23,loyal,B,med,10500.0,0.4460494048569398,35548.13960964092,0.010979287060748796,1.290044503010141,1.0,1,0.6145954340370275,0.055485311828092396,0,24.235116339072803
B00989,salary_advance,32,loyal,A,med,12000.0,0.445814634357534,31081.876193528984,0.014343234352447142,2.049978352877571,0.5,1,0.4934043603014719,0.026512245085252087,0,31.103197267834794
B00990,salary_advance,19,loyal,C,high,14000.0,0.7367374730698122,53016.19182667468,0.016212538515116746,0.6395780994915898,1.0,1,0.8329526791172421,0.08532669531435014,0,19.486818338168316
B00991,salary_advance,12,established,E,high,4500.0,0.7035562302165546,48952.628958054775,0.005389569302953569,-0.5126703187070606,0.25,1,0.7190259903385232,0.19908094250564054,0,12.181267435181098
B00992,salary_advance,5,new,A,med,76500.0,0.6186279740914877,28142.59444159937,0.14013467532345633,2.1099854140833623,0.1,1,0.690322637183934,0.025552832842479934,0,4.464489523734588
B00993,personal,17,established,E,med,3000.0,0.47580959176112575,20022.42628958592,0.005940958214547207,-1.5266956155219669,1.0,1,0.6635935377276247,0.35,0,12.153440448744467
B00994,salary_advance,16,established,E,med,2000.0,0.612826036672575,65757.49273578847,0.001553247676111199,-1.0765130788738078,1.0,1,0.7299490449761165,0.3163418904025801,0,18.928939077517825
B00995,personal,18,established,B,med,40000.0,0.4734410276208726,18952.26828153621,0.08326901747553371,0.5651280405088313,0.1,1,0.5112015599044201,0.07269774261620103,0,15.490381365713834
B00996,salary_advance,52,loyal,A,med,12500.0,0.5186947368186764,7729.132605366244,0.06990525911592278,2.3749860481773495,1.0,1,0.6667720174988478,0.027051303470825915,0,52.19401757397232
B00997,personal,32,loyal,C,med,9000.0,0.6414937643987714,9679.727208375212,0.04970391344115542,0.5895508459141651,0.1,0,0.7006324815689874,0.09272657138723361,0,31.33991141938957
B00998,salary_advance,25,loyal,A,med,7000.0,0.5219469947988673,11066.9255384062,0.0275116227395515,1.7493036997022058,0.1,1,0.4870139998613065,0.039338988194944816,0,26.05455369083153
B00999,personal,9,established,E,med,1500.0,0.5806354193646539,37332.98569631687,0.0019441099088879502,-1.9958027274719585,0.5,1,0.6521430280703272,0.35,1,9.504804883820666
B01000,personal,12,established,E,med,4500.0,0.5257570976883915,90940.1776537812,0.0021680066689967496,-0.49954496218113714,0.5,1,0.6184598855407015,0.18518652582692627,0,14.637562650320316
B01001,personal,15,established,E,high,4500.0,0.7118365604500311,8760.61713400549,0.030470308893263222,-1.8739478071432591,0.25,1,0.7514691536688449,0.35,0,17.106993753122996
B01002,personal,10,established,B,med,9500.0,0.5998778255970241,17493.677593443892,0.027147137933742623,0.7804109582286599,0.25,1,0.5967014699321171,0.0679768968963833,0,5.051568576609082
B01003,personal,21,loyal,E,med,5500.0,0.640361960009962,28253.261666566654,0.010388153946082033,-1.1472313265890146,0.1,1,0.6657041084069633,0.296939699712165,1,25.072794755494808
B01004,salary_advance,20,loyal,E,med,17500.0,0.6089128690570583,62945.76937630344,0.01410734895832156,-0.5278188460326472,1.0,1,0.7331196655546429,0.22331122842249357,0,23.426475695693934
B01005,personal,9,established,C,med,39500.0,0.5467388621520471,17441.965023231765,0.1031811545040983,0.5140252049614028,0.1,1,0.4831956774948167,0.08911526429392404,0,9.996404317399145
B01006,salary_advance,31,loyal,A,med,7500.0,0.5136338418949783,37232.59634316435,0.00862204580700155,1.8118243520177293,1.0,1,0.6973189914877892,0.03736783896352628,0,29.34543447959798
B01007,personal,17,established,C,med,33500.0,0.6384829406269444,23445.899879718247,0.07602316617096179,-0.15896810822921661,1.0,1,0.755253297497806,0.11711223983302264,0,18.57671985646113
B01008,salary_advance,6,new,B,med,24500.0,0.5859735990795594,112864.00734379169,0.010600037983262712,0.9201725041085097,0.1,1,0.6151029175234851,0.06660917277442549,0,5.190288560704787
B01009,personal,15,established,C,med,39500.0,0.5459184639971,29129.222479548385,0.06168999573945995,0.5377881668730922,0.5,1,0.6657148106713597,0.11085381219266663,0,14.833844022469743
B01010,salary_advance,19,loyal,C,med,13500.0,0.5365818550333923,32716.30397803879,0.018451185296412966,0.5345731405575279,0.1,0,0.5121161497365415,0.09279018668168604,0,19.54832373551239
B01011,personal,28,loyal,E,med,4000.0,0.5923156142836934,28179.254427449894,0.007006521006540053,-0.6947054828862488,1.0,1,0.6766552244829196,0.20851963124488432,0,28.834327234248498
B01012,personal,13,established,C,med,5500.0,0.4614616776886353,21416.616844686447,0.009875661990614515,0.5648914068846425,0.1,1,0.47658252563098774,0.08481264325031182,0,11.702801256529618
B01013,salary_advance,25,loyal,A,med,47000.0,0.4241580122814682,45361.94083691092,0.036622893938229206,1.3630956907750826,0.1,1,0.45436203037130146,0.03189674689569012,0,23.465172516212565
B01014,personal,18,established,B,med,10000.0,0.5780131224849637,14221.85074463504,0.03386884103340123,0.8940244030902588,1.0,1,0.6802511322792417,0.06228700920309974,0,15.418288534759196
B01015,personal,7,established,D,med,37500.0,0.48318638657642865,8945.632289215833,0.16879270343714312,0.31206642407889745,0.1,1,0.5249336628820588,0.1293553940642417,1,10.338140154340557
B01016,salary_advance,7,established,E,med,9500.0,0.682401271291625,24770.109831133264,0.0218099291224588,-0.8184999134793264,0.1,0,0.7062445125449058,0.23296119680470756,1,4.368694690909505
B01017,salary_advance,30,loyal,B,med,7000.0,0.496272621908562,42131.88289038975,0.0068710995787474635,1.4403401613691802,0.1,1,0.49791995965290015,0.043356640107903945,0,30.311641980627844
B01018,personal,31,loyal,B,med,9000.0,0.6239565308526408,19546.914124102,0.023940730243576454,0.39861891977165875,1.0,1,0.7252098090250372,0.07666138459472571,0,29.46367736371697
B01019,personal,19,loyal,D,med,49000.0,0.6290534126549158,29809.12397762662,0.08616941478282981,-0.08273744432334301,1.0,1,0.7629486206525402,0.12192789796535097,0,19.009612573763878
B01020,salary_advance,37,loyal,C,med,3500.0,0.6290214947752483,13747.565367453437,0.013345243156808153,0.4553641628062878,1.0,1,0.8200888250111906,0.11830792006577055,0,32.78714318213965
B01021,salary_advance,29,loyal,D,med,12000.0,0.5184918199881434,48265.139069961166,0.010742573832359218,0.0597428216096203,1.0,1,0.6657806128326227,0.14701751478174677,0,28.820930014752314
B01022,salary_advance,23,loyal,A,med,70500.0,0.5334687073795858,38505.26629992437,0.08139480536098052,1.638843778854429,0.25,1,0.5674936275828217,0.03268420542950258,0,18.563715656298164
B01023,personal,9,established,E,high,2000.0,0.7057807157224014,27196.690593224263,0.004325162978335793,-1.4181147335800204,1.0,1,0.7840046175322731,0.33421365644232603,0,8.041226344820274
B01024,salary_advance,42,loyal,D,med,4500.0,0.42559756779853447,29519.353655634164,0.005406591546220687,-0.24348593480641834,0.5,1,0.5234698334476386,0.1683435214635112,1,41.2403229465542
B01025,personal,22,loyal,C,high,8000.0,0.7165736235192705,12500.62103914368,0.038215361262209056,0.07122711532830528,0.1,1,0.7532173635363693,0.11507058033906777,0,19.575667998672685
B01026,salary_advance,13,established,A,med,30000.0,0.6948912325278582,12811.63052252878,0.13559773506305806,1.9637508482389996,0.5,1,0.7257097682597107,0.0225368288988476,0,14.124088280068872
B01027,personal,11,established,B,med,10000.0,0.6110372608731969,25157.33333506245,0.020240528302920256,1.0542805490928489,0.1,0,0.6006487185736507,0.06180230515722267,0,9.753401454285946
B01028,salary_advance,18,established,E,high,2000.0,0.7090920439340038,35687.44216847516,0.003311585256360322,-1.2908408032472254,1.0,1,0.7707973305482867,0.35,0,20.050270523651065
B01029,personal,6,new,B,med,6500.0,0.5646087958446201,36695.45810465355,0.00833426751462334,1.351347088752486,0.1,1,0.6066680156872274,0.054173544165478545,0,6.642230037021821
B01030,personal,24,loyal,B,med,11500.0,0.45726622154991187,22034.989907117833,0.01988716419502929,1.749420216983684,0.1,0,0.4815475557324625,0.04086642315843788,0,24.57179699317326
B01031,salary_advance,9,established,E,med,4000.0,0.5948123742141839,40536.500574231504,0.004891166938341144,-0.8240083260226431,0.1,1,0.629964391350855,0.20872524118294206,0,11.730434679667962
B01032,personal,20,loyal,E,high,3000.0,0.746301041575795,58772.852792704434,0.0031745142787608332,-2.1214582705964453,0.5,1,0.7659699652890629,0.35,0,21.976037487941127
B01033,salary_advance,12,established,C,med,21500.0,0.45630011360150685,25622.673468216344,0.03190680724828142,0.27777837765275754,0.1,0,0.4512157642297775,0.11141391255960086,0,11.441235026197965
B01034,personal,14,established,B,med,4000.0,0.4102123568017814,31898.52816360259,0.004286638291458319,1.122424409299822,0.1,1,0.41806982731473724,0.05912570069933415,0,16.45711622201199
B01035,salary_advance,10,established,A,med,29500.0,0.44146851660584685,23996.90705498276,0.04522569377389928,1.9412619698002023,0.25,1,0.5436059379670224,0.029833380281022552,0,12.764917286926648
B01036,personal,15,established,E,med,27500.0,0.670967073048363,25097.70106946774,0.061265885328693225,-0.8708272643612502,0.5,1,0.727439661576379,0.23887375402984187,0,15.596924775714744
B01037,personal,46,loyal,A,med,18500.0,0.3867786809450124,29532.905980291547,0.020190488541430723,2.1519791046629653,0.25,1,0.39822519218613556,0.016596122615667144,0,49.274628661199884
B01038,personal,35,loyal,E,med,6500.0,0.636226551333873,68651.30077766126,0.005019900736068589,-1.8279323958167013,0.1,1,0.636461427784536,0.35,1,31.633370833710533
B01039,personal,19,loyal,D,med,5000.0,0.5559728134165206,44507.01105246079,0.005204917909461414,0.03194938617071241,0.1,1,0.5838327333913299,0.14459250853415798,0,17.414680880967865
B01040,personal,16,established,D,med,7000.0,0.4842997756837839,42355.41007053882,0.006669943745361391,-0.4172106692157472,1.0,1,0.6597989477301927,0.15868909054654698,0,15.185081014508725
B01041,salary_advance,26,loyal,A,low,12000.0,0.26033178798486634,20961.4732280329,0.012419536792705521,1.9023370249243028,0.25,0,0.21783858109628332,0.03402584411420311,1,27.911170117681014
B01042,salary_advance,30,loyal,A,med,7500.0,0.37644687778486985,16415.867362441582,0.014332431751601937,2.0483024659397797,1.0,1,0.6349084449289755,0.026386733135351163,0,28.925488461644886
B01043,salary_advance,10,established,B,med,10500.0,0.5332228802328369,33331.043952746026,0.013998062012854934,1.3042236554333952,1.0,1,0.7069679777186036,0.04873311158305117,0,8.993787844080874
B01044,personal,15,established,E,med,2000.0,0.6803916403293245,53319.634673591725,0.002126770136662591,-1.3505500487458946,0.1,1,0.6834452113423902,0.31706461840114436,1,13.261195436432724
B01045,personal,6,new,B,med,6000.0,0.5763905363929579,69415.98276537837,0.004151713434218179,0.8626190317989219,0.1,0,0.5650335124310968,0.07924230472457332,0,2.334554456694805
B01046,personal,30,loyal,B,med,14500.0,0.5839904998450154,6981.712754132807,0.10107193065125976,0.9090419685934918,0.25,1,0.58477318318995,0.06340791149496425,0,27.325424781125427
B01047,salary_advance,51,loyal,E,med,6000.0,0.5510763792854585,103312.49032612777,0.0026670365681142187,-0.9212343852795909,0.1,1,0.5581496127621389,0.23478691571448462,0,51.49838293549691
B01048,salary_advance,17,established,E,med,3000.0,0.5735398334132983,33838.105277541,0.004237381412974441,-1.717013828801687,0.25,1,0.6021241524694719,0.35,0,14.777636497628738
B01049,personal,5,new,C,med,3500.0,0.5714991167060118,44351.9386940695,0.003758285371071622,0.6879892900207761,0.25,1,0.6668051327028813,0.08229065965317213,1,2.910800919383926
B01050,salary_advance,22,loyal,C,med,5500.0,0.5187677560873749,10332.305683113724,0.023012148707714838,0.5699006990207555,1.0,1,0.7121117758840686,0.09058288670765273,0,22.839516861496396
B01051,personal,10,established,E,high,5500.0,0.7171987739624686,23616.52103089569,0.013918904664356106,-1.2851820924548754,0.25,1,0.7751526626655996,0.35,1,12.031976441370066
B01052,personal,11,established,D,med,7500.0,0.6128968507089444,42301.014757831304,0.009055587292316035,-0.20817192870876858,0.1,0,0.6176488769516467,0.1514604878836962,0,11.03229610539177
B01053,personal,23,loyal,B,med,6000.0,0.6538866796031924,14099.41706642444,0.02318842958267833,0.7640410811132027,0.5,1,0.7265993135878225,0.07449152733132035,0,24.200550153340465
B01054,personal,18,established,D,med,12000.0,0.5261049790819762,5494.0927387480015,0.09575829970461427,-0.08285112666754706,0.1,0,0.5440450994312686,0.15660360649744973,0,16.555647807415557
B01055,salary_advance,12,established,E,high,35000.0,0.7192710544619926,32355.132535262648,0.06483898363145581,-1.2019861531260863,1.0,0,0.7245391686089432,0.2670741092338362,0,9.49185301187972
B01056,salary_advance,11,established,A,med,12500.0,0.6661880718866892,26176.557446314026,0.026510205157363697,2.23555690356411,0.5,1,0.7022286743652768,0.02491490534828664,0,13.765555023290542
B01057,personal,17,established,B,med,10000.0,0.5250871149677708,59440.75601863834,0.007361491089872238,1.004217968987892,0.1,1,0.5150365088526763,0.059136931041260964,0,19.819133149964262
B01058,personal,13,established,E,med,11000.0,0.6341365602465941,24637.989965968154,0.02359331453968588,-0.3353774516734673,1.0,1,0.7863432352302513,0.19994977815574352,1,15.52878189616621
B01059,salary_advance,8,established,D,med,20500.0,0.4731897614409034,25650.149109159884,0.03151505431884094,0.05490534409771236,1.0,1,0.6467557004372535,0.14620641409733356,1,10.893849392503064
B01060,salary_advance,13,established,C,med,41000.0,0.6213062126039179,39486.83594389802,0.05375959292896344,0.709487394713176,0.1,0,0.622593163535611,0.08779325108665657,1,14.955923445553344
B01061,personal,19,loyal,E,high,2500.0,0.702311507660737,47497.68441032169,0.003080463800410544,-0.7296213957403316,0.25,1,0.7750818089542556,0.19452591897580895,0,17.525329883832516
B01062,personal,14,established,C,med,5500.0,0.5022160141266263,18218.418412738363,0.012634595089060695,0.3226764365369687,0.1,1,0.518046432484772,0.11009370730579081,1,14.873588348102249
B01063,salary_advance,7,established,E,med,2500.0,0.6687333305062354,45228.1209720463,0.003080372141517299,-0.9807324368607656,0.1,0,0.6712949547717216,0.24177595712073416,0,7.230481470405898
B01064,personal,28,loyal,C,med,21500.0,0.5788422676699412,20192.09348610262,0.05136131114665081,0.329465783154834,1.0,1,0.792927824170129,0.11050673155504764,0,28.558666328902508
B01065,salary_advance,3,new,E,med,2000.0,0.6573436499131082,27148.76624209986,0.004035442126855345,-1.1685714998568588,0.5,1,0.7223541021190389,0.23975809946590604,0,0.633048181389054
B01066,personal,12,established,E,med,25000.0,0.694066967961555,38906.76253341404,0.03716507763086355,-1.1180839823267146,0.5,1,0.7375790879170628,0.25336345872872734,1,11.404045120682762
B01067,salary_advance,11,established,A,med,4500.0,0.5313788733575345,42822.75885254997,0.0046532984527037245,1.9957226136182098,0.25,1,0.5400331535464764,0.03495850950212365,0,9.857424618482387
B01068,personal,17,established,D,med,12000.0,0.5515047502028696,32050.664601260327,0.01720727969494844,0.059225894284554124,1.0,1,0.7002536326281881,0.14246275275619566,0,16.259445391232198
B01069,personal,22,loyal,C,med,6000.0,0.6189223958898503,14849.100501871684,0.020840400258986633,0.6074064854011676,0.25,1,0.6637022218434984,0.08553857123920865,0,23.776039166006903
B01070,salary_advance,30,loyal,E,high,5500.0,0.7275419717288251,9617.69499961842,0.034671169865088045,-1.261379861081323,1.0,1,0.8883645950354013,0.2964753959202413,1,28.745189933256302
B01071,personal,11,established,E,med,7000.0,0.5405295816442239,24260.97100115016,0.012996549998384203,-0.5970017585210479,0.1,1,0.5207930484913427,0.18920462746569283,0,14.704927883684356
B01072,personal,22,loyal,B,med,14500.0,0.5269631511922082,45899.370083817965,0.013872677116508107,0.8612121187043472,1.0,1,0.651865272216586,0.07571760594164727,0,20.260070322938656
B01073,salary_advance,18,established,C,med,9000.0,0.36723085027419483,34452.3880302273,0.007994311960726776,0.544136265947505,0.25,1,0.48159082388980473,0.0899651377085216,0,18.293524807716864
B01074,salary_advance,6,new,E,high,4500.0,0.7066240114373038,30733.795356613307,0.008621909569394253,-1.8040298213537054,1.0,1,0.792457408785004,0.35,0,0.476940913416124
B01075,personal,46,loyal,C,med,14000.0,0.6551957074594583,26799.416501864376,0.028522822203343772,0.6071379166570812,0.25,1,0.7118224407827366,0.08756129987626803,0,47.6199215369093
B01076,personal,7,established,C,med,38000.0,0.5241093338294525,31888.668744828305,0.052046059696228796,0.36655880354968934,0.25,0,0.5296972703521134,0.10882818300333293,0,6.926400949448374
B01077,personal,20,loyal,A,med,28500.0,0.5040879929950213,15572.31368467092,0.07688061052492698,1.6837619981986998,1.0,1,0.6304962966126308,0.031084345898674814,0,19.232479524353923
B01078,salary_advance,20,loyal,D,med,12500.0,0.540119640246677,41320.375076041186,0.013616154844227978,0.09476888106165715,0.1,1,0.5160038179101017,0.12623585801170745,0,21.03285000391686
B01079,personal,19,loyal,E,med,4500.0,0.621930854923963,42850.326865599694,0.00544276059615589,-1.842068720135671,1.0,1,0.7853830889026824,0.35,0,15.934691637032763
B01080,personal,12,established,E,med,26500.0,0.6401476277414407,22128.10879272674,0.06388523112559603,-0.9967707518051554,0.1,1,0.6786409571396211,0.26724164060889566,1,10.107780381696822
B01081,salary_advance,25,loyal,D,med,7500.0,0.5059781189832657,34212.76834712001,0.009243225253099447,-0.3470650388685572,0.25,0,0.5370067012409715,0.17110175050815044,0,25.126572997359258
B01082,salary_advance,6,new,B,med,44500.0,0.49378165729610285,10466.111020403847,0.1749558145876671,1.0867088777799743,1.0,0,0.47498285117720573,0.06448490582437023,0,5.144434268027212
B01083,salary_advance,15,established,E,med,11000.0,0.5910215746120954,29703.683889555025,0.018239144300827327,-2.3667365883953178,1.0,1,0.7058004600794872,0.35,1,13.745405526076397
B01084,salary_advance,12,established,D,med,5000.0,0.6290087400197805,25003.750347067562,0.01048190656882716,-0.09835646007262211,0.25,1,0.6878764978026142,0.155165088061976,0,11.583098026905203
B01085,salary_advance,11,established,B,med,4500.0,0.5125257060135807,53775.76063354775,0.003574047814308209,1.7757954735772548,0.25,1,0.580940711246909,0.04157476399226428,0,11.635592014595323
B01086,salary_advance,20,loyal,C,med,14500.0,0.4893616915600582,24118.789995246698,0.024516654611816707,0.7572124628336347,0.25,1,0.5898576931152784,0.08703475934133835,0,18.68810369488043
B01087,salary_advance,29,loyal,B,med,17000.0,0.4976953160753699,43380.50746128218,0.01625311472138477,1.646316816176424,0.25,1,0.5415316483291857,0.04579444638046113,1,29.158128837568054
B01088,personal,13,established,E,med,7000.0,0.6301777989588663,21695.390960812212,0.01694386225734909,-1.6417983335510877,0.1,1,0.6074655508022816,0.35,0,11.86980402788749
B01089,personal,25,loyal,E,high,35000.0,0.7294573641334411,7651.405282305094,0.27806447315539035,-1.2019895132063225,0.1,0,0.724755556406669,0.3080294422415697,0,22.98136739424749
B01090,personal,16,established,B,med,11000.0,0.4577442216706654,23764.66335942565,0.017656419681550146,1.4372424578452343,0.25,1,0.4827478312273584,0.04512809819965596,0,18.736088767683686
B01091,salary_advance,10,established,C,med,9000.0,0.608451257882717,29977.92301724982,0.01522248366404346,0.4512153657572532,0.5,1,0.7105499053161016,0.10894223441607277,1,10.359737248234019
B01092,personal,14,established,D,med,8000.0,0.49381636430525244,29230.28554702535,0.011262664848319878,0.10327436220914413,0.25,1,0.550164344649481,0.14567652903090927,0,14.098703414454517
B01093,personal,13,established,E,med,2000.0,0.6995498111175148,29474.264681457633,0.003955709716470066,-1.1181528281069966,0.1,0,0.7009424654433396,0.30347347472105357,1,11.660359801147644
B01094,personal,11,established,D,med,8000.0,0.6623013446578305,20362.49869249616,0.0216836959176625,0.10078172895023148,0.5,1,0.7104546828079151,0.14752345908648076,0,10.075590371552327
B01095,personal,20,loyal,E,high,28500.0,0.7020343319370889,22515.288207456353,0.07405330649058352,-0.7459375683400963,1.0,1,0.8142857036480643,0.2226217688170469,0,22.61836507244206
B01096,personal,18,established,B,med,4000.0,0.655335859316168,14479.814940136237,0.015086193251905427,1.18687044890565,0.1,1,0.6649649465596675,0.06440247961922183,0,14.940924712024566
B01097,salary_advance,6,new,A,med,32000.0,0.46575454812853123,8972.02681133562,0.13843161132482817,3.0778307098681714,0.25,0,0.47963001323919274,0.015,0,4.50475090877473
B01098,salary_advance,6,new,C,med,24000.0,0.6482599149548306,25373.168797926206,0.051098065055856484,0.8339410536653293,0.5,1,0.7300265473146847,0.08262337709864745,1,4.389705558126515
B01099,personal,20,loyal,D,high,3000.0,0.725179217359734,17856.775671577132,0.01015271780719645,-0.23494638546154367,1.0,1,0.7685612560286748,0.17077139237866285,0,21.010731855842128
B01100,personal,10,established,E,med,11000.0,0.5759642448560877,48723.15063260611,0.010836064942362158,-2.5336583304946583,0.5,1,0.6402851944828425,0.35,0,10.952142868111512
B01101,personal,19,loyal,E,med,8000.0,0.5749066799311522,8102.346357748004,0.047303719568541035,-1.2844641145423412,1.0,1,0.6986451986000144,0.30104929984881484,0,18.30610209461903
B01102,salary_advance,25,loyal,A,low,12500.0,0.3246930379289384,31573.08637020027,0.010712348819611627,2.304861831027136,0.25,1,0.3677503212006172,0.023444899331147573,0,28.189748548416432
B01103,salary_advance,8,established,E,med,4000.0,0.6993232874048034,86406.48377603947,0.002697804056839871,-0.6791918432710732,0.1,0,0.6889842642534465,0.23548213156293882,0,8.633517227762498
B01104,personal,7,established,D,med,4500.0,0.4330252369022278,24329.246435850422,0.006674455136393102,-0.3708348816865122,1.0,1,0.6196725186655457,0.15653778327168255,0,7.138082992598809
B01105,salary_advance,41,loyal,B,low,16000.0,0.33242667306218704,26862.553971493766,0.016500127447050362,1.4053259745791782,0.1,0,0.3358178587410189,0.05101179735824986,0,39.49668268145484
B01106,personal,19,loyal,A,med,7500.0,0.37570089584165783,34012.74966602705,0.006903677656369385,1.8822897993617924,0.1,1,0.375561405805699,0.026928584373281942,0,18.215589458077602
B01107,personal,13,established,D,med,5000.0,0.40424778083106544,35507.019966979395,0.004743754206996783,-0.199586921163838,0.25,0,0.4230469496969353,0.15517986781947216,0,15.319519220991898
B01108,salary_advance,9,established,D,med,34500.0,0.5965812361557605,21489.526693444084,0.07981427783009605,-0.054666869666034734,0.25,1,0.6386661700775332,0.1483540784605894,0,9.061905613562486
B01109,personal,12,established,D,med,12000.0,0.4542800708175046,15451.12483412541,0.029401100288451488,0.07162102851068375,0.25,1,0.49515727432610446,0.12233644483649084,0,12.679350167441468
B01110,personal,8,established,E,med,10000.0,0.4326679898199669,38522.4488998137,0.009359650501997276,-0.6276378166392172,1.0,1,0.6774484080932541,0.22198694160503474,1,7.126183640328344
B01111,personal,26,loyal,D,med,33500.0,0.5720944860363815,9419.772692021927,0.16954730852520739,-0.17381920329295508,1.0,1,0.7777862890530921,0.16215640244305138,1,28.280102371843096
B01112,personal,10,established,C,med,3500.0,0.5477910195693305,42519.81901705981,0.003757597854393912,0.4118801175338736,0.25,1,0.5978406637347354,0.09337330049362924,0,10.218514223541947
B01113,salary_advance,30,loyal,B,low,6000.0,0.34284983160938004,21687.9223697646,0.007904164948675563,0.9352915178344864,0.25,1,0.44833821764302173,0.07517390015706032,0,27.373887491163686
B01114,salary_advance,13,established,A,med,19000.0,0.38961339670114137,26948.875087648717,0.022891043730165726,2.481605306558584,0.1,0,0.40162502114760323,0.017567380032841775,0,13.655230650314264
B01115,personal,9,established,D,med,9000.0,0.5432532985543701,20149.115503700425,0.02022123372318504,0.4388488166354295,0.25,1,0.5438547367883455,0.13825908170945844,0,9.009113649891201
B01116,personal,13,established,B,med,4000.0,0.47836331472945665,59099.95505699087,0.0026980466920725776,1.151145548093828,0.5,1,0.5664425358894795,0.05760063542121131,0,11.90598344678477
B01117,salary_advance,3,new,E,med,14500.0,0.5883303358467911,30851.970136192806,0.02304226124544664,-1.071285176723131,0.1,0,0.5739000160947105,0.25633571681934386,0,2.8599642237317715
B01118,personal,15,established,C,med,3500.0,0.653566984042653,22539.939587686647,0.008457152377783791,0.5251572900302712,0.5,1,0.7994909591986257,0.08362869293562686,0,16.082713321307374
B01119,salary_advance,14,established,E,high,7500.0,0.7721936113001393,22193.470598107047,0.02174608089929618,-0.3729813466010591,0.25,1,0.8031821366483505,0.21234819133483698,0,15.78449650689034
B01120,salary_advance,25,loyal,B,med,10500.0,0.4826552995139985,24797.88325607392,0.017030622441183807,1.1454532632965577,0.5,1,0.5913475918919954,0.055461465468373224,0,22.488749002109536
B01121,personal,5,new,C,med,13000.0,0.4173531419355172,100540.61931292593,0.0044970139782301456,0.3385145981148411,0.5,1,0.557298512796184,0.09176251760745187,0,4.137346933206869
B01122,salary_advance,31,loyal,C,med,6000.0,0.5074111027785142,13037.712569724341,0.01945936068405144,0.7998688440014738,1.0,1,0.673630650754285,0.08692029676619689,0,32.07596344901532
B01123,personal,25,loyal,A,med,5000.0,0.46608176806035495,48804.861097365334,0.0039791269214840205,2.807325721474793,1.0,1,0.6636244751143549,0.015,0,20.688363200535527
B01124,personal,32,loyal,A,med,29000.0,0.48077240397550025,36770.74767422633,0.03159758004472609,1.8279797691084525,0.25,1,0.4985884641128918,0.03712010752846583,0,29.545113756092217
B01125,personal,15,established,B,med,45500.0,0.5745323352740489,62748.90858823792,0.03471670111229806,1.1772453328290966,1.0,1,0.7233181719627684,0.0653555620185712,0,17.248654739287367
B01126,personal,28,loyal,B,high,10500.0,0.7191415138348948,38024.52926207756,0.016548497425662872,1.1642861923700136,1.0,1,0.7746791226275084,0.06017290591736776,1,29.906635841475847
B01127,salary_advance,7,established,A,low,4500.0,0.31359757862812915,26952.993606903805,0.004363118015782348,2.1133608177300442,0.25,1,0.4131284077270825,0.037797913839106835,0,7.4826490967226365
B01128,salary_advance,24,loyal,E,med,6500.0,0.5481804245757854,47146.5066765092,0.006298050147156078,-0.6869692974692158,1.0,1,0.6625782699715826,0.18621603230416459,0,25.989869311219866
B01129,salary_advance,10,established,A,med,7000.0,0.6398699277670886,30527.184276609507,0.012227051616749723,1.7202831179905762,0.1,0,0.607438828115848,0.03276967327459261,0,6.851053165657579
B01130,salary_advance,6,new,E,med,4000.0,0.5485992951414395,40750.598954603585,0.004487453838838724,-0.6412443119995229,0.1,1,0.5488374087527762,0.21528889020198705,1,9.437729534812618
B01131,personal,8,established,E,med,4500.0,0.6762916616850823,59013.452483955625,0.004297484089765063,-0.5643391190667296,0.1,1,0.6544892870824092,0.2726664902194551,1,7.8382656151243815
B01132,personal,16,established,C,med,5500.0,0.6052433589832451,28307.61094903404,0.009799597949120466,0.561392444061668,0.1,0,0.6146711135360428,0.11841946946483112,0,13.363631720776413
B01133,salary_advance,10,established,B,med,7000.0,0.6182388521723476,21302.68201763492,0.016929292289831054,1.5832201655107236,0.1,1,0.6567783512026226,0.049621622999409636,1,9.836655010250837
B01134,salary_advance,20,loyal,D,high,4500.0,0.7524176283560162,18880.850279256945,0.014944062712233442,-0.403576631681962,0.1,0,0.7376295774286448,0.17135158575042758,0,20.91839390632491
B01135,personal,6,new,E,med,17500.0,0.6233728784890272,34468.3649428622,0.02637448713634889,-0.5125448776777309,0.5,1,0.6839879053505223,0.1875568314296958,0,5.017834449573661
B01136,personal,5,new,D,med,7500.0,0.4051963663918439,16597.500240437632,0.015258184987272817,-0.2524679274986895,0.25,0,0.4180176058385755,0.15320441281724084,0,6.353176220790319
B01137,personal,34,loyal,C,med,8500.0,0.4855999961356102,22194.66602053142,0.015497717497131988,0.213633995304286,0.25,0,0.47648083435031074,0.10918404230555731,0,35.92425250157234
B01138,personal,27,loyal,B,high,6500.0,0.7149519486830721,15801.137041280319,0.024508719711642882,1.2540320612351876,0.25,0,0.7037757321059909,0.0664824623506768,0,26.482427216880133
B01139,salary_advance,9,established,A,low,32000.0,0.28372305841046164,35581.69200836782,0.021263598770119414,3.7859276159845203,0.5,1,0.4330546253636052,0.015,0,7.063968459815854
B01140,personal,16,established,C,med,3500.0,0.5955406666706913,17788.622138192823,0.009764632682783568,0.41932070852587977,0.5,1,0.6094068643468064,0.10218791846338608,1,16.09575344117924
B01141,salary_advance,28,loyal,D,low,5000.0,0.32507232395414787,13257.210846197186,0.010216839968749109,0.014803561837683832,0.5,1,0.4332765494208688,0.15493275637143442,0,26.854385666428023
B01142,salary_advance,20,loyal,D,med,10500.0,0.4567408854641847,14604.332604324765,0.027365048825498138,-0.5465083306389955,0.1,0,0.4567130174048997,0.17008893246900755,0,21.222140543525413
B01143,salary_advance,17,established,D,med,12000.0,0.6504897587997085,19651.351655902323,0.033101527578859063,0.024746086414394353,1.0,1,0.7859545376874771,0.14025938194215545,0,16.33132986025051
B01144,personal,30,loyal,E,med,17500.0,0.5953769100627246,20657.516960463825,0.04203109190244026,-0.5402498860287901,1.0,1,0.6843542972130204,0.18163364917410307,0,29.72751678642034
B01145,personal,11,established,C,med,9000.0,0.5068320592172549,30893.434205675436,0.01230436350592284,0.4675497919754231,0.1,0,0.4615822457533872,0.09607827362512017,0,7.243749724413989
B01146,salary_advance,16,established,B,med,9500.0,0.447571432542396,24614.899054743593,0.014394833929972192,0.8020216357842265,0.1,1,0.49308850898224327,0.0711153410298969,0,19.021631505327516
B01147,salary_advance,16,established,D,med,5000.0,0.3750327092130321,32980.47295153595,0.004738065129277836,-0.11316820452495657,0.1,1,0.42228132324037904,0.1419114365678169,0,19.043269593672566
B01148,personal,14,established,A,med,12000.0,0.548584542464626,34469.73213422395,0.01591496389726664,1.984955013783783,1.0,1,0.7473245512205878,0.03066838402366652,1,14.811373862202585
B01149,salary_advance,13,established,E,med,7000.0,0.5598106754126163,40427.87217055072,0.008077502222882331,-0.3854473192398943,0.25,1,0.5737517552808502,0.19167115880782162,0,14.0880842404554
B01150,personal,17,established,D,med,5000.0,0.4217409386900073,9420.999658090117,0.01865252069826107,-0.11943106789817422,0.25,0,0.4477813695322656,0.15040134914290104,0,18.450633012368918
B01151,salary_advance,16,established,B,med,3500.0,0.5246675160878075,14472.812172360098,0.010573482451313818,0.9891626658898175,0.5,1,0.5762173664519235,0.07009795611339904,0,18.797623868700324
B01152,personal,9,established,B,med,43000.0,0.5818852865121591,36504.3860324863,0.05711886077140584,0.8920548937698285,0.25,0,0.5631913085839887,0.06365304987371932,0,7.119943029694005
B01153,personal,25,loyal,B,med,4500.0,0.4723193531525188,30220.53043374217,0.005860908292808613,1.677576521543199,0.5,1,0.5307151207110631,0.04214008307661838,0,28.40328496641579
B01154,personal,9,established,C,med,5500.0,0.5577945104272146,46042.175976366096,0.005552644110703427,0.42849647899323895,0.5,1,0.5887660771096304,0.10018669924117511,0,8.829134383335019
B01155,personal,14,established,B,med,44000.0,0.5217895323346812,11507.91460685362,0.16625325704865135,1.0509127007879968,0.5,1,0.6249380753910696,0.05919909246532653,0,16.331932421937132
B01156,personal,13,established,E,med,10000.0,0.5298811862475737,20716.06955013558,0.021315223630508688,-0.6651081720279391,0.5,1,0.583575268385856,0.20523808839155203,0,11.353323213495717
B01157,personal,20,loyal,B,med,10500.0,0.5121737908682739,22856.504918626957,0.019607200164908727,1.3180819603503822,1.0,1,0.6456940314144544,0.04942647574163651,0,19.47136679586335
B01158,personal,5,new,D,med,13500.0,0.6156102349619648,29484.2081897519,0.023489235657104417,0.5547291501563996,0.5,1,0.6323075423677527,0.12015915376878089,0,2.589590326901823
B01159,salary_advance,26,loyal,A,med,4500.0,0.571042573284033,27439.327019056753,0.0078041624283565845,2.2628866747535357,0.25,1,0.5518125804565522,0.023363244693207795,0,22.621874065428898
B01160,personal,11,established,E,high,11500.0,0.719414083947197,34821.58667168414,0.01979916950989181,-1.6684359922285426,0.1,0,0.7155512838503011,0.35,0,12.62379610296018
B01161,salary_advance,32,loyal,D,med,5000.0,0.5106582976222563,25259.063514233723,0.008423680892050483,-0.15718311560106724,1.0,1,0.7109010054935571,0.17820278974456688,0,30.10904138622557
B01162,salary_advance,12,established,B,med,45500.0,0.5757606082990685,57227.220613675825,0.03814779545567514,1.173140969367302,0.1,1,0.6274319075711517,0.053760379038620326,0,13.910978415495405
B01163,personal,16,established,E,high,3000.0,0.7228997585754814,68197.6307160816,0.0026500178634688816,-2.651364479881397,0.5,0,0.732952958807604,0.35,0,19.397698466237713
B01164,personal,47,loyal,B,med,14500.0,0.45396554292845176,14547.243225791619,0.03770760474621559,0.8920061737883502,1.0,1,0.5938294900827346,0.06604731926140349,0,50.630324470601806
B01165,salary_advance,14,established,B,med,11000.0,0.4579244404302339,27579.03511120797,0.015220404510228542,1.4098044249313673,0.25,1,0.49897509657783884,0.0569891030188249,1,11.283755739952236
B01166,salary_advance,32,loyal,C,med,5000.0,0.6232957909124024,41726.715053284686,0.006223988138419022,0.1736247524495601,1.0,1,0.746283100719798,0.11545474895350682,0,32.906602066175815
B01167,personal,16,established,E,high,7000.0,0.7168420160274286,37120.712823688096,0.011264811768803768,-0.43019000011191194,0.25,1,0.7504603412037772,0.22711745155816976,0,19.901334036346697
B01168,salary_advance,20,loyal,D,med,18500.0,0.4018832591009005,21497.372699282994,0.028820732333858,-0.32413734723990384,0.5,1,0.5096085351557966,0.1568476990233683,0,20.096117613892908
B01169,personal,17,established,E,high,4500.0,0.7375194281951954,30951.467336306087,0.008935595284323784,-0.5215471197314033,0.1,0,0.697870312754514,0.19771760150923398,0,18.302872612736763
B01170,personal,26,loyal,E,med,49000.0,0.6835037963181112,11260.968686207534,0.24784491572061762,-0.09256850196175759,0.1,0,0.6513460582314355,0.1807436357950345,0,24.889668134608975
B01171,salary_advance,11,established,E,med,4500.0,0.6038170225219615,26621.43418858951,0.008505604237610483,-0.3328412744655215,0.1,0,0.6165506005155431,0.18364289816715548,0,8.136671419810714
B01172,personal,9,established,E,med,10000.0,0.590479862786256,12050.15693546327,0.040834866712295005,-0.7376781777844968,0.1,1,0.6648604729708192,0.3031687571029472,0,8.559450415760237
B01173,salary_advance,11,established,D,med,12000.0,0.6008370718875315,35574.64451004075,0.0168894750787446,0.07899521511160645,0.1,0,0.650289564369067,0.12926006131401585,0,10.426796890585363
B01174,personal,17,established,D,med,7500.0,0.5189686457495568,14562.763849223084,0.02227292888573327,-0.28310431565612143,0.5,1,0.6392255516879792,0.17934302381808492,1,15.655164136858069
B01175,salary_advance,14,established,A,med,18500.0,0.4529833277457775,29427.010207933097,0.023731574903696536,2.2241318998610566,0.5,1,0.5095832537096717,0.03214766454376498,0,14.021889547533911
B01176,personal,24,loyal,C,med,12000.0,0.4175247976644404,32066.192941159792,0.013020716192613887,0.005814856882989827,0.25,1,0.4541252118148488,0.11588066760524525,0,28.136020073177725
B01177,personal,33,loyal,B,med,14000.0,0.35983153667398504,28049.473451759713,0.014966536187389488,0.7441502161918585,0.25,1,0.4228976987041013,0.06427263567027719,0,31.498991410011158
B01178,personal,9,established,E,high,7000.0,0.7885294924800889,19004.402187441654,0.02420363096630366,-0.5768829664763014,0.1,1,0.7972632411302824,0.1932583314183882,0,10.182755818246687
B01179,personal,10,established,E,med,10000.0,0.6062270438993532,23963.747880232622,0.021081393685759186,-0.5895957758414572,1.0,1,0.7346688182862813,0.23562126482764698,1,12.861411923688177
B01180,salary_advance,7,established,E,med,5500.0,0.6525255132080753,51512.99667913391,0.005805800726690116,-1.3543705377326223,0.25,1,0.6421533794512082,0.29105561413584563,1,9.274706787619373
B01181,personal,50,loyal,E,med,2000.0,0.6289426449108851,21300.064504562142,0.00492128904724033,-1.1713662478110933,0.25,1,0.692807272367225,0.3285432029358417,1,51.612024052098654
B01182,personal,19,loyal,E,med,4000.0,0.5302115740858037,27222.158158321316,0.006492401900468322,-0.8069982796529996,1.0,1,0.683893079687964,0.26210710679566274,0,19.852297765059028
B01183,personal,21,loyal,C,med,14000.0,0.5123821300517076,19806.51410044545,0.03018093687235697,0.5836968347600708,0.5,1,0.5855192149978914,0.11983603563005336,0,20.56541000229378
B01184,personal,7,established,B,med,44500.0,0.5277208878870925,47156.866326580035,0.04149904588008898,1.0761736552845853,0.5,1,0.577212128037486,0.07189588636081462,0,6.702936170670776
B01185,salary_advance,16,established,E,med,2000.0,0.6252387377607821,28079.833435504836,0.003711078149121158,-1.4366645268955178,0.5,1,0.6587556863236315,0.35,1,18.9252989043388
B01186,personal,21,loyal,E,med,7500.0,0.5037489846530324,17673.370521071844,0.017814548449191392,-0.14907680134881696,1.0,1,0.6499816783969051,0.18703158103737452,1,22.029247955195476
B01187,salary_advance,14,established,E,med,3500.0,0.666754358120139,27008.823616029375,0.0072002403319394665,-1.0168907093503483,0.1,1,0.6516213508822299,0.2984253887365471,0,14.597580471139553
B01188,personal,29,loyal,D,med,8500.0,0.5782062182524749,23562.988243498832,0.017381612794456883,0.1357229058664502,1.0,1,0.7762312955513695,0.12085323480873632,0,31.038113535980287
B01189,salary_advance,58,loyal,A,med,17500.0,0.524386093559367,57868.01893693687,0.013215066522451035,1.8257694937071505,0.1,1,0.5460920159676239,0.028648287918379534,0,61.99081422713443
B01190,personal,9,established,E,med,10500.0,0.6547194477133883,26250.015839304913,0.02182396842181808,-0.4468824016079753,0.25,1,0.7026871538569945,0.1815985062527527,0,4.651320312356628
B01191,personal,9,established,D,med,12000.0,0.5527929451653005,12575.278117089732,0.04395870532788122,-0.04751697219969663,0.25,1,0.6209389592055201,0.14608766434677953,0,7.154029029625687
B01192,salary_advance,10,established,A,med,29000.0,0.4698631213136213,35392.254652204,0.032083362711221704,1.8052283963923141,0.1,1,0.4714551105022146,0.03529124347419562,0,12.918267985432243
B01193,salary_advance,39,loyal,B,med,4000.0,0.65303363823527,71850.87634856685,0.003029578628321052,1.2079009305079094,0.1,1,0.6931994262978576,0.04120984182716935,0,36.48308952588212
B01194,salary_advance,29,loyal,D,med,8000.0,0.47336615877695415,51964.28783639862,0.006072967653827605,-0.010091855816802053,0.25,1,0.4961145781799443,0.1389120112474215,0,31.22197086419761
B01195,personal,15,established,D,med,5000.0,0.3752032658773862,14667.456685001729,0.010658609564904208,0.1589152858357252,0.25,1,0.42969378149229526,0.1266630843759909,0,14.449013890706121
B01196,personal,16,established,E,med,28000.0,0.6636053302590149,23206.774529737326,0.06672243207632704,-0.8275490114022908,0.1,1,0.6812067856119588,0.2661093502354523,0,18.16552968830092
B01197,salary_advance,10,established,C,med,24000.0,0.47055313808525284,26452.984129383643,0.0355765637467395,0.7704820127359997,0.1,1,0.44547856869783364,0.09877685464617193,0,12.311918009238418
B01198,personal,26,loyal,B,med,3500.0,0.4177456605273064,26630.118476697906,0.004575363959686471,0.9153401540727594,1.0,1,0.6270903226231082,0.07241364809914999,1,23.746325302013524
B01199,salary_advance,13,established,E,med,3500.0,0.6972412089713583,33174.242366227176,0.006130117970390915,-1.0171597004984525,0.25,1,0.7347526086772229,0.2550516742128643,0,11.441023621438024
B01200,personal,14,established,C,med,8500.0,0.541090735709666,22264.403930180142,0.017214590862748166,0.17514941738577372,0.5,1,0.6469184735052744,0.09782848032528256,0,14.37808659907229
B01201,personal,22,loyal,D,med,53500.0,0.4292770586274511,16259.08149982366,0.11771022980202231,0.28242674200408036,0.1,1,0.4280668309536458,0.12597658748608556,1,21.73843304274834
B01202,salary_advance,14,established,B,high,3500.0,0.705064976003084,45410.116294610154,0.004528593364528362,0.8946773971721118,0.25,1,0.7410437324653891,0.06351610127756697,0,16.541509659685673
B01203,salary_advance,14,established,B,med,10500.0,0.35681438927763887,14501.953663572342,0.021529002082125333,1.1813470510191335,0.5,1,0.462539940292857,0.06451789154457772,0,14.334249329196153
B01204,personal,16,established,C,med,9000.0,0.5383026683325529,17306.47352045751,0.023328091697721088,0.477449604124605,0.5,1,0.6197663540795189,0.11960045987552757,0,16.848909128844333
B01205,personal,25,loyal,C,med,12500.0,0.37370495377216434,14452.467489842338,0.02693491570116086,0.09680664662024768,0.25,1,0.398382867350358,0.10775343886443653,0,29.56148858085428
B01206,personal,40,loyal,B,med,16000.0,0.5338476720747753,37673.67446626964,0.018893747588571257,1.3333300208640004,0.1,1,0.5391570700217053,0.054668569795296496,0,39.00532763955748
B01207,personal,22,loyal,E,med,4500.0,0.5324288756373081,28525.65737897555,0.006999341880588802,-0.4730627763102515,0.5,1,0.604734328593995,0.23076382118175992,0,23.244862699715625
B01208,personal,25,loyal,E,med,15500.0,0.6929542757253154,43736.00657189086,0.020465195833718194,-0.9205219933694994,1.0,1,0.7971125132874427,0.2963582323584397,1,28.348209546415337
B01209,personal,14,established,E,high,1500.0,0.7000085233633989,17468.309299071352,0.005009131904086251,-3.1952866845608003,0.5,1,0.7289150380692638,0.35,0,11.221075537676795
B01210,salary_advance,11,established,C,med,21500.0,0.679111221337086,13505.371654665434,0.09009311030760285,0.27985904826284497,0.5,1,0.7458122038611338,0.10285216456314032,0,12.973936161454274
B01211,salary_advance,23,loyal,D,med,5000.0,0.5255164667206832,21075.246402359706,0.010389686093655101,-0.0715464394934352,0.25,1,0.5590522293053456,0.1266164241301392,0,19.622088857323096
B01212,personal,18,established,C,med,9000.0,0.3905653408901418,24333.91882031234,0.01203768319565087,0.3977544760753508,1.0,1,0.620299341796511,0.11308891257216926,0,14.431878698747132
B01213,personal,7,established,E,med,4500.0,0.6825879324886904,30182.05946146702,0.008480881664488555,-1.9712273940443676,0.1,0,0.6805451510117265,0.35,0,5.180045600135709
B01214,personal,13,established,D,med,10000.0,0.5686386688321411,10664.594426147769,0.04443352821728316,-0.6471785508995,0.25,1,0.6454506235464122,0.160490638573194,0,15.631205169564657
B01215,personal,15,established,C,med,5500.0,0.36578383446409674,35006.952892225134,0.004789075034480139,0.47026990586448525,0.5,1,0.49007493260951,0.09579425940410242,0,14.684250852015762
B01216,personal,12,established,E,med,6000.0,0.5216993224441069,16451.446639548394,0.015855727884439345,-1.0298361463489805,0.1,1,0.5562150333347401,0.30905706497223656,0,12.702560258814723
B01217,personal,37,loyal,B,med,3500.0,0.4558424737207179,18843.463945110125,0.007055712008285554,0.809256748612862,0.5,1,0.5060783338998289,0.07830002528557341,0,36.616092441849155
B01218,salary_advance,21,loyal,D,high,8500.0,0.701806666883252,51304.83325037452,0.009689400086011222,0.19297740493195936,0.25,1,0.7750708280513166,0.1254183447612536,0,17.849473895187487
B01219,personal,34,loyal,C,med,22000.0,0.6175784505630867,8096.941971556466,0.13983392289867333,0.3671916902200024,1.0,1,0.7324173032718306,0.10276601372874887,0,31.405514839555014
B01220,personal,19,loyal,B,med,10000.0,0.48504618883123574,32124.559657428657,0.01258243417714498,0.9951580064168556,1.0,1,0.6907592055060312,0.05706935519095708,0,15.455890544110638
B01221,personal,17,established,B,med,10000.0,0.5694480361526807,32057.958496178508,0.014802565490369629,0.952797023115313,0.1,1,0.6042382188714474,0.06834234634914484,0,15.500052264775132
B01222,salary_advance,9,established,C,low,13500.0,0.3473198060523819,17148.53905609634,0.022785310196440478,0.4424924113206071,1.0,1,0.5725300078853712,0.10263308008785182,0,7.458962926860625
B01223,salary_advance,16,established,E,med,7000.0,0.5373320009564498,21039.304779287413,0.014898004972729516,-0.4640102948787449,1.0,1,0.689177006855018,0.21193464568314882,0,15.235497260604813
B01224,personal,16,established,E,med,17500.0,0.6308037284196993,52658.12049982042,0.017469710183608475,-0.45803886237965,1.0,1,0.7786549746754692,0.2131247615985609,0,18.54315366746719
B01225,salary_advance,7,established,B,med,10000.0,0.5378892372629496,79190.2092186413,0.005660308710826622,0.9869553630869581,0.1,1,0.5407091066554535,0.0674816672920094,1,8.20133816632438
B01226,personal,12,established,E,med,26000.0,0.5734482987198855,48319.92240673137,0.025713437687971092,-1.0212535834826066,1.0,1,0.7248548915108824,0.31697724217445955,0,10.858732080741884
B01227,personal,13,established,D,med,19000.0,0.5715801613508259,75904.36087510976,0.01192292394936128,-0.1780665966402057,0.1,1,0.6182061480008528,0.15382871075923538,0,17.213269167000693
B01228,salary_advance,20,loyal,C,med,8500.0,0.5805710597082251,18393.772614229434,0.02235744904456734,0.36411590163852514,0.1,1,0.6045420801597166,0.08898413619548066,0,22.716825488564567
B01229,personal,21,loyal,D,med,8500.0,0.5528987661367634,11281.886606850205,0.03471375308591954,0.2966382166810354,0.1,1,0.5357040463788502,0.12125655070157944,1,21.285455234560537
B01230,personal,11,established,E,med,9000.0,0.6980336899398953,26135.718178572577,0.020031026653942678,-1.0092825292493772,0.5,1,0.7157777098527274,0.2843159015413397,0,8.412745627138362
B01231,personal,21,loyal,E,med,7500.0,0.6726670198954244,41884.54778141397,0.01003751764561722,-1.4519443522121116,0.1,1,0.7182197977921176,0.35,1,20.404376038587746
B01232,personal,14,established,C,med,5500.0,0.5906749131942393,9700.06088849007,0.027909721907202867,0.5207426159596433,0.1,1,0.5670817550961925,0.08074266883057227,0,14.466644611296607
B01233,salary_advance,3,new,C,med,6000.0,0.6866060438932959,16162.495309486869,0.021240719045724336,0.9641314234886486,0.5,1,0.7321174639524425,0.08699487407822061,1,1.592468533302041
B01234,personal,12,established,E,high,3000.0,0.7260809284417655,17180.541235299577,0.010565454814513368,-1.7921749574981565,0.1,1,0.7415475532591106,0.35,1,13.324791327990102
B01235,personal,29,loyal,B,med,14500.0,0.694042358426911,32732.048694306275,0.025621204595678043,0.7689261609262164,1.0,1,0.7967852126684174,0.07608374657840729,0,30.50686824512063
B01236,personal,6,new,B,med,15000.0,0.4491301063827813,30491.119615794392,0.01841233251033737,1.0831829148451766,1.0,1,0.672342232115105,0.054114290349734404,0,4.793739552120499
B01237,personal,17,established,C,med,5500.0,0.38368170298302684,17564.965043448432,0.01001164041216311,0.5959110467623232,1.0,1,0.6069451385976005,0.10480394102767474,0,16.997384445138593
B01238,personal,39,loyal,D,med,8000.0,0.5519629934894196,29699.81686855718,0.012389818113071169,-0.01667017867606646,0.1,1,0.5714861437224037,0.12443391982188011,0,38.40919622385496
B01239,personal,10,established,E,med,9000.0,0.6039109991429563,14333.534608753427,0.03159955040542567,-0.9434963697507577,1.0,1,0.7921384141454468,0.3410039764646669,1,11.580240878576664
B01240,salary_advance,16,established,C,med,39000.0,0.682749510228722,21278.795790485387,0.10427920499314734,0.4309780793499893,0.25,1,0.6741611906276723,0.09463488710776886,0,16.259786244224163
B01241,personal,8,established,D,med,5500.0,0.4463765042328593,13418.181719826101,0.015247165031640263,0.24778505884688073,0.1,1,0.47948828613355216,0.14772692501191145,0,8.221037859333512
B01242,personal,40,loyal,C,med,5500.0,0.5353883634580971,24769.521255749944,0.009906785469043508,0.49580751115589883,0.25,1,0.6267810951415412,0.09542648204507287,0,43.180317407063
B01243,personal,15,established,E,med,7500.0,0.619452926702642,17321.9698378766,0.02235069583960266,-0.18013463011756567,1.0,1,0.7321865709801815,0.1962697746582124,0,17.148213888038995
B01244,personal,16,established,E,med,9000.0,0.631323103132224,39328.560375762914,0.012039401463598144,-1.0826517241227573,0.25,0,0.6422389534745887,0.2709167567920171,0,13.289218906655694
B01245,personal,34,loyal,B,med,6000.0,0.5115075354916238,26518.479567171245,0.0096443601563954,0.8226882913088518,0.25,1,0.5387684297723289,0.07610674886229209,0,28.630280716381
B01246,personal,23,loyal,C,med,6000.0,0.5630740862799172,23748.89985558113,0.011854740423851495,0.8708544944135239,0.5,1,0.5940444019881321,0.08169671486272745,0,23.077538753213435
B01247,personal,10,established,D,med,21000.0,0.6611014210127806,71144.50739139476,0.016261655736930457,0.20082212546167189,1.0,1,0.7529644413970688,0.13338128933936316,0,9.521954646302348
B01248,salary_advance,11,established,C,med,9000.0,0.6906930935170882,33216.71517590419,0.015595154951191384,0.4609936450712573,1.0,1,0.7934617872798607,0.11642485245023587,1,11.745966807926003
B01249,salary_advance,21,loyal,A,med,8000.0,0.46463240215517954,21971.803561089415,0.014097838345809483,2.4292494877461053,0.1,1,0.5109682969385092,0.019114980808311238,0,21.281063393642665
B01250,personal,11,established,E,med,7000.0,0.5195156088934948,19515.134253668915,0.015529012914557019,-0.6243787845733961,1.0,1,0.713583967245119,0.22156719328033345,0,10.935203348731608
B01251,personal,5,new,C,med,6000.0,0.6716186104869951,14049.68236085228,0.023901558527699464,0.9314350974566558,0.5,1,0.7279248195855159,0.08283311335862871,0,9.376409674443451
B01252,personal,15,established,E,med,6500.0,0.4969166741258705,25945.769830653597,0.01037406869180054,-0.7340244692218376,0.25,1,0.5168636419836732,0.21723249695110042,0,13.965030687363742
B01253,personal,7,established,B,med,10000.0,0.686256729656372,31862.57645807247,0.017948347924704282,1.1089505729564282,0.5,1,0.6910396079775863,0.06557561356405543,0,8.982444376098915
B01254,personal,40,loyal,A,med,4000.0,0.6252368190733386,9387.114257264582,0.022201953370617422,1.6333675500805436,0.5,1,0.6629680634372311,0.038374332159101215,0,37.40681488825985
B01255,salary_advance,18,established,D,high,3000.0,0.7020507938696338,12705.73900029009,0.013813655267387535,0.05694879659811741,0.5,1,0.7526109865497653,0.139731075031481,0,22.876627404378677
B01256,salary_advance,9,established,A,med,30000.0,0.5466677547300692,20254.726767289514,0.0674740964184362,2.0109630540608334,1.0,1,0.7247889849205431,0.029408096617355464,0,12.636906807112647
B01257,salary_advance,11,established,B,low,24000.0,0.3243737948141489,14705.849315777967,0.044114935200121615,0.8190358867460892,0.25,0,0.3016010715439639,0.06821593074077686,0,12.245773439328575
B01258,personal,5,new,E,med,2000.0,0.5309333806563481,27550.931281039637,0.0032118296065351323,-1.2272724411405675,0.25,0,0.524615695688694,0.3108984312102542,0,2.2397315878380635
B01259,salary_advance,8,established,D,med,12000.0,0.5986675733475642,29738.078964653847,0.020131346549288873,-0.02415659438920903,0.25,1,0.6586597892918327,0.1470752384624716,0,7.472898275912656
B01260,personal,28,loyal,B,med,4000.0,0.43070069109009346,25152.962142965982,0.005707753075523139,1.5327623061066515,1.0,1,0.6490254623848675,0.04236043988513314,1,25.879597701202655
B01261,personal,56,loyal,B,med,26500.0,0.47682916494707334,36409.89570704709,0.028920646950777004,1.3230647018766497,0.5,1,0.6036314652533115,0.06364376680379365,0,58.0063998360159
B01262,personal,24,loyal,E,med,16500.0,0.6614396570985153,19502.505965331507,0.04663398283929195,-0.6580404013792908,1.0,1,0.7847882834501174,0.25177416697328336,1,28.106117162640533
B01263,salary_advance,15,established,D,med,12500.0,0.5407750018225188,26232.446163479442,0.021473685300052375,0.21074268780950284,1.0,1,0.6837791443655644,0.12612826867839821,0,13.260611227342924
B01264,personal,12,established,C,med,12500.0,0.43463223578686383,15493.525846677367,0.029221361022550914,0.20352298277651182,0.5,1,0.5221202216155362,0.11032099634477273,0,14.502226603638006
B01265,salary_advance,9,established,D,med,7500.0,0.6568893581479929,31462.160193221574,0.013049194534676246,-0.15760458907560893,0.1,1,0.6409313593724668,0.14311691978522764,0,6.436033886501246
B01266,personal,51,loyal,A,med,8000.0,0.5006822874934611,28050.15636703,0.011899690942708619,2.757799723374719,0.1,1,0.5388682337675197,0.020876000225030344,0,50.33340047979891
B01267,salary_advance,14,established,B,med,9000.0,0.5131617807223217,13916.156139555365,0.027656439873348405,0.5836637434053256,0.1,0,0.4943550753745244,0.07961445381022221,0,14.747233320103797
B01268,personal,52,loyal,C,med,5500.0,0.6200552845474455,24703.923190760826,0.011503921997452855,0.3381878090969507,0.25,1,0.6837600874001194,0.11200916785248438,0,52.6261036180287
B01269,personal,35,loyal,B,med,17000.0,0.5052459093910076,26349.325863204675,0.027164453543134185,1.5908510442580899,0.25,1,0.5565373215809841,0.0431864779240236,0,32.16457129943922
B01270,salary_advance,6,new,D,med,8000.0,0.6907699973436302,31399.791971755363,0.014666126832198745,-0.015213534838834974,0.1,1,0.6980489531926001,0.13779012241174485,0,4.921341296771055
B01271,personal,11,established,B,med,6500.0,0.5344085558828087,32047.202678385514,0.009032654238443849,1.007427610617323,0.25,1,0.6383882728100374,0.05696619902437657,0,11.883758875764997
B01272,personal,11,established,E,high,4500.0,0.760373978684638,18094.218269153247,0.015758638354266018,-1.6677323955829848,1.0,1,0.8613537467345829,0.35,0,11.415179805584872
B01273,personal,15,established,E,med,17500.0,0.4037343404696785,40945.80171744694,0.014379477793138515,-0.45365404624556616,0.25,1,0.5131102326113244,0.18296757792526924,0,14.694369606946424
B01274,personal,15,established,B,med,10000.0,0.5634165269053614,35870.86278557705,0.013089001377739834,1.0490704183772468,1.0,1,0.7932847821759619,0.05742510593777445,0,9.958820804910502
B01275,personal,60,loyal,A,med,12000.0,0.4411579512774819,18060.47676168602,0.024426705734223265,1.9701977205896712,1.0,1,0.6332013519462686,0.03642096288197411,0,58.5627116043008
B01276,personal,9,established,E,med,16000.0,0.523273452590858,14350.16364911274,0.0486195108186762,-0.7732957130059931,0.5,1,0.6162494025455946,0.2415743381641689,0,13.255251933201622
B01277,personal,18,established,E,high,2500.0,0.7149755086028265,18835.837704538008,0.007907969546957593,-0.8898216362186484,0.5,1,0.7829270469030822,0.2455993998135006,0,19.501516926052016
B01278,salary_advance,23,loyal,B,med,16000.0,0.5948378226170848,11975.206049897928,0.06622993320683113,1.3174464303704592,0.5,1,0.7243382770261444,0.05196673646452618,0,18.614837071322622
B01279,personal,16,established,E,med,7000.0,0.4035418966234724,30163.974128899106,0.007803992892020721,-0.6230338949177128,0.25,1,0.47014554126231595,0.23681381018341122,1,18.94718298696611
B01280,personal,17,established,D,med,4500.0,0.6476791284227148,51583.542546109886,0.004708472143831745,-0.26857791775539397,0.25,0,0.6278959719896473,0.16473626476563794,0,15.920100507976004
B01281,personal,9,established,C,med,61000.0,0.5859914249898592,58797.248105183695,0.05066206055034461,0.8764050247371578,0.5,1,0.6179834911897588,0.08244001059869455,0,10.124598176189131
B01282,personal,17,established,D,med,7000.0,0.5203678255204457,14777.517549467217,0.02054119693677535,-0.544102181614012,1.0,1,0.6638097807141286,0.17825937346729953,0,15.456246015620476
B01283,salary_advance,21,loyal,E,med,3500.0,0.5555675882713409,41470.69628584788,0.003907350517151514,-1.2154257515356859,0.1,0,0.5842462944200641,0.35,0,20.50273958580268
B01284,salary_advance,19,loyal,E,med,4500.0,0.4380132462822688,28183.035075563083,0.005828150407344623,-0.5510844356058813,0.1,1,0.4676778500061481,0.20867659470513567,0,17.900913928863094
B01285,salary_advance,22,loyal,B,med,59500.0,0.4976494271673702,7202.855399466049,0.3425741051557315,0.7599555857202809,0.5,1,0.5980717463150425,0.07920747231085812,0,22.61306254347773
B01286,personal,35,loyal,E,med,12500.0,0.6268866524366735,22408.184895922517,0.029141446871065343,-1.4634231484728843,0.5,1,0.6872315552795079,0.3407300707624153,0,31.30968637990151
B01287,personal,27,loyal,C,med,3000.0,0.6362945361326131,21077.77222708907,0.007546985151908628,0.1028395827026794,0.5,1,0.700476960292495,0.11188882728294497,1,28.768363572487136
B01288,personal,17,established,E,med,5000.0,0.6602784622696966,52362.703037599975,0.005254045532144414,-1.392096516243992,0.25,1,0.6652333279494373,0.29593751993600187,1,16.883693510294535
B01289,personal,8,established,A,med,7000.0,0.3888113448202876,16663.484042567317,0.013610996189779451,1.6399390068655983,0.1,1,0.3459511580984682,0.0352853444963129,0,8.246318317498078
B01290,personal,11,established,A,med,18500.0,0.496177456368569,36668.94134836177,0.020860712556923924,2.1651425947656726,1.0,1,0.6912635856599414,0.027862373621268102,0,10.81108292246082
B01291,salary_advance,14,established,E,med,6500.0,0.5764418511561735,25364.387842297176,0.012310146729511954,-0.7081971023420685,0.5,1,0.6588720041163484,0.20714452330400063,0,15.777305214389841
B01292,personal,18,established,C,med,3000.0,0.4588950700916714,12146.605757200694,0.009444923941398843,0.256758680037918,0.25,1,0.4931131571377842,0.09530530085043813,0,20.717115040123417
B01293,personal,12,established,E,med,6000.0,0.4579152483736992,19856.72620376318,0.011530482005813138,-0.9604037319968523,0.1,1,0.5031281259044079,0.24600819990331574,0,12.543124833451618
B01294,personal,9,established,D,med,32500.0,0.6412222541917315,62467.225303085455,0.027800876326370585,-0.30931560205451125,0.25,1,0.6621786766362422,0.16870869719634943,0,10.097259420445686
B01295,personal,8,established,A,med,11500.0,0.5310663845889583,24456.37502692298,0.020810059463193118,1.8034693279558056,0.25,1,0.5720514131688659,0.03277471485133789,0,7.052079395785349
B01296,personal,6,new,E,med,2500.0,0.6433271115565924,44277.276681908,0.0030269811428816763,-0.4666885477264853,1.0,1,0.739321000204101,0.19424669137523523,0,3.9082457445000536
B01297,personal,14,established,E,med,32500.0,0.5125871197624597,42962.368409963194,0.0323133205656337,-0.2860374622371136,1.0,1,0.7118661302673241,0.19750254628932834,0,14.062842320592724
B01298,salary_advance,7,established,E,med,4500.0,0.618065088122656,21024.735023359717,0.011023891991432045,-0.5925292672276969,0.25,1,0.6277381417660877,0.24806446248108185,0,8.138345986465655
B01299,personal,9,established,B,med,10500.0,0.3814959502599116,13281.370767024107,0.025133622299456187,1.1461893776648633,0.25,1,0.4537420424779791,0.07774112269090214,0,6.582951845840201
B01300,personal,13,established,E,med,4500.0,0.6153498813982277,14278.353369970282,0.016161261704704236,-3.2632667025240267,0.5,1,0.7054680471785227,0.35,0,16.17201393408731
B01301,personal,7,established,D,med,4500.0,0.5908090434458484,59779.428359490994,0.0037061811625205645,-0.442797321531621,0.25,0,0.5521397354291814,0.17479689200838122,1,5.154963662231572
B01302,salary_advance,20,loyal,C,med,6000.0,0.5609814472097417,29244.756643947443,0.009591145757163338,0.7041139058645414,1.0,1,0.6843660628330598,0.09164406827173625,0,16.73714854100408
B01303,personal,24,loyal,D,med,3000.0,0.41786275023976943,10367.159804785064,0.010076596630807715,-0.26107732985091436,1.0,1,0.6570953143437388,0.16162468907278818,0,26.08998438277316
B01304,salary_advance,12,established,B,med,4000.0,0.40766329806713264,42560.34755760592,0.0031928255717003223,1.2135455077311672,0.5,1,0.5242246583224237,0.06283213854636528,0,12.763403039055753
B01305,salary_advance,12,established,B,med,11000.0,0.4607901732540644,10069.152313521072,0.04194901209135187,1.552027283970474,0.1,1,0.43983098045491015,0.04359845334088259,0,11.712774836404419
B01306,personal,22,loyal,E,high,15000.0,0.7111138303092603,17079.456842235493,0.05204452905600892,-1.012039512879515,0.25,1,0.7237737580053638,0.331172723521017,1,23.94630196228134
B01307,salary_advance,11,established,A,med,8000.0,0.3822662383899378,28133.37589908501,0.00905842796260059,2.4434866537708047,0.5,1,0.4957780763617874,0.023647732027399084,0,9.921298055070613
B01308,personal,10,established,E,med,7500.0,0.6558194023062921,107605.87159483967,0.003809152050593948,-1.4232588243535156,1.0,1,0.7376599714092529,0.35,0,9.389589134435065
B01309,salary_advance,31,loyal,A,med,12000.0,0.5014326992841341,42142.01879608167,0.011898639733195623,2.0386306816758415,1.0,1,0.6685473848400214,0.026736717637223018,0,29.00552666395705
B01310,personal,26,loyal,C,med,3500.0,0.5159852069745936,20633.79709244258,0.007293649573723441,0.5498276985356944,0.1,0,0.4621460815289457,0.09262702226965126,1,28.041657284821152
B01311,salary_advance,22,loyal,C,med,8500.0,0.581036578472187,27325.42490051977,0.015061708204580216,0.2462989028861854,1.0,1,0.7491386655661214,0.11353383233547322,0,20.06332110679766
B01312,personal,27,loyal,C,med,5000.0,0.43097000285565,44615.6542747154,0.004024839205932119,-0.009366929675836133,0.1,0,0.4194631681580076,0.11733403863520654,0,28.763514240726767
B01313,personal,5,new,E,med,11000.0,0.5265453113384403,58807.507832275114,0.008207566570754596,-0.3835127906603138,1.0,1,0.7230608323652905,0.22213827311133855,1,3.201611782448369
B01314,personal,34,loyal,C,med,9000.0,0.6752696477116504,23477.511318594985,0.021571802433020683,0.6084178618637819,0.25,1,0.7337897031305658,0.09927134560388298,0,33.02197282883285
B01315,salary_advance,20,loyal,D,high,11500.0,0.7118113762793044,23855.275969040085,0.028595459126930508,-0.17015435137152535,1.0,1,0.8473146925487778,0.15353726524941727,0,19.793134448103604
B01316,personal,28,loyal,D,med,36500.0,0.6425776489549115,17042.63325052826,0.11468339351318299,0.16606004232160967,1.0,1,0.7409475303494658,0.148620466880412,0,28.328194863616854
B01317,personal,20,loyal,D,med,4500.0,0.6859369903025414,38786.87806991089,0.006631788485266043,-0.3706728229275946,0.1,1,0.7276280744554379,0.1708686792246945,0,17.571407460579884
B01318,salary_advance,16,established,E,med,27500.0,0.4263186386569984,47300.89972735328,0.02065457991751443,-0.8650495270738728,1.0,1,0.6506429354885538,0.2074396710478983,0,15.257015608990253
B01319,salary_advance,14,established,E,med,4500.0,0.5004557913340536,9262.444665752171,0.020261489112499868,-0.4673117024578972,0.5,1,0.5540881891582434,0.2224095291799296,0,11.399959069461607
B01320,personal,20,loyal,E,med,2500.0,0.5721526228493691,21628.27342012425,0.005511233410925401,-0.7499746326954394,1.0,1,0.6923681798600727,0.20516735074983658,1,22.114230597902797
B01321,personal,13,established,E,high,4500.0,0.789610897802618,13802.495498559869,0.021452938470936416,-0.4201549127505187,0.25,1,0.7982303222549678,0.18660319667717665,0,12.987263033225911
B01322,personal,26,loyal,B,med,24000.0,0.4971624342894632,29231.402144232357,0.034015640566017684,0.8324749054684155,0.5,1,0.5709396262703037,0.07750888185051684,0,25.744330908188605
B01323,salary_advance,6,new,C,med,13500.0,0.6177201039229829,13617.752842463497,0.05103155601020878,0.4707103541779623,0.5,1,0.678363953236033,0.10505445864218041,0,6.182262353452434
B01324,personal,12,established,A,med,74500.0,0.5180245383090996,13015.840858208043,0.24708883918482127,1.9743447766606508,0.25,1,0.5470547819854151,0.033864628376101075,0,13.16828980729648
B01325,salary_advance,50,loyal,E,med,7500.0,0.6762338246279409,49907.950833662544,0.008468513199451806,-1.460453013719917,0.1,0,0.6307655328721636,0.35,0,49.87061785027094
B01326,personal,11,established,C,med,9000.0,0.5433758004500642,24561.199620613534,0.016592505929373173,0.4693409662141885,0.5,0,0.5344893827346818,0.10750764923856841,0,9.445153415400574
B01327,personal,14,established,D,med,35000.0,0.4458946868869594,26031.213360929636,0.04996025932617226,0.00642023852435217,0.1,1,0.47930472634518523,0.12740839879426938,0,14.612911141963638
B01328,personal,10,established,B,low,42000.0,0.2762645570847743,34112.761126222584,0.028344992251402107,0.8156703423719669,0.1,0,0.2563806776104,0.07949829650821814,0,6.569641412430327
B01329,personal,19,loyal,B,med,25500.0,0.6386605486564347,45887.61018927381,0.029575601350713996,1.1164652043104089,0.25,1,0.6694842317515698,0.048576106700693,0,22.895884115785964
B01330,salary_advance,10,established,D,med,8500.0,0.5003490780430208,21370.65379887566,0.01658414073878822,0.18500824986482295,0.1,1,0.5150003293982092,0.15149332876337301,0,10.546539084304916
B01331,personal,14,established,C,med,21000.0,0.37263948327945406,21634.119804941172,0.030143084240020827,0.17265128485675557,0.25,1,0.4260970140515752,0.10366605603486108,0,12.280468914314758
B01332,personal,26,loyal,D,med,4500.0,0.6256625442337936,21684.725768556724,0.010819756569293636,-0.3440692129184846,0.5,1,0.6939785947908246,0.17371737990212022,1,25.562819809100326
B01333,salary_advance,11,established,B,med,43500.0,0.5624647177694707,48768.01235706669,0.04180885181429546,0.9636799793544542,0.1,1,0.5350243231178878,0.056414587554265226,0,12.856032819828455
B01334,salary_advance,25,loyal,E,med,36000.0,0.6933722889824863,25913.66406688422,0.08027104393954451,-1.1288760521227013,1.0,1,0.7427647622144538,0.27888878411000256,0,23.621466526215038
B01335,salary_advance,25,loyal,B,med,16500.0,0.6079976008268005,22922.997160649284,0.03646978164670206,1.526826438649317,0.1,1,0.670210162898919,0.043281321832701204,0,21.664484675282182
B01336,personal,29,loyal,C,med,5500.0,0.4565533316128203,33356.00307944718,0.006273341857660323,0.37682655576388996,1.0,1,0.6311956454376711,0.09978495194988238,0,29.511818097702907
B01337,personal,17,established,E,med,4500.0,0.5093818607725188,73658.13052402902,0.002593307709966653,-0.4870620378310888,0.5,0,0.49163091016249016,0.22893045039924909,0,17.334151385032442
B01338,salary_advance,60,loyal,C,med,39500.0,0.5111265579168436,28025.097566508124,0.06003398379435418,0.5174668005532738,0.25,0,0.5215380339895737,0.09922981561101588,0,60.09371854148792
B01339,personal,29,loyal,C,med,21000.0,0.6337537191483921,23197.59819985066,0.04780964817800948,0.24080376541161921,0.25,1,0.6587339683540686,0.11163781789647313,0,27.12404153716635
B01340,personal,19,loyal,A,low,17000.0,0.2937551552381987,78327.12021393822,0.005313014642320453,1.6973037604805015,0.1,1,0.29179908332903354,0.036871587333539756,0,18.617126774879804
B01341,salary_advance,10,established,A,med,56000.0,0.4307623373779856,55903.98268677977,0.03595851573509889,3.5834936632485124,0.25,0,0.45244567895183796,0.015,0,11.840089645685822
B01342,personal,15,established,B,med,10500.0,0.603803443840996,51619.44665211922,0.01023505766966956,1.2198708241503822,0.25,1,0.6432458032982014,0.06294034530077725,0,12.570541134725193
B01343,personal,36,loyal,D,med,19000.0,0.6570653074893821,20427.193057087843,0.05092982675678352,-0.16532578588975622,0.5,1,0.6641007118706924,0.13820388246284415,0,34.8473983503829
B01344,salary_advance,42,loyal,B,med,6500.0,0.5740841950348087,19343.17104793067,0.016076075196770182,1.379781824285279,0.1,0,0.595192299745394,0.044154041414093376,0,45.37955815848764
B01345,personal,37,loyal,B,med,6500.0,0.6218646634629416,9810.56407246797,0.03433475964150375,1.073329166057484,1.0,1,0.758898202087833,0.0665389766203304,0,37.52261165528357
B01346,personal,25,loyal,E,low,7000.0,0.32892135567932973,45738.8940541583,0.004194915394888054,-0.5251607224472202,0.1,1,0.37157672424714716,0.2140626423738966,0,23.75130760963981
B01347,personal,8,established,E,high,3500.0,0.7650355335699878,28066.961961607627,0.0079501074702398,-1.2607992972206816,1.0,1,0.8822793118652541,0.29196123083283043,1,8.967583116779135
B01348,personal,21,loyal,D,med,8500.0,0.5848322787937872,9991.716389370886,0.0414599635673822,0.3367190710832114,0.25,0,0.6075263794459389,0.12197679274259182,0,18.9769766082619
B01349,personal,8,established,B,med,24000.0,0.6562505810523247,52104.99941208874,0.02518954374654766,0.8077076027014347,1.0,1,0.7950229919252949,0.06785074481440884,1,8.619716037674166
B01350,salary_advance,7,established,E,med,2000.0,0.5235868425667596,22347.21480767446,0.0039049373495599247,-1.2618082676014284,0.1,0,0.5101767208425134,0.35,1,6.492429068253155
B01351,salary_advance,18,established,E,med,11000.0,0.414010780102182,23914.87089518982,0.01586920052479427,-0.37089786765440613,0.5,1,0.5106081172639588,0.19697335347754596,0,17.351043252504628
B01352,personal,21,loyal,B,med,3500.0,0.689419960727795,11706.11795959458,0.0171774129197229,0.9726517089904064,0.25,1,0.7196039320313242,0.05751129237825398,0,23.547329155079648
B01353,personal,27,loyal,C,med,22000.0,0.4527909654793533,35267.21798050363,0.023537914742931664,0.4417236132705802,1.0,1,0.6429782063357595,0.0949339466772049,0,27.742128287819046
B01354,salary_advance,21,loyal,A,med,7500.0,0.44090538968661863,35453.367279505364,0.007772628940479621,2.166273620598995,0.25,1,0.49816046030300726,0.02358442692563922,0,23.446416486734996
B01355,personal,22,loyal,E,med,9000.0,0.6694143487149751,26202.414600292752,0.019160858615320967,-1.0113674540763435,0.5,1,0.6824194576960249,0.2857009340717578,1,23.627780114184965
B01356,personal,9,established,A,med,19000.0,0.5416420037164281,21374.825635390825,0.04012195719611993,2.3521649334494557,1.0,1,0.6892109077447351,0.021249638605210775,0,7.6523079652728105
B01357,personal,15,established,E,high,5000.0,0.7372892725489969,114068.81677572122,0.002693145000058143,-1.5379924435695795,1.0,1,0.8146149281536732,0.3397227990831228,1,14.414832701930832
B01358,salary_advance,7,established,E,med,3000.0,0.6717760827474144,13879.215957021466,0.012100396824064911,-1.6791637188282604,0.25,1,0.7188330159252685,0.35,1,5.91855830146136
B01359,personal,5,new,E,med,2500.0,0.48523365641082916,18091.72000483986,0.005587658058965423,-0.40891277949730687,1.0,0,0.5139032354596502,0.2026084341575947,0,6.001569949594949
B01360,salary_advance,24,loyal,E,med,7000.0,0.6540410204923385,39717.26289595816,0.009605997513473082,-0.38445892824600936,1.0,1,0.7880106781288102,0.19305593604771792,0,25.251023802335126
B01361,personal,10,established,D,med,5000.0,0.6384820853876106,15399.002827362352,0.0172760668484406,-0.03875566404487908,0.1,1,0.699779631842884,0.14789249774500413,0,7.775588357784995
B01362,personal,26,loyal,C,med,5500.0,0.3734944533813837,14786.741237489838,0.011576922531503015,0.32627312104533335,0.25,1,0.45659882106250677,0.11540090214135727,0,25.12724976791857
B01363,personal,30,loyal,C,med,12500.0,0.6884840130123966,50128.01214822954,0.014306788084219747,0.2042257878925688,0.25,1,0.7145281414453553,0.1124027397858422,0,31.951307596304527
B01364,personal,11,established,E,med,4000.0,0.36831205417111074,37528.48218945644,0.0032714002155460418,-0.8424110321967792,1.0,1,0.5865408450990441,0.25800725343857883,0,15.694606890417452
B01365,personal,22,loyal,C,med,6000.0,0.6323051569069232,35111.215467423004,0.00900431882646715,0.8326561525796911,0.1,1,0.6928399559296688,0.10650185126108618,0,23.64050650159612
B01366,personal,11,established,E,med,7500.0,0.5241209574416988,29732.727881732357,0.01101734088120191,-0.3173371147671696,1.0,1,0.7005690653617563,0.2052044056725864,0,11.900228231279835
B01367,personal,5,new,B,med,9500.0,0.600524785377196,18385.464011115695,0.025858224453995177,0.7536648707547636,0.25,1,0.6354852903091618,0.07699626209422483,0,4.77013239249273
B01368,personal,17,established,D,med,7500.0,0.6240408870228162,23412.62984996325,0.01665876737849133,-0.18037225252830674,0.25,1,0.6420729767469602,0.15120394980766066,1,12.254064423485254
B01369,personal,12,established,E,med,9000.0,0.6054043201708923,25758.214156838694,0.017627512426268883,-0.9646474228665894,0.1,1,0.6224546206788332,0.1963735869089408,0,11.971129043305766
B01370,personal,12,established,E,med,4500.0,0.691809224554661,42848.20334614565,0.0060545936340020284,-1.6877105518433855,0.1,1,0.7054287484112324,0.35,0,9.776692922901445
B01371,salary_advance,48,loyal,C,med,9000.0,0.5324114259169485,34003.595604236,0.011743127817576077,0.5778905685516286,0.25,1,0.5959505711683555,0.10218160165643966,0,47.43354251607697
B01372,personal,7,established,E,med,5500.0,0.6964986445563282,16150.173860551744,0.01976626060982507,-1.2692045713626225,1.0,1,0.8172768096854098,0.30943750855139207,0,7.475552692653723
B01373,salary_advance,20,loyal,E,high,4500.0,0.7781571397132938,41533.19330808934,0.007025920815379492,-0.599961854004778,0.5,1,0.831092291396757,0.18171241042216946,1,17.583384162157607
B01374,salary_advance,9,established,B,med,14500.0,0.39241140858060625,10687.409790299469,0.04436657662351563,0.8774573091469869,0.5,1,0.541198382370554,0.06185399933953012,0,8.859235592408496
B01375,personal,27,loyal,E,low,3500.0,0.33323093199120535,22556.26160959257,0.004308885791729258,-1.3776700611633919,0.1,1,0.34468138457046954,0.35,0,24.867430779970725
B01376,salary_advance,19,loyal,A,med,31000.0,0.43095692883160985,14355.284232514821,0.07755369949137017,2.1621933783329124,1.0,1,0.6053297123861788,0.02530147603563197,0,23.74744219820005
B01377,salary_advance,20,loyal,B,med,10000.0,0.4772516047042649,16790.912653136773,0.02368600675869693,0.9097163843955401,0.25,1,0.4779267493786591,0.07802274810859758,1,15.829258917586724
B01378,salary_advance,9,established,C,med,13000.0,0.5150488342441863,77623.26383429015,0.007188174560945456,0.3061573689750388,0.1,1,0.4905100989841572,0.11432879748818466,0,6.032744967348858
B01379,personal,10,established,E,med,6000.0,0.5355129978268092,11981.621576365458,0.022347267204764005,-1.034765940550586,1.0,1,0.7317806633402024,0.3153045538852214,0,9.961167163135041
B01380,personal,27,loyal,B,med,45000.0,0.5998423144957133,17144.681179805117,0.13120154616864646,1.164372296342938,0.1,0,0.5749011959600436,0.0609806101717759,0,24.172996097267784
B01381,personal,43,loyal,C,med,9000.0,0.41261036273598684,35622.080887903554,0.008687245785157793,0.3970950664026047,1.0,1,0.6304912420723047,0.1178227628477446,0,43.881214751243014
B01382,personal,21,loyal,D,med,7500.0,0.6201016642474394,20774.85171540072,0.01865541788042428,-0.28609664274080193,0.1,1,0.6611575964035872,0.13351044211400612,0,19.295593186155216
B01383,salary_advance,10,established,B,med,40000.0,0.6016968624038384,29306.269608363866,0.06843778600331957,0.549824696651589,0.1,0,0.6125047146139614,0.07925571477807727,0,11.197098486324805
B01384,salary_advance,19,loyal,E,med,9000.0,0.6445088990785653,59056.64210208251,0.008185051792707303,-0.9327854554393803,0.25,1,0.6831493679889945,0.2569684650325739,0,17.281854829338815
B01385,personal,60,loyal,E,med,5500.0,0.6803012089879286,38562.87564173106,0.008085619020815773,-1.2353271315491385,0.1,1,0.69009455141198,0.35,0,59.7131840066109
B01386,salary_advance,17,established,E,med,4000.0,0.6992152857847443,20789.94442042969,0.011210792930221357,-0.7701860853010783,1.0,1,0.8165696128863579,0.29665819431117074,0,15.577006010791989
B01387,personal,36,loyal,B,med,6000.0,0.5370045605834034,24995.5799527631,0.010741990415870328,0.749527267609714,0.5,1,0.6114476409391356,0.07858472090489471,0,34.82915817541904
B01388,salary_advance,10,established,C,med,21500.0,0.5149645947168698,36020.132793458586,0.025614700094478315,0.3467416781938684,0.5,1,0.612614418054835,0.10097231708078164,0,10.619287616381351
B01389,personal,16,established,B,med,6500.0,0.5649455497180901,38148.60124351732,0.008021583040766582,1.0489792655557526,0.25,0,0.5592789094629614,0.048113744776675134,0,14.949085229027567
B01390,salary_advance,23,loyal,D,med,3000.0,0.635280187316316,27212.018380578324,0.005836393486432139,-0.16998985216857676,0.25,1,0.6921700546133873,0.17858349251491354,1,16.52653000907358
B01391,salary_advance,20,loyal,B,med,4000.0,0.5940404737711927,32804.95828035293,0.006036084227415575,1.3246678404813417,0.25,1,0.6123087031198905,0.047043513494367264,1,19.4331804504596
B01392,personal,10,established,E,med,48500.0,0.4116028845313117,32822.526500914355,0.05068353462271434,-0.11387055239528114,0.1,0,0.39637718665360977,0.22106689348222847,0,13.06611532040527
B01393,personal,10,established,E,med,6000.0,0.596774367344564,25572.56549038728,0.011668253769237415,-0.9430451947409286,0.25,1,0.6281354168096379,0.24799727815860553,0,8.759784844627493
B01394,salary_advance,28,loyal,B,med,10500.0,0.4117596854881781,19285.70287082581,0.01868170049156877,1.135307670712919,0.25,0,0.3635812904375648,0.07949558908791464,0,27.036773596123368
B01395,personal,31,loyal,D,med,38000.0,0.6071610652163766,40474.50622282907,0.047503401176369815,0.3339881417547675,1.0,1,0.7486814788498684,0.12221340018462822,0,31.86796086486732
B01396,personal,37,loyal,D,med,7500.0,0.6453081943233604,31586.576147766187,0.012768640056628075,-0.22911919414539872,0.5,1,0.7181845495320769,0.14685443257302114,0,36.67444702057055
B01397,salary_advance,44,loyal,C,med,24000.0,0.5028953129813882,8565.186252783233,0.11742775886933547,0.7919990871440916,1.0,1,0.6711258413126019,0.0802926338152084,0,42.80106512860116
B01398,personal,17,established,D,med,11500.0,0.5033829892361184,17082.169243591194,0.028240482291143117,-0.129530385937392,0.1,0,0.45130623444837814,0.1716195966672952,0,15.044516553605984
B01399,personal,13,established,D,med,7500.0,0.631548483989711,20653.3045940482,0.01911160515239376,-0.1536880685175025,0.5,1,0.7197884244313462,0.15405391748613464,1,13.526918812955516
B01400,personal,34,loyal,D,med,20000.0,0.556811559816378,24085.80047164721,0.03852972490796206,-0.012593149910799406,0.25,1,0.5562766526944324,0.1592795436099996,0,32.676898321840945
B01401,personal,24,loyal,E,high,38500.0,0.7407734796401156,52165.13849561595,0.0455600869798983,-0.9049485388936377,1.0,1,0.8206084120412155,0.28732732387694965,0,24.466736047911557
B01402,salary_advance,9,established,C,high,5500.0,0.7112392524564808,156573.2525806945,0.0020819945425089863,0.42476541589487227,0.25,1,0.7456192250675743,0.11188796639159768,0,9.805878681922724
B01403,personal,9,established,E,med,2500.0,0.699240126399211,6958.007698924301,0.020936312898258237,-0.8027143737214145,0.1,1,0.721687163278314,0.24598090390730512,0,9.348803327656103
B01404,personal,21,loyal,E,med,17000.0,0.6180295485791533,31806.421991518735,0.027527203805589928,-0.6203288676440678,1.0,1,0.7463015127340634,0.19016144734083018,0,18.6246253472793
B01405,personal,14,established,D,high,7500.0,0.7407447616035051,27952.791996838892,0.016562405503340996,-0.24069984410260706,0.5,1,0.8441790544519471,0.16701626144517118,0,15.572341881262904
B01406,salary_advance,16,established,B,med,10000.0,0.5412356963737824,24360.80132091461,0.018514569411595138,1.0840265441721781,0.1,1,0.49253946503001433,0.06326827777795462,0,15.979350751561958
B01407,personal,29,loyal,B,med,5500.0,0.48893322435970454,36265.303980004224,0.00617930555943383,0.5856135076909812,0.1,1,0.5082407436110745,0.07049049780500098,0,34.91891543618617
B01408,salary_advance,24,loyal,D,med,21000.0,0.48968492639009786,29213.429804023686,0.02933406405654704,0.21885779164241104,0.5,1,0.6177574407664751,0.12339738776924222,1,26.19197569782399
B01409,salary_advance,34,loyal,D,med,12500.0,0.4882997908160237,22053.16291397397,0.023064519924761225,0.17865394213214258,0.25,1,0.5285105998464859,0.12277866872501841,0,33.85100912726155
B01410,salary_advance,5,new,B,med,40500.0,0.5346450595119099,27339.380888467986,0.06600102186709797,0.635813262188768,0.1,1,0.6047971033182978,0.07344509506004164,0,7.1412903088311825
B01411,salary_advance,18,established,E,high,4500.0,0.7041721357649348,36538.13050325145,0.007227095291269815,-2.04673576944724,1.0,1,0.8462408151559209,0.35,1,20.281212397873887
B01412,salary_advance,24,loyal,B,med,69500.0,0.35942567904295003,34676.21192283072,0.06003175113503438,1.5473649891994805,1.0,1,0.5374048207738464,0.04061959056317302,0,24.75627126435988
B01413,salary_advance,7,established,E,med,5000.0,0.6044476672021901,29844.25891571225,0.008438916019958024,-1.524015774930339,1.0,1,0.7522972234083665,0.35,1,9.601307971889453
B01414,personal,11,established,E,med,8000.0,0.662051894086347,19518.222682806543,0.022613120905711142,-1.4154079083229805,0.1,1,0.6505570272272302,0.35,0,11.502574261448416
B01415,salary_advance,10,established,E,med,11500.0,0.6394397439003171,126820.57684458852,0.0048319952210022785,-0.16426583126322558,0.25,1,0.6737986844770484,0.1816858435847709,0,9.24399814030312
B01416,personal,16,established,A,med,12500.0,0.46919604497119666,32785.195020704006,0.01490751785583964,2.170124142930845,0.25,1,0.45802704297839625,0.02503131242161902,0,15.393333833388699
B01417,personal,40,loyal,A,med,12000.0,0.49916006435808075,40919.204317080315,0.012198674746706243,2.0774193600142667,0.25,1,0.5091689114380762,0.0208998094855197,0,38.9539647880582
B01418,salary_advance,50,loyal,B,med,7000.0,0.38019779739909637,20347.404727637026,0.010899770828343968,1.4564877557971356,0.5,1,0.4597454751524993,0.05034672771691623,0,50.51731548361307
B01419,salary_advance,10,established,B,med,9500.0,0.44207573014263335,29859.71515775302,0.011720695185713472,0.7065423782954499,0.1,0,0.4571693837379087,0.07590803662348715,0,9.141537926683238
B01420,salary_advance,21,loyal,E,med,8500.0,0.6192859689566562,29729.183216577694,0.014755228607593356,-1.1122769680124747,0.25,1,0.6391113394665281,0.28804364497850593,0,22.16941303878844
B01421,personal,22,loyal,C,med,3500.0,0.5893113397440504,9399.648898826224,0.018286052590057743,0.5567581628806989,0.25,1,0.6198864240854352,0.08082500588203335,0,18.98739758218039
B01422,personal,20,loyal,D,med,11500.0,0.5973979510285713,18139.30811986242,0.03156164314276262,-0.14922151855997123,0.1,1,0.6101473687587395,0.15946065752784738,1,21.092465215559535
B01423,personal,20,loyal,E,med,4500.0,0.5078072027909629,17955.848380080657,0.010605330197478294,-0.41666933362272174,0.25,1,0.5805069276489472,0.21652140815711537,0,19.35508015026398
B01424,personal,19,loyal,C,med,5500.0,0.5187868832522445,19336.48062433199,0.012296825162248287,0.5548030899746593,0.5,1,0.6460062502778899,0.10605637607471698,0,16.00713213244506
B01425,personal,41,loyal,E,high,12000.0,0.7122820382160838,14936.878119821762,0.0476861384622842,-0.07111000944669876,0.25,1,0.6928311198020458,0.18218282910274194,0,40.32737831492211
B01426,personal,30,loyal,B,med,6500.0,0.5649432151168856,27560.002613733304,0.011103442640307519,1.2692995459688505,0.1,1,0.6132698806941305,0.06788059640817559,0,28.28332002053295
B01427,personal,9,established,E,med,27500.0,0.6457432389210018,58020.24252229252,0.02550537866662743,-1.9359547676126674,0.1,0,0.6298223417244629,0.35,0,8.501623870680696
B01428,salary_advance,25,loyal,B,med,60500.0,0.4250653233197299,28904.968647837435,0.07414080595784718,0.8250114223459821,0.25,1,0.48301050139571006,0.06414569702347105,0,26.460315349650696
B01429,personal,26,loyal,D,med,7000.0,0.5165262992298773,14048.926264421538,0.021446977670254098,-0.4790972235140434,0.25,1,0.5675040057554999,0.15922629756441156,0,25.011389602303833
B01430,salary_advance,19,loyal,C,med,8500.0,0.5526716720558342,15260.191489818082,0.025653398121997142,0.34036417108430644,0.5,1,0.612158087434083,0.11977949028924315,0,17.819006403748123
B01431,personal,30,loyal,B,med,3500.0,0.5603327531242066,21864.54967501629,0.007474674244703913,0.7046264194792415,0.25,1,0.5731390587565433,0.07565549809059738,0,33.01651154973429
B01432,personal,18,established,E,med,14500.0,0.6761046445885295,12350.062675603764,0.06615025367374239,-1.117307862610067,0.1,1,0.654985496972237,0.28421163963775087,0,18.002497305113963
B01433,personal,18,established,D,med,5000.0,0.5966778825445449,31807.309351556927,0.00781630981878041,0.16423213931246486,0.5,1,0.6881643680628168,0.12216490623541099,0,15.418821225050806
B01434,personal,17,established,D,med,33000.0,0.5425039251410941,56624.91594514187,0.026346808100931145,-0.2123382052092645,0.25,1,0.567220333475274,0.1733416593245019,1,14.938660469074842
B01435,salary_advance,5,new,E,med,41500.0,0.5470554381841718,19599.369630595585,0.09652861763983697,-0.6605868651768887,0.25,1,0.5452805802929991,0.18826867776904183,0,4.3563437984741205
B01436,personal,15,established,D,high,4500.0,0.7638951946226797,28053.63938073879,0.01021117774046046,-0.4705724860109197,0.25,1,0.7642865089849693,0.16954675419464071,0,13.662424529613448
B01437,personal,11,established,D,med,11500.0,0.5199674327220564,21249.138275323483,0.023450462629064812,-0.15455189118692608,1.0,1,0.6548655734004841,0.15863275046115605,0,8.662915100616264
B01438,salary_advance,8,established,E,med,7000.0,0.46407423131077424,19028.719733356378,0.014226388956167004,-0.4178365125632122,0.25,1,0.5069828693753687,0.22010972341990961,0,5.6510778479415205
B01439,salary_advance,36,loyal,B,med,9500.0,0.3706954428053872,29859.754141660556,0.009828186265767579,0.7570944753256115,0.5,1,0.5289070076887501,0.07963329384290771,0,33.05732831199933
B01440,personal,21,loyal,C,med,5000.0,0.5247027930412156,18679.500593248555,0.011704068996694298,0.12182337833392431,0.1,1,0.5337082136835221,0.11688149634687545,0,23.164474010690007
B01441,personal,16,established,D,med,10000.0,0.679503779030084,17246.762973332905,0.0328324306461034,-0.6112825370669608,1.0,1,0.8087623680395263,0.16761280197952397,0,15.347450259592385
B01442,personal,12,established,B,med,7000.0,0.4389725520750509,11041.208064081395,0.023191966002053956,1.5898422339029836,0.1,1,0.49565852376440156,0.04704493417421619,0,11.774839466968517
B01443,personal,19,loyal,B,med,24000.0,0.6688927952404835,27876.059729909135,0.04799048371408148,0.8152399225616209,0.5,1,0.6923107857039702,0.06892353645915465,0,20.170199529027578
B01444,personal,28,loyal,D,med,8000.0,0.5633555205989967,48380.64747677379,0.007762821844133003,0.01728776737704557,1.0,1,0.6898915369729184,0.12059474321990112,0,27.79468634797834
B01445,personal,10,established,C,med,12500.0,0.6620999201550568,39696.560819788625,0.017373984108073587,0.14586043082470876,0.1,0,0.6950953437500759,0.10144417848910565,1,7.179368828987899
B01446,salary_advance,16,established,E,med,29000.0,0.5235234387644221,61120.116621431116,0.020699921950689867,-0.6768201367735082,0.1,1,0.5324528904790223,0.1914574050800066,1,16.895942808540124
B01447,personal,26,loyal,D,med,12000.0,0.4932392317889142,18564.686872124144,0.02656868037615754,-0.036771606778583266,0.1,0,0.49641517953846603,0.1286524580268199,0,24.17356064913844
B01448,salary_advance,5,new,D,med,7500.0,0.5916966487601405,42956.58197514813,0.008608934614235274,-0.3200774504382476,0.1,0,0.5547131849095759,0.1731075618814126,0,5.230858519287876
B01449,personal,15,established,E,med,5500.0,0.673127246364417,14669.88540840217,0.021030611078051667,-1.2467939099098826,1.0,1,0.7497030747906276,0.28464493909072214,0,13.872247264217691
B01450,salary_advance,12,established,C,med,9500.0,0.5148562519264703,39739.155098611525,0.010256748835341079,0.7373540479944178,0.5,1,0.6645517383658499,0.08325701730140819,0,12.725021276972942
B01451,personal,15,established,E,med,7000.0,0.6203811691943542,66456.50838541564,0.0054455014889526225,-0.5056127026128259,1.0,1,0.7488003670804109,0.1966766400355004,0,16.352236835430027
B01452,salary_advance,12,established,E,med,35000.0,0.6295509875978292,35387.35481570107,0.05188831971354261,-0.005466667447403817,0.25,1,0.6657868727164364,0.18815329753450544,0,14.04812400975774
B01453,salary_advance,17,established,D,med,4500.0,0.4332485582734152,67103.82926196794,0.0024211466191931897,-0.21871985912335523,0.25,1,0.51459624293324,0.13357012139207544,1,18.81574881360519
B01454,personal,47,loyal,A,med,13000.0,0.39347257671163505,19354.8323486153,0.0220235417401984,3.3590905906430994,0.5,1,0.4490533183346034,0.015,0,41.83758071047891
B01455,personal,13,established,E,med,16500.0,0.5514942619783748,24988.54787675645,0.030346085493251736,-0.6626151501740128,1.0,1,0.7250024089165025,0.22958139624811452,1,7.6599386869778385
B01456,personal,19,loyal,E,med,4500.0,0.6076042050460482,16258.546169824156,0.014014265144761857,-1.6686769538858277,0.1,1,0.6194448225928896,0.35,1,17.20642298011785
B01457,personal,49,loyal,E,med,14000.0,0.6685065880958463,27422.919385508503,0.02844060261471046,-1.1999319709588354,0.1,1,0.6560525605375911,0.31739485729707406,1,48.84259452545422
B01458,salary_advance,12,established,B,med,6500.0,0.46639686314168705,31204.59383439422,0.008095975725320686,1.1093026226954348,0.1,0,0.478822607056508,0.06739140742852104,0,13.856278128983252
B01459,personal,44,loyal,A,low,4500.0,0.3006843367416941,27291.19180066606,0.004131612393540958,1.7364526916831298,1.0,1,0.5882196127214928,0.03691544922992336,0,44.05633388049995
B01460,salary_advance,16,established,E,med,11000.0,0.5649755438896731,20727.644657548455,0.02498567768417095,-0.3317971913728537,0.1,0,0.6216425743944863,0.2124361532695324,0,15.72677078364491
B01461,personal,43,loyal,A,med,11500.0,0.38610974801641124,20539.524466073373,0.018015112397575354,1.6789496696354638,0.5,1,0.5002726623807044,0.027820687629706638,0,42.76874953472708
B01462,personal,24,loyal,B,med,45000.0,0.563026241835423,32527.586562728273,0.06490947008352979,1.141589999842544,0.25,1,0.6630424733009704,0.05231760390208824,0,23.236884901825594
B01463,personal,19,loyal,D,med,8500.0,0.6374332958541215,24646.549459349746,0.018319613135895536,0.2105198690139111,0.25,1,0.691428618250925,0.14708070482147703,1,20.60100170689762
B01464,salary_advance,15,established,D,med,5000.0,0.3523638515502497,14278.473710416474,0.010282490583861454,0.08955371622946451,0.25,0,0.3749670987999457,0.149399746008052,1,15.592310126619054
B01465,salary_advance,11,established,C,med,5500.0,0.46553167260718575,9475.76413995198,0.022517306269652967,0.5308702264156533,0.25,1,0.5039925625310541,0.10246204831788117,0,9.268590740132513
B01466,personal,17,established,C,med,10000.0,0.5628739804581043,19389.390852384626,0.024191665120003786,0.877455822153641,0.1,1,0.5822079914485786,0.0862068070051897,0,17.385772748686712
B01467,personal,26,loyal,B,med,9500.0,0.3885225585402511,12578.59947802337,0.024452671331315762,0.7972945655950222,0.1,1,0.37135964456930287,0.05923481766986298,0,26.1449511350585
B01468,salary_advance,16,established,E,med,4500.0,0.6594324454775,16990.956421931063,0.014554046335783477,-0.3268083017986958,0.25,1,0.733401645634812,0.1973608678189479,0,15.28764547295885
B01469,personal,13,established,E,med,7500.0,0.6764814150506424,21315.336412056735,0.019835524818060103,-0.1742070470263107,0.5,0,0.6541923691035958,0.18358148424655987,1,12.456490664163967
B01470,salary_advance,14,established,A,med,55500.0,0.44908136908461643,24825.967349718114,0.08366245321916668,2.331263454721924,0.1,1,0.485088055548876,0.020225486072789043,0,10.143022354918335
B01471,personal,28,loyal,D,med,9500.0,0.46369725115713323,18651.778686360394,0.019681428958542743,0.651213797296192,0.1,1,0.46588009157520877,0.12355948234677559,0,31.478140477387974
B01472,personal,32,loyal,B,low,16000.0,0.2916731911406302,89783.86934576576,0.0043314861680757745,1.2693254268826153,1.0,1,0.6151224213388788,0.05470849932184755,0,29.31399669933115
B01473,personal,11,established,B,med,5500.0,0.6176512111503496,13445.413612451966,0.021054773516356304,0.5398849872492323,0.1,1,0.6295144125864796,0.06992658645547459,0,15.4630121887824
B01474,personal,11,established,D,high,21500.0,0.7351534828104895,52316.48765321551,0.025176575284761207,0.2733577439977027,0.5,1,0.7394122516036424,0.12183537982574065,0,8.527462314214548
B01475,personal,20,loyal,C,high,5500.0,0.7080376995683951,24602.112560317495,0.013190626543684907,0.508698900015069,0.1,0,0.6914475897218477,0.08783402020016941,0,21.464554910635844
B01476,personal,38,loyal,B,med,10500.0,0.489519451852516,18738.967997319643,0.022857689944943516,1.2973906253249794,1.0,1,0.632476753796913,0.0613393336709616,0,34.65845233697742
B01477,salary_advance,30,loyal,B,med,7000.0,0.39343944706278444,37166.63784396495,0.006175063374940825,1.4686422353106834,0.1,1,0.4548557719367156,0.04897854419267466,0,28.7533498040548
B01478,personal,8,established,C,med,3000.0,0.6339818810945542,20971.45165459146,0.007557677593526903,0.2638934780115486,0.5,1,0.7021235675240727,0.10774373820390294,0,5.921297181266098
B01479,personal,14,established,E,med,4000.0,0.5961078682232426,17260.387626341184,0.011512060275971991,-0.6937625255478881,0.5,1,0.6074647733554233,0.27191385502397614,0,11.868837687626232
B01480,personal,9,established,D,med,5500.0,0.5971770238275425,71998.13149742052,0.0038015727662427333,0.3855588055484719,0.1,1,0.6339036240837583,0.12059504555375378,0,9.116328162622414
B01481,personal,14,established,D,med,34500.0,0.5982270122987706,8046.93839567345,0.21373379238042822,-0.06700793646808344,0.5,1,0.7096920336452394,0.13386241490445264,0,15.543116076575355
B01482,personal,39,loyal,D,med,5000.0,0.5716164681642381,23513.250586702343,0.010129332289618103,0.09174408865492412,0.1,0,0.5868497470537603,0.13001917433901894,1,42.16729499621884
B01483,personal,7,established,A,med,80000.0,0.5544302811206785,29867.89364371127,0.12375167523459082,2.678775974966068,1.0,1,0.7405430237767029,0.017996420788835416,0,6.07828808004699
B01484,salary_advance,6,new,E,high,5500.0,0.7221150142004252,58361.54017637804,0.0056710186281630865,-1.1890513077078277,1.0,1,0.8404320964137978,0.3007043878894722,0,7.914624652892593
B01485,personal,10,established,B,med,6000.0,0.46995783314872197,21608.953165298615,0.01087414622896721,0.9585128590574828,0.5,1,0.5497286668299662,0.06507682647907666,0,10.609126351580578
B01486,salary_advance,19,loyal,D,med,8000.0,0.48125175617118565,116256.98229333226,0.002759700946861105,-0.11267094425383062,0.25,1,0.5532527038298279,0.15463239109954083,0,22.953002118305264
B01487,personal,23,loyal,C,low,5500.0,0.3019200535486919,40844.01115311357,0.0033880126029835742,0.5311954893433961,0.5,1,0.4645552016183918,0.08230857107115376,0,26.050602484426324
B01488,salary_advance,20,loyal,A,med,32000.0,0.39442422130074223,7317.243420158722,0.1437423716930044,3.318587519090185,0.25,0,0.4023791501662426,0.015,1,20.22286612593238
B01489,personal,31,loyal,E,med,2500.0,0.4888220495104389,12094.118016666063,0.00842045090357194,-0.5623689948240629,0.5,1,0.561974493330557,0.21651092241210396,0,31.194766560513862
B01490,personal,6,new,E,med,16500.0,0.6384732547623344,30647.724599994657,0.028644890828155082,-0.7238726548272637,0.25,1,0.6602516195458673,0.18496819648471688,1,4.011298815143352
B01491,salary_advance,31,loyal,B,med,3500.0,0.4978189290775255,14340.938501972585,0.010124664269889998,0.7324862628483997,0.5,1,0.5959971111497598,0.07099074867772025,0,28.615793681095017
B01492,salary_advance,13,established,D,med,4500.0,0.565774775788717,36363.0447779464,0.005834647296901932,-0.49721695763136176,0.25,1,0.5684043445383977,0.16204328712458047,0,12.122092309383042
B01493,salary_advance,24,loyal,A,med,7000.0,0.5732856540703203,20961.624059842063,0.015953755805672046,1.634056350940301,0.1,1,0.5816786593002448,0.031182640482900346,0,27.218080251378968
B01494,personal,7,established,E,med,10500.0,0.633604608767322,13935.36981124958,0.039783948340133324,-0.5345294360632951,0.5,1,0.7059629164551681,0.21726154556332308,0,6.708825577389923
B01495,salary_advance,16,established,B,med,10000.0,0.5086497053133231,15827.051010459394,0.026781663504316076,1.004009640149337,1.0,1,0.6382680372467182,0.06375948665759312,1,17.31594256883533
B01496,salary_advance,18,established,E,high,26500.0,0.7604751545724915,42982.67827887757,0.03907114912938149,-0.9791891318000693,1.0,1,0.8729266132404131,0.2676753019108766,0,17.219598534138036
B01497,salary_advance,31,loyal,E,med,6000.0,0.6854086189058824,8842.94770508419,0.038754533090352414,-1.0568315021542256,1.0,1,0.8072068414239165,0.24991259730508683,0,29.250558610070332
B01498,personal,6,new,D,med,3000.0,0.5361846585832675,47805.74759580546,0.00280397591057813,-0.22898497895304948,0.5,0,0.4776592390129202,0.1539774134937373,0,7.386754781691675
B01499,salary_advance,16,established,E,med,8500.0,0.5985236550657802,48581.364023524286,0.008726684896420473,-1.218507838037595,0.1,1,0.6266314456618174,0.33008512777438165,1,13.97386840489668
B01500,salary_advance,9,established,A,med,11500.0,0.5625024486776437,22420.393727508188,0.024043504909015728,1.8682689127654504,0.25,1,0.5802394811860374,0.03242567596493591,0,10.076065155327608
B01501,salary_advance,21,loyal,E,med,16000.0,0.6297700731915552,12426.12694235346,0.06757483122597482,-0.7798034904949981,0.5,1,0.6959478656058089,0.2662435004303915,1,22.34139922301949
B01502,personal,25,loyal,E,med,6500.0,0.49270708740349184,36524.016701269524,0.007307055186720876,-0.6376866876706978,1.0,1,0.6238911767266311,0.24727432322530232,0,25.044380043593204
B01503,personal,33,loyal,B,med,14500.0,0.616035181588659,20588.79707532853,0.03615441162959502,0.8136198854746102,0.5,1,0.6707298729440198,0.07382198422238503,0,31.464681418701087
B01504,salary_advance,12,established,D,med,4500.0,0.6909829156365473,11692.294050055309,0.022161484500338884,-0.23636395006200617,0.25,1,0.7187550520534991,0.13274212437504726,1,11.872193727894103
B01505,personal,27,loyal,E,high,36000.0,0.7268037346014569,76882.00518925645,0.028360488236967355,-1.1183879698676038,0.1,1,0.7217059368170708,0.27630454896877277,1,26.906181143799397
B01506,salary_advance,34,loyal,A,med,8000.0,0.6001535586058679,16540.590797272795,0.02418912222106847,2.7899641600719596,1.0,1,0.7740859166059705,0.015,0,31.509114141450787
B01507,personal,6,new,E,high,15000.0,0.7868587796890447,11971.893968366807,0.08215688154357118,-1.001633803159574,0.5,1,0.8497414513231007,0.25633903307301487,0,4.769597407170243
B01508,personal,23,loyal,C,high,5500.0,0.7139128831434667,31469.62112978044,0.010397648897371345,0.20374219250345083,0.5,1,0.7089793520771567,0.10608457681377575,1,25.166142821048254
B01509,salary_advance,27,loyal,C,med,22500.0,0.5751395201256075,25917.764744641958,0.04160800944296138,0.5408074798939697,1.0,1,0.6812641176980889,0.09541646392332181,0,27.43885843058187
B01510,personal,14,established,C,med,23500.0,0.5169074773265468,60925.287846353116,0.016615057209917048,0.7103091519665778,0.1,1,0.49429127172549847,0.11514645416604083,1,16.055129817072803
B01511,personal,8,established,C,med,22500.0,0.3648872540935735,21822.871467833906,0.031350759795010556,0.4623524606710589,0.5,1,0.47297791795362765,0.09395885026362165,0,6.596878354076206
B01512,salary_advance,27,loyal,D,med,8000.0,0.5722000388959395,21950.03528049941,0.017378864667984887,-0.07680103773100566,0.5,1,0.5838917623415608,0.1499312980580276,0,26.658901854284693
B01513,salary_advance,8,established,C,med,8000.0,0.6136604300790045,32350.201469272884,0.012646194917041989,0.024172782556693195,0.25,1,0.6684260633878295,0.11739305188421856,0,12.040592558337487
B01514,salary_advance,14,established,D,med,20500.0,0.5683241991858018,30023.47506067673,0.03233760154835302,0.12307756645818424,1.0,1,0.6896894841799402,0.1521153129506303,0,15.440189291600174
B01515,personal,16,established,C,low,9500.0,0.349259866652611,30531.69926979452,0.009056076178074378,0.748959498198562,0.1,1,0.36056798254237427,0.09067638224369168,0,16.146612035059107
B01516,personal,24,loyal,E,med,9500.0,0.5823732501138246,31243.709016414086,0.014756426307492212,-0.7683219148586012,0.5,1,0.6756099123534354,0.2638474538069918,0,22.973937035639754
B01517,salary_advance,11,established,A,med,8000.0,0.5289923644219969,29452.64393684753,0.011973851211372045,2.368110556755782,0.1,0,0.5188758044051593,0.026366912873321106,0,11.02869748293205
B01518,personal,11,established,E,med,6500.0,0.5043963253183004,21395.467273123882,0.012769745700168958,-0.7591833874594441,0.1,1,0.45904439559650434,0.22814852067643904,0,11.430924488046637
B01519,personal,17,established,D,med,8000.0,0.5832762317558704,42530.3270559034,0.009142906911095715,-0.008749396756593255,0.1,0,0.5339183289450724,0.1372968028133646,0,17.559560073294932
B01520,personal,28,loyal,E,med,9500.0,0.652813340070613,22071.80825184757,0.02341496242592514,-0.7599894396932417,0.1,0,0.6509875034428351,0.28955892421382523,0,29.26781154167769
B01521,personal,57,loyal,E,high,4000.0,0.71548892224155,41872.83907770621,0.005695728129904366,-0.8981590116406167,1.0,1,0.8127778300761445,0.2805660354617438,0,58.58380019142884
B01522,salary_advance,7,established,D,high,7000.0,0.7391940752776539,57714.8132636615,0.0074711589543243915,-0.524428409077624,0.25,1,0.7519694508430846,0.1561550789630387,0,9.19379274942482
B01523,salary_advance,19,loyal,D,med,19000.0,0.5423734318812606,18533.821348262692,0.046334639666335914,-0.2205232176642551,0.25,1,0.6080542842692009,0.17590639444220052,0,21.783334104546533
B01524,salary_advance,9,established,D,med,8000.0,0.5871276438287623,100958.60701330013,0.0038770189169469223,-0.06425702415483053,0.25,1,0.6054916419645127,0.13792452155181664,0,9.295052010254656
B01525,personal,28,loyal,E,med,30000.0,0.6203455362681112,18179.737017693285,0.08530727585118046,-0.5789650287637407,0.5,0,0.6063069482302785,0.23628536587516277,0,26.3206816180113
B01526,personal,9,established,C,med,6000.0,0.5986280202445486,18252.11972793166,0.016398862958598003,0.6955524212942098,1.0,1,0.7342494112477814,0.08866939151118224,0,7.918621555591193
B01527,personal,11,established,E,med,6500.0,0.6528682172781988,36206.53684430693,0.009767212825307715,-0.782983895318375,0.5,1,0.7226414035679112,0.19852398799396395,0,12.750733251865837
B01528,personal,11,established,E,high,6000.0,0.738570500240091,34298.58307099088,0.010766778597112961,-0.8938154934519152,1.0,1,0.7875140181645127,0.26895473122465835,0,13.482188476049604
B01529,personal,15,established,E,med,7000.0,0.3595391395363962,27987.083356645137,0.007493855721116677,-0.3929688641172687,1.0,1,0.5820723808546616,0.19241678833396375,0,14.163506177331886
B01530,personal,19,loyal,B,med,16000.0,0.5457819962234328,42194.20204926638,0.0172466664364983,1.3928388786962946,0.5,1,0.6436236151466853,0.050719509786695524,0,22.584346578991525
B01531,personal,21,loyal,C,med,6000.0,0.5868603435711902,30913.446293934667,0.009491991575302531,0.6148761736103993,0.1,0,0.5935192047106327,0.09653642288354464,1,19.649005103476778
B01532,personal,16,established,E,med,8000.0,0.5529896166426089,83797.47029676448,0.0043994137665828836,-0.09968952988746987,0.25,1,0.6020438902286702,0.18379133025775496,0,16.5346365897739
B01533,salary_advance,7,established,E,med,3500.0,0.4037217127597948,26127.03863687054,0.004506908259225164,-1.0830447699686792,0.5,1,0.5403053838842099,0.3063310186396594,0,5.963873345966683
B01534,personal,24,loyal,E,med,10000.0,0.6000957216444818,16815.031678702948,0.029740043170447508,-0.7427084598637094,0.1,0,0.5927960224060789,0.23771227907334772,0,23.75384735203998
B01535,personal,15,established,E,med,13500.0,0.5701681388006582,19861.925502996597,0.032294913000955806,-1.2784099400396236,1.0,1,0.6923301246028004,0.35,1,15.866523384454126
B01536,salary_advance,31,loyal,A,med,4500.0,0.6415307937214877,34864.63985673452,0.006900230394867772,2.0568512236723464,1.0,1,0.8039023578874269,0.03871988966680562,0,31.46941922662406
B01537,salary_advance,11,established,C,med,10000.0,0.5644378309483664,35146.25779354096,0.013383070877323404,0.8805631231316475,1.0,1,0.7482729304979693,0.08232125500474607,0,10.57858576657431
B01538,salary_advance,6,new,E,med,7000.0,0.515690490635971,30138.593862382644,0.009981203975360297,-0.5116205089241941,1.0,1,0.6644746674157131,0.2084668626660422,0,6.228482825853521
B01539,personal,16,established,E,med,10500.0,0.3951967971821067,16861.24437807468,0.02050840316293599,-0.5643716438256554,0.25,1,0.4839170050675276,0.22176599274597383,0,16.077903557876784
B01540,salary_advance,33,loyal,D,med,3000.0,0.6282999105246095,49501.41163204394,0.0031731413802646474,-0.07529017623733392,0.1,1,0.6198669811469717,0.15477939930937,0,33.20349679723202
B01541,personal,17,established,E,med,6000.0,0.677324913502344,78068.72919189635,0.004338003964669706,-0.8858612163807086,0.5,1,0.7511496803372437,0.2603326727201117,0,16.982572641254897
B01542,personal,14,established,D,med,22500.0,0.5278757797630563,27339.120124499208,0.036203326315859666,0.46030103121618055,0.1,1,0.5115559924699244,0.13394951228452362,0,12.370870504863788
B01543,personal,10,established,D,med,7500.0,0.6373658438541193,72826.32083183934,0.005469913183293287,-0.2875362207843132,0.1,0,0.6578050376934873,0.15869739228845955,0,11.183790519955432
B01544,personal,43,loyal,A,med,19000.0,0.4255981321283585,43323.080028417804,0.015554381377344662,2.4811677442974633,0.1,0,0.45626197717793926,0.023299305314401893,0,44.6277103598854
B01545,personal,9,established,B,med,10500.0,0.6144046749720431,91151.47353814887,0.005897919909934738,1.2503598245169982,0.25,1,0.606747752497677,0.053066431292066375,0,6.154677121924324
B01546,personal,11,established,B,med,46500.0,0.6038403764772343,34889.95518842502,0.06706461634050923,1.3094803404667223,0.1,1,0.587014957962988,0.04168156534804079,0,12.620944303812175
B01547,salary_advance,22,loyal,B,low,4000.0,0.3439209198296062,29002.33699264703,0.00395279548123772,1.421356974948126,0.5,1,0.4385427468087975,0.04580822162845407,0,19.65973994328034
B01548,personal,5,new,E,med,2500.0,0.46787643753722413,42758.388534237965,0.002279652277873016,-0.7726590705071891,0.25,1,0.4747766422033676,0.22701278611967235,0,5.582608765658959
B01549,personal,33,loyal,B,high,10000.0,0.7106768056603601,21195.162493715223,0.027941784903005168,0.9977908845295841,0.1,1,0.728062223697992,0.07165864816251459,0,34.06908560985241
B01550,personal,23,loyal,D,med,8000.0,0.6534716830236963,33654.920940391494,0.012944549459916112,0.05116730547134207,1.0,1,0.7886564674277455,0.13826243702475524,0,23.88183764585895
B01551,personal,26,loyal,A,med,18000.0,0.354988888317934,55932.11742825012,0.009520171181789642,2.0302760507283626,1.0,1,0.5331213041699663,0.024625508063846824,0,28.1642341171028
B01552,personal,22,loyal,C,med,6000.0,0.37714680360845654,42223.43808261993,0.0044660835395554654,0.8042793830499206,0.25,1,0.4141879029619998,0.09423516554242369,0,26.753998534033585
B01553,personal,15,established,D,med,5500.0,0.5771625820242696,26448.990972222477,0.01000162351646145,0.26236035860301515,0.5,1,0.65389558509568,0.13476295028242266,0,14.39750819968191
B01554,personal,9,established,D,med,12500.0,0.45096267234728166,30038.30191310983,0.01563846002526752,0.12707266242950907,0.25,0,0.5332519989394995,0.1584103889948977,0,8.087711725502869
B01555,salary_advance,15,established,A,med,7500.0,0.4437043447321645,40811.62432403621,0.006795005590950631,2.090266427360858,0.5,1,0.548756846141462,0.0281629253234386,0,14.635968965877945
B01556,salary_advance,9,established,E,med,8500.0,0.6200611652632835,40072.50171848489,0.010960383635316956,-1.0837503338367855,0.5,1,0.6363406029581145,0.29231394808562194,1,8.615835471810978
B01557,personal,21,loyal,A,med,18500.0,0.46043755487378085,40641.110644128916,0.017466088381444294,2.238287827668726,1.0,1,0.6225873442813438,0.02667449804294546,0,22.552358058723883
B01558,salary_advance,25,loyal,C,med,3500.0,0.6476998466186245,32425.19289028879,0.0058261012017092415,0.5638461925458623,1.0,1,0.7720087417123375,0.08581096965970395,0,26.51148247498574
B01559,salary_advance,37,loyal,E,high,10000.0,0.758788694927831,17094.301619166246,0.03699033318394788,-0.6561489758156512,0.1,0,0.782786485546052,0.22745032687356337,0,33.714171290004934
B01560,salary_advance,20,loyal,D,med,20000.0,0.5195433634399478,18660.530893981402,0.04640305308851248,-0.0022097316430560454,0.1,1,0.46764607554241866,0.13889796417818945,0,16.92962085277402
B01561,personal,27,loyal,E,med,13500.0,0.5185415995623532,34670.405015446035,0.016825857651439454,-1.250807262723583,0.5,1,0.6051806018055416,0.27768599883817835,0,27.420325891781403
B01562,salary_advance,13,established,B,med,4000.0,0.5593393515174285,42501.84138713231,0.004386785240845055,1.00365674558564,1.0,1,0.7076703550637362,0.06698266612066553,0,12.374438428188544
B01563,salary_advance,12,established,E,high,6500.0,0.743552964307624,39579.43417040704,0.010175937683509528,-0.6882929503465195,0.1,0,0.7074214639754269,0.21736371346608707,0,11.399949574640504
B01564,salary_advance,21,loyal,B,med,43000.0,0.4837387382301101,18557.527966455822,0.09340668371659262,0.9186676662047002,0.5,1,0.561063954456438,0.0680364355828227,0,20.53196698624894
B01565,personal,13,established,B,med,15500.0,0.5989802781095083,24756.861132639446,0.03125125011121697,1.1342170301658476,0.5,1,0.7509917662262462,0.06241412546330629,0,14.398344171870255
B01566,personal,19,loyal,E,med,4500.0,0.5016552662309439,14103.055211876717,0.013339005060278028,-0.2720169285661368,1.0,1,0.6833857231120145,0.20134557368158393,0,20.116443796890476
B01567,personal,9,established,D,med,4500.0,0.580784370207017,12515.388250750846,0.017402108066009465,-0.2681036930243923,0.25,1,0.645675110743614,0.15454006806181955,0,9.116906608965744
B01568,personal,10,established,E,med,8000.0,0.5229697187207795,28136.23749770201,0.012391368219566015,-1.3033666099160157,0.5,1,0.5305754967741241,0.32243102597370527,1,11.463039837394852
B01569,personal,23,loyal,D,med,20000.0,0.5661739858869056,56782.644337930236,0.016618164243914553,0.011642891048802395,1.0,1,0.6849402939294114,0.12734294281967565,0,22.998578251316253
B01570,personal,26,loyal,A,med,56000.0,0.4291829341590614,28421.24478735273,0.07047030162568894,2.974023625273372,1.0,1,0.618880062770575,0.015,0,24.566159709888268
B01571,personal,9,established,B,med,42000.0,0.589707912416377,76839.52889525333,0.02686088427573401,0.7779331641104418,0.5,1,0.6667328010263954,0.07239770153940561,0,7.977098403056111
B01572,personal,23,loyal,D,high,5000.0,0.7218213793060901,24581.33799303882,0.01223525375752028,0.13526958110639514,0.25,1,0.720811629784136,0.12516015409574818,0,21.87686979721725
B01573,salary_advance,12,established,E,med,11000.0,0.5438072846945738,27369.087566358092,0.01821361452994753,-0.2616880361817151,1.0,1,0.6771475979508367,0.1839690988675414,0,11.050414084144638
B01574,personal,16,established,D,med,3000.0,0.37348768934849136,15598.752310446516,0.005985858386544895,-0.04263339565643339,1.0,1,0.5654448809930235,0.15242653869743633,1,16.010426693947036
B01575,personal,35,loyal,C,med,3500.0,0.520212130563293,22225.950111998864,0.006826639010543289,0.5300507521936395,1.0,1,0.6957575150331585,0.08248354547256476,0,33.202195583168916
B01576,salary_advance,25,loyal,D,med,3000.0,0.5831872977379202,13982.110520280428,0.010427383206777566,0.3309302928542422,1.0,1,0.7469649823949438,0.13156785810737548,0,26.691486132887047
B01577,salary_advance,25,loyal,B,med,46000.0,0.5296891898658859,11499.565070087363,0.17656974115489776,1.2800591957711291,1.0,1,0.6908030093462295,0.060290940147027745,0,26.045491130094245
B01578,salary_advance,46,loyal,D,med,4500.0,0.5599114132519701,14113.510285168011,0.014877006196689736,-0.20344749006040896,0.1,0,0.5414158425931889,0.14650908206722818,0,43.14820196251434
B01579,salary_advance,11,established,E,high,7000.0,0.7332713532575689,28195.03843657923,0.015170811832575662,-0.6083876749842682,0.1,0,0.7297431817068655,0.24987972795549823,1,9.86677784495883
B01580,salary_advance,9,established,C,med,9500.0,0.5472264436442112,17940.419984937736,0.02414775879914668,0.7201954570502046,0.1,1,0.6056621531786466,0.08602813643002585,0,6.269087444073908
B01581,personal,11,established,E,med,3500.0,0.6189720318366241,20436.339649145215,0.008833945431770759,-1.1686417535643978,0.1,0,0.6109675368093851,0.3036191043500686,1,12.984768978285567
B01582,personal,14,established,C,med,9500.0,0.45573320646204235,33705.92150935384,0.010704017937886471,0.7290172528625397,0.25,1,0.4900860498564803,0.08580609494634067,0,14.851257397847178
B01583,personal,4,new,E,med,2500.0,0.4128010023880788,11477.69533711778,0.007492811605892101,-0.36428061239693343,0.5,0,0.35616415752377895,0.18328811054471283,0,1.0096619927797503
B01584,personal,14,established,E,med,4500.0,0.685869561534441,28129.37920109641,0.00914350379852643,-1.8279092187172135,1.0,1,0.8023777549699646,0.35,1,14.02548691661291
B01585,salary_advance,12,established,C,med,9000.0,0.5697491616443646,42892.037849995155,0.009962498697956403,0.45949912556094674,0.5,1,0.5829890504566836,0.10317104389205584,0,12.057123025775049
B01586,personal,25,loyal,E,med,13500.0,0.5320943399489346,44981.55159298954,0.013307814231464734,-1.2851466245889944,0.5,1,0.6489605833940613,0.3190286602488556,0,23.630237491615382
B01587,personal,19,loyal,B,med,15500.0,0.5103035990333564,35743.07694082666,0.018441113781072657,1.0933620096556613,0.5,1,0.5791349663870399,0.04594695375605862,1,19.92782766098165
B01588,personal,11,established,E,med,19000.0,0.5671596508873961,26142.032835642643,0.03435091625113993,-0.24871432925059608,0.1,1,0.5788478541602868,0.1810106161628218,1,11.910555311427302
B01589,personal,22,loyal,A,med,12500.0,0.407045985539748,19090.45225161532,0.022210381888745495,2.2510842165068197,0.5,1,0.5122297551207976,0.022544318355439574,0,22.277111716091945
B01590,personal,24,loyal,B,med,7000.0,0.4224386858486673,25711.732538493656,0.009584051419955102,1.4713128443726071,0.25,1,0.48223315586520443,0.050501834958264186,0,26.69941122244132
B01591,personal,10,established,E,med,6000.0,0.6622563067562744,66796.42067354867,0.0049572739083797,-1.0606925062318246,0.5,1,0.7345373850274495,0.30445760628689206,1,12.164692087552076
B01592,salary_advance,12,established,E,med,29000.0,0.6307152110477534,31262.870031859227,0.04875523025062745,-1.6707398638414173,0.25,1,0.7096692419195768,0.35,0,13.763383778639955
B01593,personal,4,new,E,med,3500.0,0.573091315651133,25367.268273218233,0.006589264241276331,-1.1051012567913738,0.25,1,0.6225950397595857,0.3302143596668846,0,4.038942526739226
B01594,salary_advance,9,established,E,med,4000.0,0.5293880144610059,36681.6174739374,0.004810656771402739,-0.8712586028303712,0.25,1,0.5504440649828555,0.26333544989958263,1,6.23582647757569
B01595,salary_advance,10,established,A,med,54000.0,0.4587504858000871,27649.09668707237,0.07466345861004613,2.175738086877094,0.1,1,0.486327939654263,0.02596163181078461,0,8.969214730852013
B01596,personal,17,established,D,med,35000.0,0.6551019454288481,30460.502485228124,0.0627275931651952,-0.01031465928015141,1.0,1,0.8320104725170877,0.14040271918548064,0,16.70395839121625
B01597,personal,9,established,C,med,6000.0,0.5465002907516932,23489.424202436934,0.011632900960914058,0.9334188041831667,1.0,1,0.6812172442773993,0.08779400431384697,1,10.34413337236942
B01598,salary_advance,12,established,D,med,12000.0,0.5391744611170126,21413.658289692907,0.025178998087241118,0.0649690874494141,0.5,1,0.5909238591510808,0.12322767043473215,0,12.043349018293997
B01599,personal,8,established,D,med,7500.0,0.605362828551181,46527.561811359046,0.008131777232997385,-0.1796674882806456,1.0,1,0.7206450240783872,0.15502982467671694,1,6.6753025441060245
B01600,salary_advance,18,established,C,med,8500.0,0.6782174184204987,9203.210506723255,0.052199610599319504,0.31737297749109167,1.0,1,0.740186778569297,0.09488749685614441,0,19.149575373066725
B01601,personal,20,loyal,B,med,11000.0,0.5484843363903038,35004.46680090843,0.014363232875889158,1.5065393185924463,0.1,1,0.574428461428109,0.04872788243044976,0,22.27373287328747
B01602,salary_advance,20,loyal,B,med,63500.0,0.5433355585559576,20697.865488195694,0.1389104913095999,1.0616247556745986,1.0,1,0.6866518745476524,0.0578831279124082,0,19.263435192949384
B01603,salary_advance,16,established,E,med,4000.0,0.6617724483629338,9434.54417870945,0.023381184288561202,-0.7073338434766651,1.0,1,0.7991609583840822,0.2193819727397177,0,14.96927183598305
B01604,personal,7,established,A,med,28000.0,0.47800451130247995,15740.06761414492,0.07086016953977219,1.6225141380864172,1.0,1,0.593894320171913,0.03708768027347184,0,11.162101526287248
B01605,personal,11,established,D,med,3000.0,0.6000548607074033,26375.073325445235,0.005687707985711106,-0.29281549898631315,0.25,1,0.5593954711694371,0.1762884929190784,0,7.370921417727082
B01606,salary_advance,13,established,D,med,11500.0,0.5213414707161447,28447.443497988635,0.017562875534725315,-0.1055201238766485,0.1,0,0.5492671341387703,0.130343862767881,0,13.68597500195698
B01607,personal,13,established,E,med,6500.0,0.5446816043363945,40416.86593752257,0.007299820561832306,-2.829505302249035,0.5,1,0.6074009335476273,0.35,0,17.388823644990048
B01608,personal,17,established,C,med,14000.0,0.571694671018732,41957.39715463153,0.015896532230786756,0.634399591161337,0.25,1,0.5861450860282572,0.09358865588510029,0,14.994086802094532
B01609,personal,36,loyal,B,med,39500.0,0.5744358643864347,11490.854880702678,0.1645527166228605,0.5010126396618834,0.5,1,0.6021632686759091,0.0729052986142939,0,37.162242337025916
B01610,personal,25,loyal,C,med,13500.0,0.5161517029801351,33111.20330389484,0.017536984703432634,0.49992565660190214,0.5,1,0.5930641865065672,0.10940666083711413,0,25.72896469523642
B01611,salary_advance,9,established,D,med,12000.0,0.6708177077275745,40162.908934986524,0.016702418363506905,-0.05282467111081807,1.0,1,0.7798834410411805,0.17926724448466658,0,7.241758139910565
B01612,salary_advance,23,loyal,D,med,5000.0,0.48654430678426963,30345.619142715314,0.006680595098093812,0.17478215986721723,0.5,1,0.5861453367261187,0.12204576117583577,0,22.27154559511309
B01613,personal,23,loyal,D,med,50500.0,0.39382420982422217,35466.462721227115,0.04672988007583272,0.03041957316957017,1.0,1,0.6460144201209812,0.16370263139225996,1,21.493396106661756
B01614,salary_advance,10,established,B,med,9500.0,0.459412107019511,9293.900060249052,0.03913332928401427,0.8131608711272794,0.1,1,0.46148911233798806,0.07622174966464991,0,6.597827665416819
B01615,personal,26,loyal,B,med,10000.0,0.3699850865981377,15605.547762535316,0.019757134462056045,1.0391177730333507,0.5,1,0.48346882703324007,0.07992518827674323,0,26.296639141835534
B01616,personal,15,established,D,med,7500.0,0.6103882306972579,57029.608043257766,0.006689378680218503,-0.23103158837459842,0.5,1,0.7238028355636079,0.15815027608348328,0,15.589685461062118
B01617,personal,7,established,B,med,10000.0,0.44557403152642905,23067.04888183706,0.016097060999903667,0.948937494316759,0.25,0,0.45491871047818866,0.04920378788193279,0,5.02132976313778
B01618,salary_advance,21,loyal,C,med,14000.0,0.6307616613555976,91373.16850266424,0.008053661889741813,0.6710258189825223,0.25,1,0.6530753812567838,0.08452786311679039,0,18.918678518301512
B01619,personal,18,established,E,med,7000.0,0.6866714521752676,13317.945275911236,0.030076587551891146,-0.5042264181236554,0.25,1,0.7609219257663258,0.24690028991332966,1,17.80712191660769
B01620,personal,14,established,D,med,5000.0,0.46654034946382883,63581.303286248556,0.003057373822638182,0.19841557490736433,0.5,1,0.6010926275256456,0.13142609566813976,0,13.994687162336534
B01621,personal,16,established,E,med,23000.0,0.5607388998487578,19227.790105309457,0.05589563606410894,-1.3593864184938602,1.0,1,0.7366791237147106,0.32699232621158336,1,14.249001721599603
B01622,salary_advance,11,established,C,med,40000.0,0.5924774893166199,43232.15346789216,0.04568185496138837,0.5827183090792485,0.25,1,0.6499294187501875,0.09569718553080561,1,9.036820558488243
B01623,personal,23,loyal,E,high,5500.0,0.7172793655343734,22869.048272464926,0.014375457982325267,-1.1421821055263717,0.1,0,0.7155819709635405,0.33548582947496147,0,24.1103338921064
B01624,personal,16,established,E,med,37000.0,0.42302546621176884,28670.47083609499,0.045493794931945185,-1.0277269599837642,0.1,1,0.42350675758273276,0.281046903422023,0,13.745265857470528
B01625,salary_advance,18,established,E,med,4500.0,0.6765522423041118,37329.859907171514,0.006796357969061163,-1.6686914067166243,0.25,1,0.7340148154666218,0.35,0,16.35440428063191
B01626,personal,20,loyal,C,low,8500.0,0.34148498253855636,19199.81084622194,0.01259831140536512,0.22488304732849937,0.5,1,0.4470113013280065,0.11217014160003695,0,20.68289419484934
B01627,personal,8,established,B,med,49000.0,0.4408932399659538,41798.19840316032,0.043071570832540755,1.6096337023090939,1.0,1,0.63701775216691,0.04662764063879149,0,7.576564280607797
B01628,personal,10,established,D,med,11500.0,0.6769924074886066,23243.235891817956,0.027912825629339267,-0.11707666108143513,0.1,0,0.6048325719055151,0.16992001283895378,0,10.264521552012582
B01629,personal,4,new,C,high,13000.0,0.8040536295016892,29671.060729105302,0.029357160722345895,0.29358537943312724,0.25,1,0.8165939472212812,0.10390944395749616,0,2.8254627507710905
B01630,personal,22,loyal,A,med,13000.0,0.42534320056667985,6280.191375132672,0.07337172384668539,2.752313897312389,0.25,0,0.4050558708304482,0.015,0,18.38560383596428
B01631,salary_advance,8,established,C,med,9500.0,0.4095312220852523,22347.407528582953,0.014507822308671899,0.7540558481200959,0.1,0,0.4135878498362844,0.09210222620339263,0,8.543683417011302
B01632,salary_advance,17,established,E,med,2500.0,0.5383736242690688,53903.36005265753,0.0020807825637057468,-0.4152120445880223,0.25,1,0.5672966357365558,0.19382399549885915,0,16.265970601075125
B01633,salary_advance,20,loyal,D,med,51500.0,0.5685169359351429,39421.7294803998,0.06189188591031793,0.12243139726416274,1.0,1,0.7304877594099303,0.1354793538218207,0,22.228267882825513
B01634,salary_advance,22,loyal,B,med,6000.0,0.46288915945522735,43809.24240377374,0.005283008037310341,0.7506582082230062,0.1,0,0.4458298524234499,0.0639567517339203,0,21.961572707265983
B01635,personal,8,established,E,med,6500.0,0.5110002253366843,27703.796009038186,0.009991114164778566,-0.6328946452609244,0.5,0,0.5475503871225097,0.23800655222965028,0,9.494171987055152
B01636,personal,15,established,E,med,2500.0,0.5551578166593001,67639.74118128215,0.0017099101275492958,-0.5580869998134319,0.5,1,0.6511489067680798,0.21711961039297256,0,15.64441452739636
B01637,salary_advance,41,loyal,A,med,17000.0,0.5289663532659498,31528.314500871704,0.02376812754894895,1.7352539092594896,0.5,1,0.6350789440813461,0.03610495410900179,0,36.646359717334946
B01638,personal,42,loyal,B,med,11000.0,0.4857514944601572,18712.461191391383,0.02379549107415065,1.4261562807722123,0.1,1,0.47316414241739824,0.04935512032484044,0,41.72243631329914
B01639,salary_advance,28,loyal,E,med,9500.0,0.5266881499691836,43059.040220125775,0.009683482258948481,-0.8968924820486638,0.5,1,0.5957032832752472,0.24992280338657172,1,31.687244103741715
B01640,salary_advance,19,loyal,D,med,8000.0,0.5028173374665171,44686.60618217756,0.007501387707637203,-0.06816951790021963,0.5,1,0.5213690607515448,0.13813808264652916,0,18.711804133090283
B01641,personal,9,established,E,med,4500.0,0.5497559051036934,38035.49849722982,0.0054201593921241725,-0.4640043869133926,0.1,0,0.5354817405102411,0.1912545276787467,1,6.343207034233779
B01642,personal,24,loyal,B,med,3500.0,0.42099284741501974,21555.50169229703,0.0056964380717674,0.999088946165252,0.25,1,0.5097717990576797,0.06186982828977439,0,23.41222385427645
B01643,personal,15,established,B,med,6500.0,0.44660443748736894,31407.741768323744,0.007702264580394116,1.1430755885056563,1.0,1,0.6653158035153085,0.07983912722517117,0,14.528624751798363
B01644,personal,22,loyal,A,med,19000.0,0.49991480252592796,57891.66357854449,0.013672638195862901,3.1019679342738837,1.0,1,0.640969973057669,0.015,0,16.72258042005454
B01645,personal,11,established,D,med,17500.0,0.5659400784560957,34984.22403406136,0.023591470266090476,-0.4656732962826614,1.0,1,0.6795124343637562,0.1751660031019882,1,9.047712719965403
B01646,personal,14,established,E,med,7000.0,0.42116710291461157,11935.000788263374,0.020584901031185578,-0.4157287143420289,0.5,1,0.5262237937026097,0.24210264120427163,0,13.893093373417233
B01647,salary_advance,17,established,B,med,10000.0,0.6228819761654988,19037.76578321912,0.027265190641686685,0.9385700156377141,0.1,1,0.611720319297782,0.06520976035876402,0,13.196522946934499
B01648,salary_advance,18,established,E,med,4500.0,0.6240450269259443,18557.03168634738,0.012610685213702469,-0.33221671895485927,0.25,1,0.6468192397642594,0.18046540957531473,0,16.811404442002857
B01649,salary_advance,21,loyal,C,med,23000.0,0.4027623729202323,17767.42713144834,0.04344811485943327,0.609038138509483,0.25,1,0.42106897831806966,0.10128115889302396,0,20.843088337777623
B01650,personal,11,established,D,med,45000.0,0.5475033600527554,8423.608966586631,0.24373610032729165,-0.41503810878354574,0.1,0,0.5233771084222223,0.14896829460209784,0,7.6971688753118475
B01651,personal,7,established,E,med,6500.0,0.6109740786781663,76101.07274601147,0.004348746747918678,-2.621653921904179,1.0,1,0.7466086118959576,0.35,0,6.685277711024965
B01652,personal,40,loyal,C,med,3500.0,0.6074441472813082,16614.6782047277,0.010663535425759912,0.5232332301515457,0.5,1,0.6772879192570785,0.08860821245670529,0,37.72115850177458
B01653,personal,60,loyal,D,med,8500.0,0.5201739457967968,17289.046501362016,0.021311559599910327,0.21763904069720974,1.0,1,0.6844091011550449,0.12409272432642023,0,61.80466785897008
B01654,salary_advance,21,loyal,A,med,75500.0,0.47075954426511696,9247.054521758955,0.32030330584712813,2.0212310502568993,0.5,1,0.4935445207415515,0.030397113465714304,0,19.63518614284174
B01655,personal,7,established,D,med,5000.0,0.5482098998881979,43327.20213563879,0.005271994967618621,0.005490407536354829,1.0,1,0.7499290129264625,0.13988375996172814,1,3.340321485929044
B01656,personal,10,established,E,med,8000.0,0.48908919870892925,25591.724869091908,0.012740816317533453,-1.2547474783141723,0.5,1,0.5895024072802493,0.3203831112486984,0,8.922006196039892
B01657,salary_advance,21,loyal,C,med,39500.0,0.6780837035335204,22181.136893871295,0.10062719214125972,0.49190112702047667,0.1,1,0.7139310022215766,0.11321175167921413,0,20.5659039976459
B01658,personal,34,loyal,E,high,11500.0,0.7096313833978574,22836.131057775852,0.029780150033691773,-1.6910828431366283,0.25,1,0.7273629372320616,0.35,1,35.854174638011955
B01659,personal,8,established,E,med,8500.0,0.560087852307867,37171.30663973761,0.010672987614608631,-1.2109178351996426,1.0,1,0.691744576222653,0.3176687460909515,1,9.071928540855119
B01660,personal,15,established,C,med,9500.0,0.5563200932503845,20660.69060210389,0.021316812797069467,0.6355059681529976,0.5,1,0.7211593790297226,0.08964318202363368,0,16.585380274100803
B01661,salary_advance,18,established,D,med,36000.0,0.65867885881454,9010.126725831942,0.219312850592694,0.10265956004633672,0.5,1,0.6967403165991397,0.16632814154434086,1,20.993980994049437
B01662,salary_advance,26,loyal,A,med,11500.0,0.49777089365758886,13222.235942976116,0.03607789498028102,1.6725082394980655,0.25,1,0.5443472861476117,0.03932669275608622,0,23.283219531101352
B01663,personal,13,established,E,high,19000.0,0.784609843110785,12849.892027968936,0.09667777095362112,-1.9668922508780478,0.1,1,0.8085302432937347,0.35,1,15.273900149451073
B01664,salary_advance,6,new,C,high,8000.0,0.8024840127231827,31301.609995954932,0.01709143209836782,0.10753860267624699,0.5,1,0.8507209560276199,0.1017657145953564,0,4.401137767283301
B01665,salary_advance,23,loyal,C,med,13000.0,0.5389513526116363,44869.36165355285,0.01301253113065051,0.27448750161221463,1.0,1,0.683729955606191,0.09548713665967859,0,22.49981891934025
B01666,salary_advance,30,loyal,A,med,50000.0,0.4325526530361902,60246.098642127195,0.02991567523218611,1.7058485826132062,0.1,1,0.41611317826213245,0.03489056064779647,0,32.324743898417964
B01667,personal,15,established,C,med,9500.0,0.4366827567787137,10946.861470949369,0.031580483901001946,0.6727627681666226,0.5,1,0.49456411369092773,0.08408426790867005,0,14.619776765614828
B01668,personal,20,loyal,B,low,6500.0,0.30740835487521345,37841.00381668076,0.004400328799347014,1.042252150088298,0.1,1,0.3079616096680212,0.059008225630781064,0,21.408988183828964
B01669,salary_advance,12,established,A,med,4500.0,0.606449480329129,19181.67824382428,0.01185603012586466,1.8914100380841012,0.1,1,0.5805913691431595,0.03373093584713055,0,16.109462706016785
B01670,personal,10,established,D,med,18000.0,0.5497727731633202,134309.4765809047,0.006139992357488087,-0.36808710928656624,0.25,1,0.5948148969507752,0.1718742138867135,0,10.75172043177648
B01671,personal,28,loyal,A,med,17000.0,0.5758699104359605,57581.39389577755,0.014168043724811043,1.7350808353007192,0.25,1,0.645194656653799,0.03192277674816167,0,29.880665871413182
B01672,salary_advance,20,loyal,E,med,4500.0,0.683325380944505,68599.6338800325,0.0037353992049333077,-0.294206150879736,0.25,1,0.7283220022591712,0.18876909269793618,0,18.38155112120293
B01673,personal,21,loyal,E,med,16500.0,0.5006655903602821,41828.863774568046,0.016457898317667058,-0.6808777497656938,0.5,1,0.6057140141768306,0.2658375850425806,0,21.310211918569188
B01674,salary_advance,37,loyal,A,med,48000.0,0.40637885399471113,33191.14850496904,0.04897436482908957,1.5027465714983386,0.25,0,0.3736289184134585,0.03756442299416773,0,38.527549723745075
B01675,salary_advance,9,established,E,high,14000.0,0.7734752980692466,21559.66239654171,0.04185537932598622,-1.1547407384088015,1.0,1,0.7904796302719842,0.31390773883794115,1,11.235593488512938
B01676,salary_advance,12,established,B,med,15000.0,0.515091625877877,19348.565358818174,0.03327712005551372,0.9227656284189578,0.1,1,0.5348345143700617,0.05365149918194003,0,14.711582815910388
B01677,personal,17,established,C,med,51500.0,0.49372103389551075,17325.63026230947,0.12229777917003312,0.10131319372132609,0.5,1,0.6007754561422037,0.10838961818320435,0,14.522455539273276
B01678,salary_advance,12,established,B,med,27000.0,0.3989770173202819,37784.96729631375,0.02375808034795395,1.4218527286548728,1.0,1,0.6334653888105868,0.04323573450811045,0,10.937794529954346
B01679,personal,25,loyal,D,med,3500.0,0.5389975510598155,63463.58396697706,0.0024771311235891598,0.34055603504511056,0.5,0,0.552654065571776,0.12794677922078349,0,25.42392199607696
B01680,salary_advance,14,established,C,med,55000.0,0.6877051390361415,22109.345857707664,0.14256332627544258,0.4060489462955271,0.5,1,0.7173490763637362,0.09432386786428966,0,14.47509078604671
B01681,salary_advance,9,established,B,med,9500.0,0.5934374591030322,18082.649285865416,0.025980963723632244,0.8592649929249059,1.0,1,0.7521350177778101,0.065817238051627,0,9.909285024260686
B01682,salary_advance,17,established,D,med,32500.0,0.6007724018327879,11897.37572146244,0.13676057306446596,-0.31264955005977846,1.0,1,0.7120787454342146,0.17816423386144095,0,18.179838598476554
B01683,personal,18,established,E,high,10000.0,0.7422310632167044,30778.769139292344,0.020095861638089574,-0.7062063074902213,0.5,1,0.8308714660508355,0.23251537461692295,0,18.451996464168257
B01684,personal,27,loyal,B,med,14500.0,0.6592158459149823,52896.746576150705,0.015058628971327726,0.8744294398434195,0.25,0,0.6705093036724934,0.06531213749815329,0,26.928680537923984
B01685,personal,20,loyal,D,med,5500.0,0.5861152347618017,54373.382862877435,0.00494058186416856,0.3707121908693626,0.5,1,0.6150849766484807,0.1397735413846285,0,20.35768892376783
B01686,personal,21,loyal,D,high,3000.0,0.7990633696332019,57419.6183572996,0.003479052075289608,-0.007313917304280326,1.0,1,0.8976328678472238,0.13781143329638845,0,20.303377187970415
B01687,personal,19,loyal,C,med,5500.0,0.5275579269466445,33808.70650301186,0.007151926476759415,0.3172159003023325,0.25,1,0.5762138125015563,0.11379035602995287,0,21.128787101230362
B01688,personal,14,established,A,med,17000.0,0.6033200701755107,28271.337198208927,0.03023215445227643,1.59455950783833,0.1,0,0.5788230622195633,0.038581292233770846,0,16.877931349748412
B01689,personal,11,established,E,med,18000.0,0.5526991903720708,54460.92462321357,0.015222818769491296,-0.4430184067398925,0.25,0,0.5647258628045512,0.2046569090276393,1,11.568071670918053
B01690,salary_advance,19,loyal,D,med,3000.0,0.642749477102832,14610.070143820427,0.010998398207121094,0.2779803867179844,0.5,1,0.7280529222438581,0.13575087114508044,0,21.449609877350603
B01691,salary_advance,13,established,E,med,3500.0,0.6175735350613204,21110.69979887784,0.008532432184103147,-1.357444224662495,1.0,1,0.7504936152165019,0.35,1,9.169508499029394
B01692,personal,41,loyal,C,med,13000.0,0.5938629904991197,68938.24923103255,0.009332287666381705,0.35764706184288503,0.25,1,0.6394357688140851,0.0981156108852649,0,39.04090299708527
B01693,salary_advance,34,loyal,B,high,7000.0,0.7256901431006717,14897.772175022414,0.028414936486395932,1.406883511240392,1.0,1,0.8448033997558966,0.05568590855492665,0,34.60617990967244
B01694,salary_advance,23,loyal,B,med,7000.0,0.5902697860079681,26398.118745659864,0.01304350681787095,1.586198115680868,0.1,0,0.6100115284306704,0.0445395302960808,0,25.193438602613725
B01695,personal,20,loyal,C,med,3500.0,0.5913975819261593,38071.90292940358,0.004530662985640051,0.5082176016305326,0.1,1,0.6019465211607394,0.11048422707154042,0,21.84077424408638
B01696,personal,15,established,B,med,15000.0,0.4453388706786937,28155.11171193942,0.019771670382408922,0.9558335730808833,0.1,0,0.4406240629998003,0.06746860574991749,0,14.53862888382643
B01697,salary_advance,8,established,B,med,15000.0,0.5357469536941543,50623.92798809567,0.01322859996709798,1.0812304018802419,0.5,1,0.5974306567007668,0.06025052953918023,0,9.404919961664026
B01698,salary_advance,14,established,B,med,27500.0,0.40211879776507126,62263.022725861374,0.014800473933552341,1.4629502296922627,0.5,1,0.48732566690992424,0.05199804225860051,0,9.725871151823902
B01699,salary_advance,17,established,B,med,6500.0,0.594729670221576,35024.93012338512,0.009197598307886417,1.3343026554775617,0.1,0,0.5447474137128517,0.057815000388061914,0,14.081129473324387
B01700,salary_advance,18,established,A,med,7500.0,0.5686613029617266,57787.88896146511,0.006150307975224367,1.9199781961072513,0.25,1,0.6071405207481596,0.0392741186360609,0,16.88240462133595
B01701,salary_advance,21,loyal,C,med,23000.0,0.5220348109671651,16142.78524120985,0.061982285341077276,0.5803068334337503,1.0,1,0.6707439084482547,0.09419314633564427,0,21.488144907047932
B01702,personal,27,loyal,E,high,38500.0,0.7569819783367882,24670.251916055135,0.09844449590926102,-0.9270580423615083,1.0,1,0.8427073546772111,0.2634646830882917,1,30.44823676995161
B01703,salary_advance,11,established,B,med,10000.0,0.6637679318883354,100997.91468831094,0.005476746177852497,1.0137187436854203,0.1,1,0.6795852345812635,0.046060743131198435,0,10.355390631934878
B01704,personal,11,established,B,med,24000.0,0.5434179883587464,78324.18666362802,0.013876122089655801,0.7805531893227763,0.5,1,0.6373582126841313,0.06266960361919975,0,12.484830801320916
B01705,salary_advance,36,loyal,A,med,19000.0,0.5221897941621206,13328.813913378131,0.062031063888850456,2.3199953933811392,0.1,1,0.5604452133174048,0.021224755535670912,0,33.48405233057099
B01706,personal,25,loyal,A,med,49500.0,0.4325784747155946,26715.005100649738,0.06679340698154797,1.681290356169706,0.25,1,0.5248766548178143,0.03247547317454849,0,24.66612989120326
B01707,personal,13,established,A,med,12000.0,0.4542680444132909,28993.908772755683,0.01566770620593753,1.9454724558645653,0.5,0,0.4409584115044055,0.03450515589339183,0,13.50598384399576
B01708,salary_advance,15,established,B,med,3500.0,0.4137272851222251,33829.522182979046,0.0035670163328929017,0.969853980326533,1.0,1,0.5677789216352878,0.05620628548372799,0,16.542873798261866
B01709,personal,15,established,C,med,3000.0,0.5075951217139026,54215.57262368436,0.0023406334063700222,0.22881059193862816,1.0,1,0.7092578777497526,0.11207841711654766,0,16.449659523695928
B01710,salary_advance,16,established,E,med,9000.0,0.6103992127697047,73979.07009421026,0.006188228765166741,-1.0349831213257468,1.0,1,0.7653210408069251,0.27099735079826315,1,15.981717412258961
B01711,personal,21,loyal,C,med,23500.0,0.37251822230510323,27462.559865141262,0.02656397858016678,0.7080965345140804,1.0,1,0.5614589674402,0.09786540669577694,0,20.395567227746223
B01712,salary_advance,60,loyal,C,med,8500.0,0.6124609921372112,49865.875403254606,0.008699868047816856,0.1974966431286821,0.25,1,0.6240849978522748,0.11313530275149833,0,61.087218043464205
B01713,salary_advance,18,established,C,med,3500.0,0.6397037589183984,38426.701392980416,0.004855484760707294,0.5615100134324709,0.5,1,0.6880422911723261,0.09890760270801222,0,19.211684163964126
B01714,personal,23,loyal,C,med,3500.0,0.545001964635146,26592.329063107987,0.005977622568323439,0.4545131863096561,0.5,1,0.5627138089041192,0.10368074067973751,0,24.19099709574398
B01715,salary_advance,6,new,C,low,14500.0,0.2770509973380523,10572.515168934446,0.03166417354504993,0.8217335888501349,1.0,1,0.5066148958411396,0.08603954584933833,0,6.9061158664790065
B01716,personal,12,established,D,med,34000.0,0.5493668841243174,47106.2275505655,0.03304317891616463,-0.09733070953851063,0.1,1,0.5216571319699155,0.16942095319699058,0,9.357386241738572
B01717,personal,32,loyal,B,med,10500.0,0.36993475940833875,37528.523208214414,0.008625250524418319,1.3350201907325847,0.25,1,0.4622365657382409,0.05022161441164548,0,33.04284923412563
B01718,salary_advance,20,loyal,E,med,6500.0,0.6051870639911425,33332.03003415352,0.009834674315545142,-1.973154312875058,0.25,0,0.622380237164762,0.35,0,21.23765588714692
B01719,salary_advance,1,new,C,med,8500.0,0.692551240373775,15682.547553663053,0.03128044897804303,0.18999357515784443,0.5,0,0.6991116222080381,0.11959661333286419,0,1.3961493927143727
B01720,personal,23,loyal,B,low,28000.0,0.2701399418430949,79025.47124456026,0.007976245140209906,1.6024897791525619,0.1,1,0.2901951062124559,0.04050002651695976,0,25.088119941577563
B01721,personal,47,loyal,A,med,31500.0,0.3882128895384367,29256.572706950068,0.03483179131218993,2.2700485084562145,1.0,1,0.6016321784952469,0.024443592958637062,0,47.49394618236781
B01722,salary_advance,5,new,B,med,6000.0,0.6127363205847208,14360.59725748856,0.021333942787971433,0.7319613383850628,0.5,1,0.6317579352907609,0.07359050073550231,0,8.991538571700762
B01723,personal,37,loyal,A,med,18500.0,0.4067611292478869,13144.041159060844,0.04770907719083597,2.084883022582539,0.1,1,0.46498149344173695,0.032263745964179705,0,35.808437175748935
B01724,personal,3,new,D,med,19000.0,0.49918617907377033,39050.45552041141,0.02023992054212217,-0.1810640042412576,0.25,1,0.5088537449443706,0.1619143673060118,0,5.9367265054400296
B01725,personal,27,loyal,C,high,38500.0,0.7308438613072242,39695.27162182402,0.05906977395274633,0.4028625759270631,1.0,1,0.849192068978023,0.0927502148198642,0,28.137518843398603
B01726,personal,16,established,C,med,9000.0,0.5785281213595953,20854.904217653257,0.02080547033404316,0.5294156432277516,0.5,1,0.6395195047163231,0.08958297503652056,0,16.451529425012147
B01727,salary_advance,4,new,E,med,5000.0,0.6603417504809717,34698.225931397836,0.0079295810851461,-0.003194282891065048,0.5,1,0.6875136476275991,0.18123486856538473,0,1.1033309845576196
B01728,personal,21,loyal,E,med,7000.0,0.6355498568033058,38839.12867284322,0.009545461732456914,-0.3823574680173606,0.25,1,0.624386740675523,0.20175854467398638,0,19.19900679790346
B01729,personal,30,loyal,D,med,11500.0,0.591431414083202,29055.37792197887,0.0195071783274812,-0.11524024413189937,0.1,0,0.5793938228416572,0.17584186745198063,0,32.918165307951845
B01730,salary_advance,20,loyal,D,med,4500.0,0.698590517041908,18292.79203701581,0.014321020178910434,-0.36215290607615724,1.0,1,0.82114474042957,0.16132421883722417,0,19.5227817527491
B01731,personal,22,loyal,B,high,61500.0,0.7015296139247188,45649.40135068796,0.07875983397337587,0.9283770948652447,0.5,1,0.7244963052377184,0.0634206349139973,0,21.180956395976512
B01732,salary_advance,13,established,C,med,5500.0,0.3826865637492817,42646.36073909175,0.0041128482089752855,0.36139181250047725,0.5,1,0.46822162888140156,0.098909858232544,0,12.127920963534313
B01733,personal,5,new,E,med,29000.0,0.6013205029164037,36762.14852147969,0.039529550742449834,-0.7102861167580975,0.1,0,0.6117199785521806,0.23710854285952523,0,2.0045863177796
B01734,salary_advance,24,loyal,D,med,8500.0,0.5537367255496509,17008.14230976942,0.023061318129515746,0.18331624316270978,0.25,1,0.5728491950194422,0.12111441133510265,0,26.22682539227146
B01735,salary_advance,43,loyal,B,med,4000.0,0.4663337649836334,12938.10521183888,0.01201447861048771,1.2550563461996265,0.25,1,0.5089518486021217,0.05020068437677433,0,43.54822068806928
B01736,salary_advance,30,loyal,B,med,11000.0,0.5946675096569486,28059.657587781425,0.019426890087553023,1.5304481806100703,0.5,1,0.6783948630439685,0.040875446494903794,0,25.104342148459732
B01737,personal,5,new,E,med,7500.0,0.6671064623951859,44858.30932860948,0.009294633374224752,-1.4805139965051826,0.5,0,0.6519532886132076,0.34058948502066944,1,8.32825385906402
B01738,personal,7,established,E,high,13500.0,0.7901236946162191,47677.033575700494,0.01864396942884227,-1.2876846697756177,0.25,1,0.8068455818777704,0.32465865446129616,1,11.398247610689882
B01739,salary_advance,10,established,B,med,10500.0,0.6164966023341775,37101.40092836475,0.014539465183105716,1.3045099556210151,0.25,1,0.6994208636379097,0.06054852120786265,0,10.068011176164593
B01740,personal,6,new,E,high,2000.0,0.7504508730524616,20999.42219992183,0.005956123188437498,-1.3751332384885957,1.0,1,0.8347165609330993,0.2977348633648296,0,5.573932093623673
B01741,personal,16,established,C,med,40000.0,0.4225018161893563,17286.582992118852,0.0814700850908437,0.5474868338224844,0.5,1,0.5570208409634962,0.09855432210903876,0,19.120266481117852
B01742,personal,20,loyal,A,med,12000.0,0.3995570795149915,26654.765816727726,0.014990080282912915,2.0169091987540133,0.25,1,0.43794843533550304,0.03531959623233071,0,17.6064043821959
B01743,salary_advance,7,established,A,med,7500.0,0.40848676032518466,26794.148545078722,0.009528357461096934,1.9692348033931344,0.5,1,0.567899449383732,0.02927447875757648,0,5.123554925563443
B01744,salary_advance,25,loyal,B,med,48000.0,0.6287201952469791,49464.59357259375,0.05084203870586952,1.4878725906320915,0.1,0,0.6142697583065815,0.04132743148361762,0,19.92053365780611
B01745,salary_advance,22,loyal,B,med,7000.0,0.406211655492212,20664.18075391709,0.011467030890745874,1.4588095153221206,1.0,1,0.6513561813568352,0.052086701944629214,0,19.814979330451937
B01746,salary_advance,12,established,A,med,5000.0,0.3640635114928308,21630.13797625288,0.007013044944753431,2.601907450196455,0.5,1,0.5619897718434925,0.015378988475054997,0,14.48755643943932
B01747,personal,14,established,E,med,4500.0,0.5687166867866483,83303.43844465465,0.0025601435130037896,-2.3343956628937708,1.0,1,0.6682776037595477,0.35,1,15.644839790547218
B01748,personal,5,new,E,high,9500.0,0.8225210705628364,63143.94434645283,0.010312350945687455,-0.8143356760806351,0.5,1,0.8148548111858953,0.220321933160901,0,3.7127763583182656
B01749,personal,13,established,B,med,9500.0,0.5111103590251029,16555.452079822004,0.024440832680212552,0.8484918490766015,0.25,1,0.523667353845837,0.05723058793701079,0,11.559345562836313
B01750,salary_advance,16,established,D,med,35000.0,0.6175006160542537,60343.80345311721,0.029846369642424913,0.012712992158042946,0.1,1,0.6459822507197285,0.1378095313889756,1,15.53726148735144
B01751,personal,18,established,B,med,6500.0,0.396645898410425,14515.394275260065,0.014801517448628234,1.2397783086070346,0.5,1,0.5302579146143211,0.04550671016788513,0,18.133391633786978
B01752,salary_advance,20,loyal,C,med,59000.0,0.6267904522960523,21189.640939390127,0.1454352026352751,0.7106459396898074,0.25,1,0.6516806668809894,0.08273151380927533,0,17.095674679387564
B01753,salary_advance,18,established,C,med,3500.0,0.3718453873429169,22558.474332035286,0.0048077233879095845,0.48174386033759753,0.25,1,0.4522613068412604,0.11484007387493438,1,20.173418142960262
B01754,personal,14,established,E,med,3000.0,0.48941732425022555,25779.235144408573,0.004746235890132474,-0.27467466424593767,1.0,1,0.6833204092388828,0.2161257455066097,0,14.234405581770407
B01755,personal,19,loyal,D,med,5000.0,0.5010633277278645,37830.31277336314,0.005518759197261496,-0.12251095880806073,0.5,1,0.6302238337374914,0.15685246658232893,0,18.3282690985807
B01756,personal,28,loyal,D,med,3000.0,0.5984938157876344,28525.68889639567,0.005245217897816101,-0.1471099631476519,0.1,0,0.6386928954687188,0.17915629235545097,0,29.317144539102582
B01757,salary_advance,15,established,C,med,9000.0,0.45921331303433627,37725.82095306586,0.00912929065756389,0.6211662968367763,1.0,1,0.643245081515289,0.09379559883296922,0,15.973456625426692
B01758,salary_advance,19,loyal,D,high,20000.0,0.7072389247785709,21568.46397321458,0.05465069477184189,-0.024564965822866935,0.25,1,0.7197154395192947,0.1374554635167637,0,22.832752183669875
B01759,salary_advance,14,established,A,med,26500.0,0.556127072534281,33051.50704453413,0.03715757802486152,1.3032048834912875,0.1,0,0.5626058266221783,0.039299889092707006,0,14.00033863275505
B01760,personal,11,established,C,med,14000.0,0.47008027736151725,28097.384175898296,0.01951879174309542,0.6532259246028234,1.0,1,0.6562954955381478,0.10800642757170181,0,12.791289236426422
B01761,personal,21,loyal,A,med,4000.0,0.5970350666181933,12536.735571686395,0.015874283040809227,1.4994164409698403,0.1,1,0.6073627571942767,0.037983881639533895,0,20.87144336585906
B01762,personal,12,established,E,med,14500.0,0.5951845595288205,35089.44369466694,0.020495661003405878,-1.1289243559929987,0.1,1,0.5629431999069626,0.34683091187706827,0,10.01149667437426
B01763,personal,20,loyal,E,med,5500.0,0.5826707573409179,28362.707715780198,0.009415794610446789,-1.299476546786444,1.0,1,0.7006199457303957,0.35,1,19.89108850759439
B01764,personal,16,established,D,med,12000.0,0.6505873558124236,18166.77636384913,0.035811931780426166,-0.004185755631763539,0.5,1,0.6995339024509845,0.12533574303693384,0,18.363300646092963
B01765,personal,13,established,A,low,19000.0,0.22997543423421837,21297.326542085044,0.01709734647451187,2.898800613559521,0.5,1,0.34528564310002335,0.015,0,14.639546620583761
B01766,salary_advance,13,established,B,med,7000.0,0.569236572724336,21586.50414667705,0.015382512386733296,1.6162087780945704,0.25,1,0.5673796385383806,0.054483120505640976,0,12.402577717779783
B01767,personal,12,established,E,med,7000.0,0.5306992078954275,23512.67318094684,0.013166284222835995,-0.5544463085067131,0.1,1,0.5394843799514569,0.25004491606988344,1,12.793870019285437
B01768,personal,6,new,C,med,38500.0,0.4746932136780326,70786.73945791757,0.021514962720606115,0.424512134431341,0.5,1,0.5365765128633958,0.0964120484725616,1,8.095626452640701
B01769,salary_advance,20,loyal,B,med,7000.0,0.6860922039050158,84934.86447670983,0.004712086782544655,1.4775869074436834,1.0,1,0.7838816421797339,0.040591978178210225,0,17.724675767794636
B01770,personal,18,established,E,med,8000.0,0.59084382766916,6006.987921798581,0.0655729444175135,-1.3683882407328614,0.1,0,0.5543411099660825,0.3493633630009182,1,17.31713137736873
B01771,salary_advance,26,loyal,A,med,53500.0,0.5689041687831687,35189.25003651224,0.07207781969000679,2.119625869034605,0.1,1,0.55035737668119,0.02591923035358518,0,29.894772751992083
B01772,salary_advance,12,established,D,med,8500.0,0.5882554467144696,45488.883330463046,0.009160060896542298,0.18257587317905927,0.5,1,0.7001474159296507,0.14489327059178844,1,12.818597832935808
B01773,salary_advance,46,loyal,C,med,9500.0,0.5749302791923007,23888.627123512597,0.019053130819975672,0.6593191553921396,0.25,0,0.5512812062752092,0.09539407721354994,0,44.82107626307072
B01774,salary_advance,13,established,C,med,8500.0,0.52158639631295,44821.78383900631,0.008242800689252169,0.37378465943385564,0.5,1,0.6249307673415573,0.08536778719412483,0,16.081386724751063
B01775,personal,10,established,B,med,25500.0,0.48465480726716165,66822.30619052236,0.015412390325265243,1.1445401393078949,0.5,1,0.598861309433122,0.06273433698484242,0,8.029843432939543
B01776,salary_advance,9,established,E,high,7000.0,0.7240220424502991,12650.941337247641,0.03338456642636108,-0.405182158201408,0.5,1,0.7606285907944283,0.18505631784628415,0,10.067738478638045
B01777,personal,6,new,E,high,4500.0,0.7316930684836591,28957.051759243073,0.009475581387314013,-1.7069700047844523,0.25,1,0.7517447034172552,0.35,0,7.143594194854876
B01778,personal,38,loyal,C,med,6000.0,0.4835433025427314,78921.65633317347,0.00306343863654748,0.7229552929000445,0.5,0,0.503509495734444,0.08493020443169619,0,36.97190436754009
B01779,personal,34,loyal,E,med,29500.0,0.5506254920125752,13619.107983872273,0.099391311295904,-1.643658086173129,0.5,1,0.6526263155848373,0.35,0,31.98881474347139
B01780,personal,22,loyal,D,med,36000.0,0.5065491837558774,25251.02965740435,0.060181607320001954,0.09889640486445994,0.1,1,0.5479680974558973,0.14964437485357168,0,22.74657920153814
B01781,salary_advance,10,established,A,med,16500.0,0.5941863801445022,21023.19220750593,0.03886214161172888,1.5368742898588184,0.1,1,0.6136850287532669,0.03846417417638055,0,10.19782084967147
B01782,personal,44,loyal,B,med,62000.0,0.6359630055328448,47980.07056184527,0.06848278511146334,0.9790939035087383,0.1,1,0.6269941961548013,0.06654454856585268,0,42.575875532570215
B01783,personal,13,established,B,med,15000.0,0.5733603959843698,51802.06389351329,0.01383536564206679,1.042356065725276,0.25,0,0.5641704187561619,0.059901626461187824,0,15.117021202362613
B01784,personal,14,established,B,med,40500.0,0.37647697244593437,29415.588884793462,0.04319511626917918,0.620351365202829,0.1,1,0.40084127666070546,0.07046452661585069,0,14.24125270078372
B01785,salary_advance,36,loyal,A,med,8000.0,0.5087394745506881,27384.02555176431,0.012385310153152675,3.160334488783408,0.5,0,0.5031336893672144,0.015,0,34.54015434449851
B01786,personal,23,loyal,E,high,5000.0,0.7008860753228643,10451.164482986425,0.0279429019793219,-0.188239627656815,0.1,1,0.7284816617218624,0.2037072221159475,1,23.74256354991515
B01787,salary_advance,55,loyal,B,med,25500.0,0.530010782172814,58844.36679106095,0.01913985948929137,1.1481316770083234,0.1,1,0.49611603615496674,0.04596945938764446,0,57.682001970318524
B01788,salary_advance,18,established,D,high,8000.0,0.7465915856422165,22153.671690716375,0.022467053349447864,-0.08812047121265038,0.25,1,0.7550204841737007,0.1507530601828121,0,20.451319816252873
B01789,personal,13,established,B,med,10000.0,0.39221022050679666,24877.553694651135,0.013138022107559719,0.9568012699148709,0.1,0,0.42778176356238673,0.06775472186698005,0,11.773993961179686
B01790,salary_advance,11,established,C,med,13000.0,0.6201431183055474,45907.32142234943,0.014634304304467827,0.28842512394950404,0.1,1,0.6338663266177842,0.11899298626434741,0,14.760157699458183
B01791,personal,5,new,B,med,16000.0,0.4032300278002573,29991.815942645255,0.017926224877318656,1.3688448794440453,0.1,1,0.4440603430429525,0.042781460103764546,0,5.284551802455781
B01792,personal,14,established,D,med,7000.0,0.687762192967271,46728.66527156028,0.008585621057925104,-0.5308159554019765,0.1,1,0.7344274694015396,0.17327774444203375,0,12.423076345172005
B01793,salary_advance,30,loyal,A,med,12500.0,0.5329751822908791,37491.727018541234,0.014808133039015195,2.157126525716984,0.25,1,0.5650512241614879,0.021034196467862084,0,29.35625377568095
B01794,salary_advance,22,loyal,B,med,10500.0,0.6790350049237988,30094.053812358325,0.019743289920759362,1.3431395305439708,0.25,1,0.6822492328692983,0.060538430345657125,0,26.219388052585206
B01795,personal,16,established,D,med,5000.0,0.6150745780385675,31912.194889520935,0.008030819411512555,-0.032461069086980585,0.25,1,0.5871599348624544,0.12788264515774697,0,13.702530296522784
B01796,personal,9,established,C,med,5500.0,0.5002808342023086,14508.28274887969,0.015804446764068662,0.5424423378599244,0.25,1,0.5859593325253367,0.08818418966102881,0,9.663133268714716
B01797,personal,18,established,D,med,8500.0,0.5102983397134792,24786.661104739633,0.014582896923321261,0.26126438752919223,0.5,1,0.6363824922187643,0.1536338569887639,0,21.654710324340837
B01798,personal,28,loyal,B,med,24000.0,0.5056643977752999,48836.13931333454,0.02070861476297042,0.75595468025181,0.5,1,0.5772855371497739,0.07224531784524,0,28.923180954074663
B01799,salary_advance,20,loyal,C,med,9000.0,0.49091493397218405,16411.67041132712,0.022434413514971687,0.5431289269056091,0.5,1,0.5768430293500704,0.09882938266326172,0,23.051894116045045
B01800,personal,18,established,E,high,6500.0,0.7259685506437543,18153.12782344895,0.02166199504330502,-0.7015885075549914,0.5,1,0.78224631100694,0.2603639045358109,0,19.254311394034374
B01801,salary_advance,10,established,D,med,12000.0,0.6873748114858542,16584.215391503385,0.041447532805080296,0.014928880037469394,1.0,1,0.8199336153479585,0.1597174993498972,0,11.700127931611142
B01802,personal,26,loyal,E,med,3500.0,0.4843652371214031,29271.198590424967,0.004826354948328687,-1.2831449779482225,0.25,0,0.5049049560517667,0.2871915691831635,0,25.791460650157596
B01803,salary_advance,2,new,B,med,9500.0,0.5306861237573126,58185.46550990191,0.00722047183019803,0.8419483325326255,1.0,1,0.6844246110927003,0.06769428952294278,0,2.8245498914703946
B01804,salary_advance,20,loyal,E,med,4500.0,0.5990097717354494,36349.58248434468,0.006179676602820359,-0.4851639721754797,1.0,1,0.719797370660352,0.2071393005174113,0,17.803671202409056
B01805,salary_advance,60,loyal,D,med,13500.0,0.4673446399370616,8124.7527915294495,0.06471122671908663,0.5323529447643003,1.0,1,0.655056241553816,0.12312683184945748,0,61.118211502543346
B01806,personal,7,established,B,med,3500.0,0.5786576066026838,38435.767489052385,0.004391095749738525,0.6480450414810331,1.0,1,0.7628627000863821,0.07834383981144405,0,8.700396546340656
B01807,personal,14,established,B,med,9500.0,0.6667236244466538,21096.247709509313,0.025019751219345056,0.8393967170999113,0.25,1,0.7373334123610179,0.06994534790936176,0,12.05467564304914
B01808,personal,16,established,E,high,6500.0,0.7306497017117742,35602.113884730046,0.01111643510013484,-1.7746519368372387,1.0,1,0.8455028675460958,0.35,1,16.23479730137522
B01809,personal,12,established,D,med,19500.0,0.6973245029893493,24779.57250860851,0.045729292422782175,-0.09184807522507778,0.25,0,0.686365973514902,0.16397008381171987,0,13.219327967193635
B01810,personal,29,loyal,C,med,14500.0,0.45615157625546027,16759.975195765088,0.03288687174079395,0.859744699448822,1.0,1,0.6563407645607637,0.0810068541458075,0,26.797800096607766
B01811,personal,21,loyal,C,med,39000.0,0.5478287736317845,25866.154695219593,0.06883294155170074,0.45201610926232677,0.1,1,0.5642169394142283,0.09020232206517201,0,20.691136583986186
B01812,salary_advance,17,established,A,med,17000.0,0.4151001659444136,21103.442225205214,0.027865528388487073,1.6940749576735445,0.1,1,0.47740248293651816,0.03489912290270555,0,20.407966987611953
B01813,personal,25,loyal,E,med,7000.0,0.6123563783262299,31864.35358595685,0.011210266242915245,-0.4218068999146023,0.25,1,0.6456699358718981,0.1963699012725306,0,26.183946260701912
B01814,salary_advance,16,established,E,med,3000.0,0.6817089373524952,16526.116457488235,0.010312600348456375,-1.6990411301901966,0.1,0,0.7253463160111667,0.35,1,16.2483672490952
B01815,personal,60,loyal,B,med,4000.0,0.6057192411161278,14492.35546450917,0.01393192529674224,1.2103260167685213,0.25,0,0.6260050541975152,0.05393407810266809,0,63.104274684597605
B01816,salary_advance,17,established,D,med,5000.0,0.6972841794625275,40241.13524027947,0.007219852845633472,-0.18708611961848765,1.0,1,0.8001633327446073,0.16187781360825007,0,18.515561256586313
B01817,personal,18,established,E,high,3000.0,0.7138939662592186,49506.6224140944,0.003605042777347576,-1.758540597585998,0.25,1,0.721175463539006,0.35,0,15.136704699826554
B01818,personal,6,new,E,med,7500.0,0.4949376812917191,37013.27037487442,0.008357436337679307,-0.15851239056647382,0.1,0,0.4756845226729074,0.20008223953913773,1,5.202354156671056
B01819,personal,12,established,B,med,15500.0,0.3781515271673244,18829.4034614673,0.02594058402278586,1.2305579759317014,0.25,1,0.4827884763435893,0.05610262536875768,0,13.559521169520725
B01820,salary_advance,30,loyal,E,med,10500.0,0.64578197008931,17907.260708194928,0.03155475496984066,-0.5132526178126982,0.5,1,0.696583422520231,0.23110681402584607,0,26.365423485160534
B01821,personal,7,established,A,med,8000.0,0.613240383323091,18483.448256437252,0.022118541764684595,2.3359959539472674,0.1,1,0.658717990994554,0.022289193133632156,0,7.758507361718841
B01822,personal,5,new,E,med,5500.0,0.6284782046868792,43902.09022970677,0.006561248199671659,-1.1878815945366619,0.5,1,0.714977825837636,0.31485665985923733,0,5.444921483534836
B01823,personal,16,established,C,med,5000.0,0.4086830391022586,17089.561679806186,0.009964246176492475,0.08701085412574988,0.1,0,0.40019715616585483,0.10919351311243128,0,19.149322799422063
B01824,salary_advance,34,loyal,D,high,7000.0,0.7649406289161452,43748.92326058122,0.010199459406348444,-0.4691324178476084,0.5,1,0.7968529174940354,0.1513757020983198,0,31.09924898063216
B01825,personal,16,established,D,med,8000.0,0.6154401353858077,38188.76863608225,0.010743824381990601,0.041610348696014196,0.1,1,0.6018563021740376,0.16143587968154144,0,17.92586787170778
B01826,personal,13,established,D,med,5000.0,0.5908364588686187,53143.434045905124,0.00463240402660606,-0.13374782175867694,0.5,1,0.7083455207209725,0.15781109579545965,0,13.202103208722782
B01827,personal,5,new,E,med,3000.0,0.5458051182726453,48278.142135987015,0.0028263573023131964,-1.8394939023310872,0.1,0,0.5429195133516214,0.35,0,2.1447368622981644
B01828,salary_advance,21,loyal,A,med,80000.0,0.42009399256883784,36259.64051817833,0.07723812418166488,3.57582696895091,0.25,1,0.4658998158056386,0.015,0,21.415371409172447
B01829,personal,23,loyal,D,med,8000.0,0.6356959239421545,11994.76218798175,0.035331862023302976,-0.0953371690186946,0.1,1,0.6901054306105256,0.13535441815751378,0,23.415399701321203
B01830,personal,6,new,E,med,7000.0,0.6432077504563168,37630.51640506883,0.009970751319505625,-0.49446255730602856,0.5,1,0.6767004045645925,0.22787283494928637,0,5.0102514894030605
B01831,salary_advance,30,loyal,B,med,4500.0,0.42406675248042547,28667.242271886254,0.0055472734583931075,1.7190358793536542,0.1,1,0.4162336204345706,0.04741869368504063,0,30.86470683430226
B01832,personal,25,loyal,A,med,8000.0,0.46412268272759605,21910.263164453016,0.014121926308963247,2.214254883348469,0.5,1,0.5574454286935387,0.022416032413729248,0,27.362859033029316
B01833,personal,30,loyal,B,med,11000.0,0.43743422028339857,56909.82839707776,0.007045907181363161,1.526436868004303,0.5,1,0.4673953199039335,0.047572965822011065,0,30.778599172517755
B01834,personal,22,loyal,E,high,40000.0,0.7524280935327059,24754.569612670868,0.10131841047340315,-0.8011801230265864,1.0,1,0.8006817229490423,0.25152542536751565,0,20.707623270941344
B01835,personal,23,loyal,C,med,6000.0,0.624759383425828,20106.593914120695,0.015536181465998194,0.6139090094946628,0.1,1,0.7015152421278926,0.08787176931713316,1,21.387951755822705
B01836,personal,21,loyal,E,med,3000.0,0.5956739688409808,49922.69022716733,0.002982982117602419,-1.4813724823849945,0.25,1,0.6520159378316868,0.35,1,23.008605755065776
B01837,personal,26,loyal,B,med,66500.0,0.3921350677156366,21529.92313779603,0.1009330976094359,1.3017050813223565,0.1,0,0.34194506921547996,0.048594520487281856,0,26.46761304492723
B01838,salary_advance,6,new,E,med,5500.0,0.6634940943157649,19560.71952917785,0.015546537510601846,-1.285188138530462,0.25,1,0.7400970298546155,0.35,0,7.883453486155612
B01839,salary_advance,7,established,E,med,4500.0,0.5431849787723433,14473.363568262803,0.014073740777595736,-0.45320132360923704,1.0,1,0.6904686308091831,0.2046362771819499,0,7.632053807453873
B01840,personal,10,established,D,med,12000.0,0.5260001589588456,17135.42416357483,0.030696652381501963,-0.0032015040313106763,1.0,1,0.69262705125158,0.1418739369566638,0,10.032485866727159
B01841,personal,15,established,D,med,9000.0,0.4354193114144508,17963.296336451196,0.01817954107332584,0.44500656114101217,0.1,1,0.4560003752117478,0.12212565431795976,0,18.09863856361154
B01842,personal,20,loyal,D,med,36000.0,0.46035265122106295,37857.18758010069,0.03648073303757859,0.13906537660468093,1.0,1,0.5949884389980369,0.1330005135047373,1,18.846352167152222
B01843,salary_advance,19,loyal,A,med,4500.0,0.4840731243658488,15359.819142513723,0.011818330668669923,2.2690836767328815,0.5,1,0.6026386665629462,0.023130855278046883,0,15.635109536146254
B01844,personal,30,loyal,B,med,25500.0,0.49026339071877856,9683.596187518011,0.10758500097518309,1.1232395821922794,0.5,1,0.6002668919509719,0.07257191061941255,0,30.17381442379131
B01845,salary_advance,30,loyal,B,high,6500.0,0.7346042451919358,31785.846475645314,0.012518484700955889,1.3947247540642085,0.25,1,0.7533825687482513,0.05742548932902289,0,30.163768461839904
B01846,personal,10,established,E,med,14000.0,0.6893562659491531,18983.525238764265,0.04236562845021041,-1.2294009019846637,0.1,1,0.7076443897140331,0.35,0,10.761790047472761
B01847,salary_advance,18,established,A,med,30000.0,0.3635171250770013,26663.56205220942,0.03408369860384794,2.0493678975454026,1.0,1,0.6207899631888474,0.015904304246976798,0,16.312682614473154
B01848,personal,10,established,E,med,16000.0,0.4590138009347322,54465.82864524918,0.011236740842272917,-0.8030651442785116,0.1,1,0.46523211311469637,0.2589624681883011,0,8.048818429248474
B01849,salary_advance,14,established,A,med,30500.0,0.5150452933284141,27982.9202058317,0.04678115951613843,2.087542432987094,1.0,1,0.7021745393190778,0.02812431244268044,1,14.061746997711436
B01850,personal,19,loyal,A,med,19000.0,0.4226752585101772,61715.5752669904,0.01084387244353208,2.4221950569255712,0.5,0,0.39041717242233853,0.020550703720132225,0,18.262617960565382
B01851,salary_advance,2,new,C,med,5500.0,0.6699865998634609,25913.49672244983,0.011850087037387502,0.5126565323637751,0.1,0,0.716516253663731,0.1048659038469068,0,0.7998192694674415
B01852,personal,60,loyal,B,med,4000.0,0.530500953515549,46808.779700362764,0.003777788105219057,1.432013097679421,0.5,1,0.6310874509084808,0.048423833962864586,0,64.15709400830008
B01853,salary_advance,22,loyal,E,med,4500.0,0.48298902806560545,19908.758158330256,0.009097548128526395,-2.3329197630568688,0.5,1,0.5968906798383639,0.35,1,24.02366245905759
B01854,salary_advance,11,established,D,med,8500.0,0.4576196459520671,28544.79417170174,0.011355739588320283,0.1549975845096226,1.0,1,0.6746131144896561,0.12218042643583706,0,11.490529393050714
B01855,salary_advance,47,loyal,B,med,7500.0,0.41887717048651374,16104.718757514209,0.016255995245612106,1.8521656399195394,0.5,1,0.5247431704502732,0.041106502218446146,0,45.92920739100007
B01856,personal,13,established,B,med,15000.0,0.5688519335241032,17191.846178524083,0.041360590917419074,0.9245102683140846,1.0,1,0.7182207423470305,0.078060740141467,0,13.56557040432482
B01857,personal,17,established,E,med,8500.0,0.53239981247555,23776.036048964204,0.0158612029801863,-1.2197233380998775,0.25,1,0.5712202551206671,0.3358471497736128,0,16.502486461584603
B01858,personal,12,established,E,med,46500.0,0.5982503762523893,12955.896218953141,0.17893167472171406,-0.29372203986787376,0.1,0,0.6610445756907025,0.18598988812559708,0,11.47960285230306
B01859,personal,40,loyal,E,med,4500.0,0.5401620139767844,29367.619959385396,0.006897418160594221,-2.1363655052011468,0.1,0,0.5321588110050982,0.35,0,42.45817650458993
B01860,personal,15,established,C,med,22000.0,0.5498940883927036,22776.44142217834,0.0442623649307931,0.41299284017275345,0.5,1,0.6217881265088311,0.11943507471986095,0,15.193059534747112
B01861,salary_advance,17,established,E,med,7500.0,0.6798341337586999,30608.06949353152,0.013881840332628029,-1.5333284012268238,0.25,1,0.7430464982189819,0.35,0,19.90906939089896
B01862,salary_advance,31,loyal,A,med,73500.0,0.6274279534996846,13065.689596165947,0.29412884692387564,1.8804778427875717,0.1,0,0.5954828581247664,0.03733193241573594,0,29.079047235211853
B01863,personal,22,loyal,B,med,28000.0,0.5204841194399777,39574.99549275946,0.030687633194604987,1.5827248607174091,0.1,1,0.5455381574869778,0.042321848558552345,0,17.869451405083602
B01864,salary_advance,15,established,E,med,5000.0,0.4975836945461845,68438.2745126862,0.003029394602223819,-0.12436681440649866,0.25,1,0.5497275264803777,0.19674730096415818,0,17.09600677496783
B01865,salary_advance,30,loyal,B,med,4000.0,0.6541950635650545,60936.840467900045,0.0035785416426902298,1.2712759304540886,0.5,1,0.6921516842352389,0.062040151101142464,0,27.45608578625291
B01866,salary_advance,60,loyal,C,med,56500.0,0.5225979760660538,76661.01592878904,0.03209669792179604,0.5329012759394915,1.0,1,0.7348939627844938,0.08731986549551064,0,58.77688227832692
B01867,personal,19,loyal,C,med,14000.0,0.616082074483566,27538.410292170316,0.026100359919293693,0.6419083950148662,1.0,1,0.6905306553971736,0.11962190071815346,0,17.00100579705831
B01868,personal,17,established,E,med,14500.0,0.5617034609821002,22163.890303490447,0.03062300914052454,-1.14725942324315,0.5,1,0.6399424547636147,0.24229549020960503,0,20.442917792865273
B01869,salary_advance,18,established,B,med,25000.0,0.5317804856619057,35177.81639721894,0.031493598104151296,0.9724926232399093,0.25,0,0.4981202569560793,0.07371227820567751,0,16.100590847905394
B01870,personal,33,loyal,E,med,8500.0,0.5536543363295955,23599.46041451469,0.016617830012994453,-1.2411852302244162,0.25,1,0.6394334728644335,0.2995525143576949,0,30.27811466560072
B01871,personal,11,established,E,med,6500.0,0.6853337745690876,10329.504232603833,0.03593807145682786,-1.8299301623293818,1.0,1,0.7890130358066378,0.35,0,11.472989648467633
B01872,salary_advance,14,established,D,med,37000.0,0.6339671456104475,42218.53968380342,0.04630032319779139,0.22807168333300812,0.1,1,0.6425035596449251,0.12390710252194014,0,15.946508583534571
B01873,salary_advance,7,established,C,med,36000.0,0.5097368749603679,23649.067553592115,0.06466261815252111,0.13875672038872047,0.5,1,0.6187718719495104,0.11537128508762533,0,6.412399155758631
B01874,salary_advance,8,established,C,med,9000.0,0.4822669310575201,12003.529053666438,0.0301328214957467,0.6223017305517504,0.25,1,0.45404889450700525,0.0855727769064498,0,7.550265293291405
B01875,salary_advance,12,established,D,med,3000.0,0.6149193964503065,20342.035820745077,0.007557249946232072,-0.29950749023632894,0.5,1,0.6582752065358568,0.16077022673838406,0,10.524473964606896
B01876,personal,15,established,A,med,4500.0,0.40192362538261595,23946.72657691529,0.006294027663212088,1.8856916657855893,1.0,1,0.6481468118859086,0.03080751854320891,0,18.57375996033889
B01877,personal,43,loyal,C,med,9000.0,0.3901303418306567,27078.839863606987,0.010805402219843017,0.560604989379442,0.5,1,0.47991157188812295,0.08900771449597462,0,43.260179671651194
B01878,personal,22,loyal,B,med,23000.0,0.5710270714234316,27258.338369696958,0.040151697389533315,0.6328817785162255,0.25,1,0.6743565399126719,0.0793930102244808,0,22.38269070930038
B01879,personal,9,established,D,med,21000.0,0.5475731157571512,57122.928205533666,0.01677527715538549,0.19723387740704562,1.0,1,0.6903611142938376,0.12706756298964014,1,9.936400902522733
B01880,personal,11,established,B,med,10000.0,0.5081966028562921,13244.037511167313,0.031976439865095456,1.002909868948078,1.0,1,0.6938416441523519,0.0695391715866626,0,9.58271519975301
B01881,salary_advance,35,loyal,B,med,6500.0,0.5576346351928985,24743.564275359055,0.012207299267859293,1.3260174144844643,0.25,0,0.47572281358297575,0.0440845215876827,0,35.47970004503432
B01882,personal,30,loyal,B,med,9500.0,0.5908874289053125,16590.240613119684,0.028196449474444468,0.8420178997082792,0.5,1,0.6782335888400839,0.05927542899782662,0,27.60438060545595
B01883,salary_advance,16,established,B,med,25500.0,0.5012226286288857,53685.19467910646,0.01983969867675461,1.0859841048655907,1.0,1,0.6983834916879121,0.0643777932551046,1,18.68879750074779
B01884,personal,12,established,E,med,6500.0,0.5497410366262353,19755.757394182227,0.01507289186123036,-1.8246146370471914,0.5,1,0.6197533791909586,0.35,1,10.159970592094126
B01885,personal,30,loyal,E,med,3500.0,0.5811734620288999,22267.72477063903,0.007612314602010922,-1.3868476505857772,0.25,1,0.6314616910772242,0.35,0,31.979851241524052
B01886,personal,9,established,D,med,8000.0,0.628495602331161,47922.118981048065,0.008743291764424612,-0.07605874530144384,0.25,1,0.6644724454989905,0.16074789049811977,0,13.165107842473958
B01887,personal,20,loyal,D,med,8500.0,0.574227030007879,55749.635564654425,0.007295906818688856,0.20232611731809788,0.5,1,0.6949430893024691,0.1498128461680169,1,19.44095196641683
B01888,salary_advance,57,loyal,B,med,10500.0,0.4525954722284054,60472.436540612594,0.006548785874270033,1.3298098440482082,0.25,1,0.491335054228494,0.05837176831954546,0,56.21011383716842
B01889,personal,18,established,E,med,20000.0,0.4952409002247316,10897.490336922196,0.07574234753647625,0.020016902183505356,0.1,1,0.5048731862296824,0.19544031130920222,0,15.19534399232416
B01890,personal,10,established,D,med,40000.0,0.6056346174325896,35087.58897528603,0.05753550235470902,0.5818649344542106,0.25,1,0.6845395130018719,0.13829926456219824,1,6.390698709416783
B01891,salary_advance,20,loyal,D,med,2500.0,0.5662933072697142,31212.19989267482,0.003779860847794496,-0.49559526956128575,1.0,1,0.7471057895289033,0.16213068813205106,0,19.854634103222804
B01892,personal,12,established,C,med,5000.0,0.6355870797062301,26155.783723943627,0.010125024456260743,-0.01074457040869473,1.0,1,0.7554561111928729,0.1071261771339612,0,12.632595247449546
B01893,personal,7,established,E,high,5500.0,0.7156787646643851,27906.43150411146,0.011754259363336463,-1.3410567379577842,0.1,1,0.7655440922305248,0.3404677492777718,0,7.460812800591254
B01894,personal,24,loyal,C,med,6000.0,0.4996704941566452,54566.513429275365,0.004578545180500464,0.7868579343714008,1.0,1,0.7117633212656171,0.0836931334111209,1,24.067758809136343
B01895,personal,30,loyal,E,high,5000.0,0.7264334091724494,47630.284879674844,0.0063547927105586,-1.4782850423633205,0.25,1,0.7503771431561315,0.35,0,30.105790261735596
B01896,salary_advance,13,established,C,med,3500.0,0.5490113940304766,44059.7644692843,0.0036343436055024853,0.6983100985408797,0.1,1,0.5644322640717203,0.09211946637305458,0,13.666647464204468
B01897,personal,13,established,E,med,2000.0,0.6687314540745798,30145.857885907313,0.0036971992227783565,-1.4689993808971122,0.25,0,0.6401013113907141,0.35,0,16.87970281914496
B01898,personal,9,established,D,med,18000.0,0.3699485188085213,93791.07002113921,0.005916584362324794,-0.3835277932217955,0.5,1,0.5108359691426564,0.171065588879706,0,9.565511506046525
B01899,personal,15,established,B,med,3500.0,0.4281582153232135,21582.91774837197,0.005786033238193221,0.894927691449249,0.25,0,0.465828327615262,0.06647621877408785,0,18.12383775738435
B01900,personal,12,established,C,med,21000.0,0.46446114100673325,11061.448353330266,0.07348106421498336,0.22737998859841746,0.25,1,0.5090302578759138,0.11677837568878374,0,11.073400574605579
B01901,personal,9,established,E,med,3000.0,0.6211393855514136,23251.28763960411,0.006678548250521637,-1.645660223724301,0.25,1,0.7151239301262964,0.35,1,10.038245007176316
B01902,salary_advance,46,loyal,D,med,5000.0,0.5737040040223856,27771.226888199904,0.00860759000571551,0.07760615530597592,1.0,1,0.7004000523762021,0.12576035977283456,0,45.69959867110121
B01903,personal,21,loyal,E,med,2000.0,0.6390160768046123,55091.529500220095,0.0019331951832451824,-1.101378525476802,1.0,1,0.8161732263209696,0.2875785625707315,1,23.47681897379811
B01904,personal,22,loyal,E,med,2000.0,0.6645222115503284,20311.897255696706,0.005452651740545438,-1.2947584996051935,0.5,1,0.7524001638159874,0.35,1,21.464078688462813
B01905,personal,26,loyal,C,med,9000.0,0.47382367249236945,35248.4396043017,0.010081801020375048,0.5176631761339743,0.1,1,0.512518244024974,0.09365237298036035,0,23.772563415323194
B01906,personal,25,loyal,B,med,25000.0,0.5920063008441158,11938.403276783856,0.10330916383854684,0.9602983435601032,0.25,0,0.5927880642217804,0.07953022625935555,0,26.814964869846523
B01907,personal,13,established,C,high,39000.0,0.7114985783965636,48765.571783011386,0.047418092216328714,0.4406059207156895,0.25,1,0.7918381216392678,0.0900978333464427,0,14.344571325333707
B01908,salary_advance,19,loyal,B,med,4000.0,0.46926806646510855,27933.324398821405,0.0055998593861711216,1.352626814879751,0.1,1,0.5189818376592702,0.04228218431758335,1,19.110342577956985
B01909,salary_advance,14,established,C,med,3500.0,0.48532101329288263,23056.296097003164,0.006139405983289002,0.33808914911418153,0.5,1,0.5447017319565394,0.11489562975129188,0,15.814768899560226
B01910,personal,20,loyal,D,med,5000.0,0.49374783329776906,86890.92133572043,0.0023676612091520837,0.12660978125003225,0.5,1,0.6018643736189866,0.1362284527652861,0,22.939349444989602
B01911,personal,19,loyal,E,med,10000.0,0.6076536341129913,48457.81447493751,0.010449873439698618,-0.6730693270623144,0.5,1,0.7112257677888273,0.20462494625096958,0,20.263393857961315
B01912,salary_advance,13,established,D,med,5000.0,0.5231829098836124,15185.3582080731,0.014355465055956253,-0.09007967175049891,0.5,1,0.6151276074941735,0.17918293924577092,0,11.547902473134057
B01913,personal,7,established,E,med,3500.0,0.4703027184166493,25332.274253388747,0.005414895829438067,-1.3213483853261705,0.1,1,0.5328847751779326,0.35,0,6.348120355248954
B01914,personal,17,established,E,med,16000.0,0.46554950100306275,121173.14437525328,0.005122691758181803,-0.8451655271269194,0.5,1,0.5200837571771059,0.23581047203551653,1,17.274675366020745
B01915,personal,14,established,D,med,20500.0,0.6626493766735279,79885.46757913812,0.014170612663216972,0.08892687043804186,0.1,1,0.6747777932758042,0.1607723333232434,0,10.338001615686885
B01916,salary_advance,5,new,C,med,11500.0,0.6871981467714128,44695.572284448746,0.014734454823953032,-0.11780608754092231,0.5,1,0.8205815615178201,0.1133284228129983,0,3.614390604690183
B01917,salary_advance,21,loyal,A,med,8000.0,0.568380488660372,9741.238305807794,0.038898578792356045,3.814728037894776,0.5,1,0.6171111745689836,0.015,0,21.096159609645664
B01918,personal,27,loyal,E,med,6000.0,0.6352850824127495,55976.24311343674,0.005674595570171923,-0.9457955975050075,0.25,1,0.7014564539994093,0.24513346197944916,0,27.04895593719015
B01919,salary_advance,60,loyal,C,med,6000.0,0.44040132366453605,18970.646841520713,0.011607440888642701,0.6249012791682179,0.25,1,0.4813156815645192,0.10112785616918665,0,60.685088046344056
B01920,personal,13,established,E,med,7500.0,0.5988101986068287,55711.1097979388,0.0067178050390070436,-1.4237321112037242,0.25,1,0.645702149897254,0.3243133832318049,1,10.293896448520158
B01921,personal,12,established,E,med,18000.0,0.4388765102566608,18079.47024565635,0.03641228180030073,-0.3877858759699509,0.5,1,0.49551534906397493,0.18532848532115126,0,12.827627834992638
B01922,personal,8,established,D,med,4500.0,0.4310087146812374,35201.932140199126,0.0045914601324082245,-0.34709318211518453,0.1,0,0.41205767101675456,0.16431201970419068,0,4.249157203129478
B01923,personal,18,established,B,med,42500.0,0.5526982064637963,18917.535127968862,0.10347398862049575,0.8448800262331382,0.1,1,0.4979406862859268,0.07241102674839747,0,17.44140311413623
B01924,personal,18,established,E,med,7000.0,0.6465509295911561,22030.779666542443,0.01711944446074004,-0.4496665392179212,0.1,1,0.6388559508731575,0.24171593860653873,0,15.12786015429296
B01925,personal,10,established,D,high,19000.0,0.7488260427067331,37881.12136154609,0.03129900044324532,-0.19131960005615892,0.25,1,0.7464671031612853,0.16062717098290125,0,12.452687768231495
B01926,personal,14,established,E,med,2500.0,0.5877158492889216,13024.739509672378,0.009400633451768116,-0.4303179624722195,0.5,1,0.6433873287973307,0.24644103974728127,1,12.379869396946429
B01927,salary_advance,5,new,E,med,5000.0,0.5091516707781089,99193.71344590903,0.0021387094214046494,-1.401051744057209,0.5,1,0.6085519570427147,0.33917386908900954,1,4.290580402915739
B01928,personal,27,loyal,E,med,3000.0,0.5722431646120554,15291.12988269135,0.009355802497953414,-0.25210237179310746,0.5,1,0.5969335535564987,0.20392383844965928,0,26.699895753878
B01929,personal,10,established,D,med,11000.0,0.5548517161703755,14827.923063619974,0.0343011000916273,-0.3819367150838177,1.0,1,0.7558082170361335,0.15197324722054684,1,12.42851837488435
B01930,salary_advance,16,established,C,med,3500.0,0.4974160041689592,37942.36483109161,0.003823685437859913,0.42382588340638455,0.1,1,0.5180165679961266,0.09946095577281913,0,18.3988207087907
B01931,personal,7,established,C,med,5500.0,0.5737020507848064,54751.915049627285,0.00480251280778095,0.5589472872248251,0.5,1,0.6260565559290676,0.0866278785215799,0,8.504510624793648
B01932,salary_advance,11,established,D,med,20500.0,0.44430299312972077,22515.595431549977,0.033710750202932654,0.11540349028897079,1.0,1,0.6739027346442177,0.1587661755958886,0,11.382777560258434
B01933,salary_advance,14,established,D,med,12500.0,0.5757223030305821,14923.492534086243,0.040185682470356324,0.09782373601865318,1.0,1,0.696439605372644,0.13524446477842442,0,13.454177045333333
B01934,salary_advance,16,established,E,med,8000.0,0.691232729591341,16198.78632528561,0.028447922608142415,-1.3708131584870529,0.25,1,0.7334835199488663,0.2792829304463935,0,13.546905682825358
B01935,personal,21,loyal,B,med,15000.0,0.6582992904778777,15267.615588439792,0.053896701048748184,0.9397345172563512,0.1,0,0.6558657676981642,0.057579021185196644,0,24.66081155350725
B01936,personal,36,loyal,D,med,11000.0,0.6096264860917043,31872.498361657785,0.017533118131387346,-0.29589788715004073,0.1,1,0.6599814707579286,0.1544148405800118,1,37.30208634727811
B01937,personal,24,loyal,B,med,15500.0,0.6174269452120026,25887.296220884535,0.030806994961056624,1.1471232382297756,1.0,1,0.752690517504723,0.06692286348294783,0,22.276373457397067
B01938,personal,27,loyal,B,med,11500.0,0.446642570093491,34003.132608490676,0.012588030283403398,1.7164399478541958,0.1,1,0.5039752233116243,0.04155784762440829,0,26.828685036093894
B01939,personal,36,loyal,C,med,3000.0,0.52616495830366,32881.91814408699,0.004000412597571334,0.2120849733069948,0.25,1,0.5383798203759049,0.11656876063445702,1,37.04268902594059
B01940,personal,22,loyal,E,high,7000.0,0.7181633893095563,42335.09789994768,0.009895539742319234,-0.6233112807658922,1.0,1,0.833038114972977,0.2054681759238468,1,21.24356180568719
B01941,personal,16,established,D,med,3000.0,0.43352786897411616,21472.55289609677,0.005047465374423665,-0.016698613086298133,0.1,1,0.45222809415599097,0.15731435244286454,0,15.882269918036766
B01942,personal,28,loyal,B,med,9500.0,0.49020645538806995,17925.640438551836,0.0216494418621122,0.7487019980186385,1.0,1,0.7065939310467005,0.06876446244438342,0,27.40398494460188
B01943,personal,29,loyal,D,med,8000.0,0.6702774268458546,29318.14063151768,0.015241471944399522,0.0844799987532791,0.25,1,0.7078541818893491,0.14146712050101354,0,28.04483484495881
B01944,salary_advance,23,loyal,D,med,5000.0,0.5380740268978716,26101.693984623715,0.008589385475882115,0.18596159062067608,1.0,1,0.7089799327150867,0.12986084958433078,0,26.71262198082482
B01945,salary_advance,7,established,B,med,24500.0,0.4956835100687688,30918.921071497225,0.03273142996754415,0.9135322106974136,0.1,1,0.49966268613135956,0.06800851134912166,0,5.210469160764346
B01946,personal,10,established,C,med,13500.0,0.5176872014017233,18188.737856486714,0.03201970945824787,0.49757827469419513,0.1,1,0.5080192390706205,0.1030958521635767,0,8.831135723851965
B01947,salary_advance,14,established,D,med,8000.0,0.5788301901953103,38300.54899728813,0.010075228777813678,0.0037103596728422783,0.1,1,0.6083151533709634,0.14333779264652563,0,15.79349811015259
B01948,personal,25,loyal,E,high,24000.0,0.729675573976093,14071.330332398304,0.10371095791789685,-1.25406616526069,0.5,1,0.8023623268323471,0.3408674780871042,0,27.126560934361834
B01949,salary_advance,16,established,B,med,6000.0,0.6179018195786075,21116.044584139217,0.014631097626179687,0.8063781853794524,1.0,1,0.786916521832171,0.0638322098506882,0,13.991382858489448
B01950,salary_advance,30,loyal,D,med,5000.0,0.5707389044750227,50059.75812621928,0.004750479941692699,-0.017327193441376565,0.25,0,0.5721295834836219,0.15536904255268452,0,28.018255025434208
B01951,personal,33,loyal,C,med,6000.0,0.6447694126690293,14440.279562414868,0.02232537846245145,0.614341075370309,0.5,1,0.6556555636979771,0.10264273411390831,0,32.8831872144769
B01952,salary_advance,31,loyal,B,med,10000.0,0.5594307345991851,47936.55645561761,0.00972519332431151,0.9011572316790369,0.1,0,0.6132326791315296,0.07461689012475997,0,32.47462670588615
B01953,salary_advance,31,loyal,E,high,3500.0,0.7059521795979146,12394.341846931986,0.016612638379048708,-1.1389474270426652,0.5,1,0.7734823034038929,0.3226298223862389,0,30.468264479377446
B01954,salary_advance,9,established,C,med,22000.0,0.4438967306934422,11250.026566938917,0.0723385556554656,0.43108168441157335,0.5,1,0.5391131657380396,0.10129595196667925,0,10.393615916115804
B01955,salary_advance,21,loyal,B,med,6500.0,0.6761282873717152,11829.784696115627,0.030958818361244957,1.2645325253744555,0.5,1,0.7520674134791161,0.06058825796750106,0,17.24330909758993
B01956,personal,11,established,C,med,9500.0,0.5589185792178248,28688.26382008111,0.015423631465551464,0.6371524153104868,0.25,1,0.5882054497171549,0.08852392560938473,0,6.950723083172999
B01957,personal,6,new,C,low,8000.0,0.29713001712065473,40186.14898983545,0.004929227683163666,0.1173657510963127,1.0,1,0.5269107114200969,0.11185296819268904,0,6.485765799189108
B01958,salary_advance,14,established,E,high,3000.0,0.7829411087691253,54771.58174545395,0.003573664863321705,-1.6271860439495902,0.25,1,0.7281627983446315,0.35,0,11.473416836116478
B01959,personal,34,loyal,A,med,17000.0,0.4913857096870237,52421.85777401663,0.013279379727266998,1.6770810621866374,0.1,1,0.5019668900096665,0.030159231494327574,0,38.40682269078888
B01960,personal,21,loyal,B,med,14500.0,0.48999630236405756,43238.397985692725,0.013693358055321202,0.8110226675425805,0.1,1,0.5739201155912755,0.07966170702740148,0,19.730001936555006
B01961,personal,49,loyal,E,med,9500.0,0.5488976698928927,17026.378577901047,0.025521809389884704,-0.8033193293704773,1.0,1,0.7316485358076641,0.23598629475474167,1,48.282595798004934
B01962,personal,18,established,E,med,9500.0,0.6479213247183064,16944.91480551402,0.03027089373356296,-0.7877630401582735,0.1,1,0.6370069555639815,0.2318988262506869,0,15.093208960754875
B01963,personal,60,loyal,C,med,9500.0,0.4489483727308711,41493.238981402894,0.008565671672548139,0.6312242092945207,1.0,1,0.6865916081274293,0.09023719030314463,1,63.043836331828665
B01964,salary_advance,18,established,B,med,10000.0,0.46106152544520324,58789.56440237751,0.006535478562849576,1.0297841932982557,1.0,1,0.573217164092698,0.058320583980334476,0,16.732927493230463
B01965,personal,16,established,E,med,10500.0,0.539522497234103,15258.202648933828,0.03093956712606822,-0.4879628563477017,0.1,0,0.52244746176787,0.21275459296753066,0,16.37660390420003
B01966,salary_advance,8,established,B,med,10500.0,0.4839273887957075,54813.929942457005,0.0077249791365217296,1.1755254073790748,0.5,1,0.5502833754875434,0.05783005186148542,0,6.16475221340056
B01967,salary_advance,30,loyal,E,med,6000.0,0.5705730758740448,9356.38608084356,0.030491103666737674,-1.0427668291001777,0.5,1,0.6115177772580283,0.2677158846760573,0,28.82694875469893
B01968,personal,12,established,E,high,3500.0,0.7030663306055476,33338.18786553987,0.006150934595495717,-1.0424590110937872,1.0,1,0.8303230388424492,0.32889591636280585,0,13.722913068209067
B01969,personal,11,established,E,med,6500.0,0.6884921811929171,25410.20141085228,0.014676517465680395,-2.0643640098420826,1.0,1,0.7923328467995575,0.35,0,10.668514643507782
B01970,personal,33,loyal,E,med,2500.0,0.631900970460898,24045.31947909023,0.005474913137551208,-0.4974051428696932,0.5,1,0.6986042863081023,0.2171104376331059,0,30.94484256942462
B01971,salary_advance,31,loyal,A,med,78000.0,0.5299859475925316,27369.899274482726,0.1258648643461828,2.258077184544095,0.5,1,0.5447258699958784,0.02911718299313849,0,29.882158608520875
B01972,salary_advance,30,loyal,A,med,8000.0,0.43801894339084474,16822.09360619247,0.017358875521875324,2.8078022345854023,0.25,1,0.47737028777302204,0.01840412044326748,0,33.1865216915692
B01973,personal,13,established,D,med,8500.0,0.4553794018167198,34383.87405071637,0.009381153768315883,0.23459046823044263,1.0,1,0.675178816936157,0.12870764281195818,0,10.824956187899442
B01974,personal,15,established,E,high,4000.0,0.7548568874398267,27816.027558668808,0.009045826617378573,-0.6384292072685546,0.1,1,0.730040010380242,0.21370526495304903,0,14.17231483083226
B01975,personal,15,established,D,med,4500.0,0.6623118995448402,45000.159594254226,0.005519246255318334,-0.22163990085094343,1.0,1,0.765501682360117,0.13870811121998317,0,18.39358618659362
B01976,personal,25,loyal,B,med,6000.0,0.6795410580728868,64518.979683950194,0.005266210512020311,0.8733398908330222,0.5,1,0.7410805003129817,0.07506734384407789,0,26.917454962670188
B01977,salary_advance,38,loyal,E,high,9500.0,0.7059367040735907,28848.241070657048,0.01937263890795904,-0.8129808516390823,0.25,0,0.69109547933818,0.27993609324717833,0,36.51549232507224
B01978,salary_advance,20,loyal,D,med,5000.0,0.513598946805414,17149.16732056873,0.012478714398701513,0.1775008240187952,0.5,1,0.5853997278377505,0.13036578195122794,0,19.172006031496586
B01979,personal,48,loyal,A,low,7500.0,0.2681022533390485,14388.081654406282,0.011646021503192518,1.8348930744502492,0.1,0,0.31676025015265125,0.0203055454025018,0,47.864145750443846
B01980,salary_advance,26,loyal,E,med,3000.0,0.46261859095142865,68462.29946650598,0.0016893187730926164,-0.2957100693283625,1.0,1,0.6360658656856897,0.1949537908677442,1,26.1732247451262
B01981,personal,14,established,E,med,4000.0,0.6679938662004902,63812.54913194058,0.00348935476008712,-0.7490248992615429,0.25,1,0.6588118056383071,0.2643259870836304,0,13.32931683837736
B01982,salary_advance,25,loyal,B,med,41500.0,0.5207294401018291,43829.149371080806,0.041088088776379345,0.7631936559814405,0.25,1,0.5787826814456853,0.07628706602748667,0,23.259008389633074
B01983,personal,42,loyal,C,med,9500.0,0.49450702488365905,27803.568261428703,0.014080377178637003,0.6831422595047092,0.1,0,0.5019279912968273,0.09687699604998865,0,39.07524404890968
B01984,personal,49,loyal,E,low,19000.0,0.3375261286891796,42122.65751534521,0.012687147534075868,-0.22500404619947223,0.1,1,0.38634135928181373,0.18026520366617213,0,49.09703362363047
B01985,salary_advance,31,loyal,B,med,9500.0,0.526248150688935,55130.36650540749,0.007556871932903679,0.8269643832519554,0.5,1,0.5894063827094603,0.06876954819527917,1,33.77304706256151
B01986,personal,16,established,C,med,9000.0,0.4327580263716379,19151.257583021754,0.016947634815714114,0.6079395337394395,0.5,1,0.5276708095283671,0.10659023493892308,0,15.916268074156287
B01987,salary_advance,14,established,A,med,31500.0,0.3948261532922878,27347.69198671373,0.037897847207573374,2.3114518237636474,0.25,1,0.47634200836628365,0.018801177920684583,0,14.848988073860419
B01988,salary_advance,22,loyal,C,med,3500.0,0.620214603670795,14640.84427180616,0.012355566572004277,0.623755620565219,1.0,1,0.751090610809713,0.08796182147621857,0,22.665629013849117
B01989,personal,41,loyal,C,med,22000.0,0.44712815953930923,25059.69621086075,0.03271128876654662,0.3587026846594373,0.1,0,0.44967071741087444,0.10636245360705371,0,38.03888714443608
B01990,personal,20,loyal,A,med,12000.0,0.38964700867227997,62903.08267168065,0.00619440243820835,1.9274523459795105,0.5,1,0.5259311668615221,0.02759466647593317,0,24.389002852704454
B01991,salary_advance,21,loyal,D,med,8500.0,0.5763363955267524,48688.65298332869,0.008384669838875319,0.20083414170190472,0.25,1,0.5970849827659703,0.12728949173372636,0,20.289466738414564
B01992,personal,16,established,E,high,23500.0,0.7155711278097167,28976.885538991668,0.04836015899897358,-1.3243530327621809,1.0,1,0.8362294916114336,0.35,1,14.855598365711414
B01993,personal,13,established,D,med,5500.0,0.5176838457950478,6116.356076468362,0.03879299368604883,0.2502489756589624,0.5,1,0.5974742399380641,0.13876920704386736,0,15.233883654561328
B01994,personal,15,established,B,med,63500.0,0.6592222368867796,18756.845357597427,0.18597926625471936,1.076175025087915,1.0,1,0.7858932580194453,0.06874051835253667,0,13.279068306445804
B01995,salary_advance,17,established,B,med,41000.0,0.4048252095120615,28461.946987660347,0.048596562974622746,0.7110471351996854,0.25,1,0.4161325706461774,0.06545001203168707,0,18.04703281567774
B01996,personal,42,loyal,C,med,5500.0,0.40619055865649534,23890.773543372536,0.007792576175048353,0.30298434245275424,1.0,1,0.5924449446457957,0.09466767064429693,0,39.56600459457126
B01997,personal,14,established,E,med,5000.0,0.4941364204849313,27392.510612651542,0.007516294439508659,-1.4483933731348388,0.25,0,0.48722441741863376,0.35,0,12.57783553458032
B01998,salary_advance,16,established,C,med,21500.0,0.3898971892455499,30743.210640686564,0.02272260388034333,0.29163075473162686,0.25,1,0.46165068593399494,0.11374744167845992,1,16.561982934981522
B01999,personal,10,established,B,med,6500.0,0.5436791359565228,20059.849971478503,0.01468071125798543,1.2331549263163366,1.0,1,0.744261021540962,0.05103338165628696,0,10.512014275513938
B02000,salary_advance,24,loyal,E,med,10500.0,0.501529699247313,26791.982936979017,0.016379470227106712,-0.4841170815392215,0.5,1,0.5647500592412538,0.24923396320925392,0,22.962853502053658
B02001,personal,34,loyal,D,med,5000.0,0.419892298913021,24780.34647328718,0.007060237222094168,0.15525282619672867,0.25,1,0.4711169238506909,0.12829867774368825,1,34.55988226165452
B02002,salary_advance,40,loyal,C,med,5500.0,0.5880115949992378,18274.072533912626,0.014747961291852628,0.36251526784163923,0.25,0,0.5511760689052912,0.11642014692239874,0,41.1687548688472
B02003,salary_advance,18,established,E,med,7500.0,0.6646663597934678,74271.73299537617,0.0055931975479389905,-0.3477045706377453,0.5,1,0.718723998518959,0.20484767713351154,0,20.15779311977525
B02004,personal,22,loyal,C,med,14000.0,0.6380676871831444,20701.217505981265,0.03595983190353819,0.6479230045190058,0.5,1,0.6470196914307067,0.08766449843777058,0,18.572544621462605
B02005,salary_advance,15,established,C,med,14500.0,0.6192503822344825,7786.797364896297,0.09609353415392212,0.7933052412560075,1.0,1,0.7790062576850885,0.11049939613549695,0,12.836878765766944
B02006,personal,21,loyal,B,med,14500.0,0.4355754187227011,71739.45994051624,0.007336552269276484,0.8328269047934368,0.1,0,0.4961200410889708,0.06605321757626965,0,22.15899651399424
B02007,personal,19,loyal,E,med,4500.0,0.6214756976103362,16891.20258917585,0.013797323510477601,-0.5768097636151249,0.5,1,0.6792936514381174,0.19771735828502912,1,23.614928032368447
B02008,personal,16,established,E,med,4500.0,0.6943734900520322,44132.404698872255,0.005900201009807335,-1.6459836943336827,0.25,1,0.7016878784651445,0.35,0,17.691893352343964
B02009,salary_advance,17,established,C,med,6000.0,0.49335401287808284,18499.749381821046,0.013334072875681275,0.6123884365307285,1.0,1,0.6469763024466785,0.11045209854913449,0,17.38960244198762
B02010,personal,21,loyal,D,med,5000.0,0.590614158466499,36794.47491022589,0.006688211566948648,-0.10591904148265185,0.1,1,0.5975985364297928,0.1694323101711555,0,22.872475280319282
B02011,personal,13,established,A,med,7500.0,0.3633339629443978,26200.111671278326,0.008667280876103571,1.8383123796867857,0.25,0,0.2960726230009528,0.030942649823168654,0,13.50274487460179
B02012,personal,14,established,A,med,17500.0,0.42079741561921097,46638.51404986536,0.013157856983219807,1.8845096960149461,0.1,1,0.43451643193968,0.028431483220554096,0,12.402599527250016
B02013,personal,42,loyal,A,med,8000.0,0.5007745785254067,23919.819664639406,0.013957033276068833,2.39068979439604,0.1,0,0.5179801559065793,0.025973727008677266,0,41.10552520679509
B02014,personal,60,loyal,E,high,2500.0,0.7295308603039872,18761.722777544303,0.008100833686689683,-0.5401109010347132,0.5,1,0.7836815517674248,0.21641993582246266,0,60.833657431764436
B02015,personal,8,established,C,med,13500.0,0.6527331005494237,30988.17374373045,0.023696934972383482,0.5693690867420935,0.1,1,0.6329415540106659,0.11180837666068519,0,6.287009142427342
B02016,personal,8,established,B,med,3500.0,0.5914435619151173,21799.22173026045,0.007913327106801326,0.870952517251484,0.25,1,0.6050185784863441,0.07247137217333283,0,7.469650323573839
B02017,personal,9,established,C,med,59500.0,0.5401520431120487,9311.029373850115,0.28764315661514395,0.7583542335444021,0.25,1,0.5938519794144862,0.08565574885125642,1,11.22803347728328
B02018,personal,15,established,E,med,7500.0,0.5787835552135457,19325.381194031128,0.018718374472230005,-0.3543979441938586,0.25,1,0.6315147675498146,0.18942854770187464,1,13.65262687301344
B02019,personal,26,loyal,A,med,4500.0,0.3512647979264414,130329.73442542573,0.0010107002811226302,1.6791649029653262,0.5,1,0.4642341531852271,0.03486088354856244,0,26.05929151390525
B02020,salary_advance,22,loyal,B,med,24000.0,0.4483346974791709,9879.773931991454,0.09075808830552878,0.7504749863665228,1.0,1,0.6333728681313089,0.07874476242073246,0,23.39001918378438
B02021,personal,18,established,C,med,12500.0,0.4787249363337626,30717.180506480054,0.016234296262178215,0.1281061249354394,0.25,1,0.5871691982219487,0.11041238333516053,0,16.65413798162755
B02022,personal,21,loyal,E,med,14500.0,0.6813624742420737,23538.84194615105,0.034976783972322664,-1.1378334517771433,0.25,1,0.7393460273105811,0.318923028673102,0,18.96599141193742
B02023,personal,11,established,C,med,9500.0,0.6293990576585967,73867.70059764117,0.006745495662493031,0.6447649695729887,0.25,0,0.6280184371303779,0.09675053534314812,0,10.592444116249895
B02024,personal,14,established,E,med,7500.0,0.6525417622271951,14602.221113333284,0.027929901774984053,-0.2604117135724109,0.1,1,0.628341496115897,0.19307907400779675,1,11.535409279863583
B02025,personal,16,established,C,med,13500.0,0.6588419248569852,28444.693158879698,0.026057485005167854,0.4647788621005251,0.25,1,0.6910167459436262,0.10957591048366677,0,15.143347441845293
B02026,salary_advance,6,new,C,med,9000.0,0.5463702655334884,39238.30535688761,0.010443307768340888,0.5851136998046182,1.0,1,0.7516548714044303,0.08975923966680664,0,9.347444400186552
B02027,personal,8,established,D,med,8500.0,0.4639523035387622,24376.819316231722,0.013481368402089442,0.18093657666377086,0.1,1,0.4850530636813742,0.15174233867054226,0,9.406918265807793
B02028,personal,8,established,D,med,5000.0,0.5668435486552527,17638.615146834207,0.013390212892199717,-0.045713572466684164,0.1,0,0.5558614929900063,0.1642009555588449,0,9.994313741599441
B02029,personal,25,loyal,B,med,6500.0,0.44192180458912855,26576.75148275345,0.009006906317141482,1.186599734660454,0.5,1,0.5392686278167677,0.0691173247927042,0,24.97743502943836
B02030,personal,18,established,E,med,3000.0,0.643557624438466,22692.212112856094,0.007090071488379306,-0.1988925368850661,1.0,1,0.7153474993035893,0.19572221369594167,1,18.023707392078126
B02031,personal,23,loyal,E,med,14500.0,0.5882965514803915,22657.215032420263,0.03137447969759909,-1.0551974194529832,0.5,1,0.6452440786217815,0.28456640660492455,0,20.344998410868428
B02032,personal,5,new,D,med,8500.0,0.5476633154416081,44886.47442528696,0.008642429300542221,0.21895560637393396,0.5,1,0.5887183429696946,0.12697983642734037,0,5.084618768874907
B02033,personal,7,established,E,med,40000.0,0.6756053358581708,33577.86237090263,0.06706852751131116,-0.8090055249116386,0.1,0,0.673195965702751,0.2696969770747225,0,7.894805007377785
B02034,personal,23,loyal,E,med,4000.0,0.5396967823639884,36441.80131558868,0.004936609085174601,-0.9242618426821397,0.25,1,0.6076841360728108,0.23384093208598536,0,25.066259602884664
B02035,salary_advance,3,new,E,high,6000.0,0.7034506433623388,32262.566348907272,0.010901963528796656,-1.0222433341425983,0.1,1,0.7385861949623176,0.24971382432374914,0,6.708164519683086
B02036,salary_advance,32,loyal,B,med,6500.0,0.3852574048266188,45612.36950398406,0.004575098740767188,1.033332379356921,0.5,0,0.36986842013537186,0.05349291355779974,0,33.616203932347005
B02037,personal,6,new,D,med,11500.0,0.6015974085113595,55124.130275841315,0.010458774531923207,-0.0965188030948501,0.1,0,0.6255772547132696,0.15005445379220836,0,2.4735494369404964
B02038,personal,26,loyal,E,med,11500.0,0.6453228638215563,22978.34938840102,0.026913787440036807,-1.7326830296728475,0.5,1,0.7049385989650941,0.35,0,21.38790398486917
B02039,salary_advance,10,established,D,med,8000.0,0.6448061516929481,42222.47318613259,0.010181089248378848,-0.03365594305266961,1.0,1,0.7490303607899559,0.12060185914695855,0,12.686021229693146
B02040,personal,29,loyal,B,med,11000.0,0.36266510713975747,13188.44620035665,0.02520714038846524,1.5692312249747644,0.1,1,0.3798580406675134,0.04263771033508122,0,29.809226442431815
B02041,salary_advance,60,loyal,C,med,13000.0,0.40106945053968035,7791.737978758353,0.05576315655580586,0.2987043290666212,0.25,1,0.43882635704244455,0.11222211379777143,0,59.09657972279066
B02042,salary_advance,4,new,E,med,5000.0,0.6496272903420708,73461.94299100188,0.0036846022120008994,-0.1654765534275925,0.5,1,0.6708321284871187,0.18512417793631633,0,3.2148439242558204
B02043,salary_advance,24,loyal,B,med,17500.0,0.44964657372478456,22396.340587582792,0.02927864863090788,1.7929914373271525,0.1,1,0.46163698061277975,0.046437579198386224,0,22.178707997208583
B02044,salary_advance,6,new,B,med,15500.0,0.5057970965534513,30910.773589721815,0.0211357133401576,1.145489258204536,0.5,1,0.5321759314551491,0.06266731114188787,0,7.601228414548704
B02045,personal,20,loyal,B,med,7000.0,0.43637802174649276,13713.435329621203,0.01856236893967391,1.4217510876517112,0.5,1,0.536951160234397,0.04257488422473138,0,16.31031135345284
B02046,personal,14,established,E,high,6500.0,0.760606444216735,13369.896883270747,0.03081513349587452,-2.772553610053703,0.5,1,0.7813240502634802,0.35,0,14.164772680746626
B02047,personal,17,established,A,med,17000.0,0.5194722605956248,18176.427833870603,0.040487550280504735,1.7335230384421108,0.25,1,0.5222213213226381,0.03654085466161401,0,21.117797866876902
B02048,personal,9,established,C,med,3500.0,0.560521520548231,38314.885361594155,0.004266891103819081,0.636400435427929,0.25,1,0.5671544493354738,0.08494663437823659,0,10.854011133406162
B02049,personal,25,loyal,A,low,8000.0,0.3341288137245295,20249.825590102282,0.011000220297793415,2.8614764140241498,0.25,0,0.31615748820703105,0.015,0,24.421376707762306
B02050,salary_advance,7,established,E,med,7000.0,0.6356430690624276,22366.403150025344,0.016578069696736017,-0.4323260307742839,0.5,1,0.7380349510710839,0.18210420211237285,0,2.374565850396264
B02051,personal,32,loyal,E,med,13000.0,0.5441681856993004,17863.573290882658,0.03300098613576136,-1.3634506056489104,0.5,1,0.630376248619242,0.33900405485167295,1,30.42496937619414
B02052,personal,13,established,D,med,8000.0,0.5034196705963205,51081.79493033833,0.006570111997602382,0.007218456725176393,1.0,1,0.6174720758483102,0.15636575050650206,0,15.044622914358243
B02053,salary_advance,7,established,D,med,8000.0,0.4290815911991381,43377.298404422436,0.006594564545393511,0.07462767024283906,1.0,1,0.6365500945172824,0.1434679977830079,0,7.750683781174351
B02054,personal,39,loyal,C,med,6500.0,0.5050241617666568,20613.850098303265,0.013270434828319083,1.0536639836148214,0.25,0,0.4710932536892618,0.08152702172349086,0,38.38112638905285
B02055,personal,15,established,B,med,4000.0,0.6221580000709281,39193.4118249821,0.00529134847840559,1.0749283445863558,0.5,0,0.6528673227844433,0.0683358178348535,0,12.8390073462356
B02056,salary_advance,46,loyal,C,med,3500.0,0.5589367072632411,23508.554351599043,0.00693463340394741,0.662705855120503,0.5,1,0.5887636294022914,0.09115147664430774,0,41.91722367533573
B02057,personal,32,loyal,D,med,5000.0,0.5149870754308652,22344.777750486912,0.009603046872619621,0.15929195418727424,1.0,1,0.6350996146677911,0.12117684129239098,0,30.62200404715206
B02058,personal,10,established,C,med,3500.0,0.551526309007559,26177.59245265687,0.006145020418441046,0.5227198195161272,1.0,1,0.6895449335824093,0.0831779358301723,1,10.782100013568705
B02059,personal,15,established,D,med,3000.0,0.5888629330006608,38321.97156094075,0.003841549044940403,-0.25632866569249774,1.0,1,0.7609532372324056,0.15874380248199282,0,15.80253946592899
B02060,salary_advance,17,established,D,med,12000.0,0.5718050110608771,16469.908486949287,0.0347181656482168,0.010017899103212491,1.0,1,0.7489029618964864,0.12858916267078738,0,16.076363873519675
B02061,personal,38,loyal,A,med,16500.0,0.5178480185036248,35465.54850652297,0.02007697767064064,1.4371349386752859,0.25,1,0.5700003291269152,0.032117777354002695,0,39.79268272696363
B02062,personal,20,loyal,A,med,4000.0,0.3897855026285169,106276.71975558886,0.001222549032139653,1.6597778569035726,0.25,1,0.4536474764811904,0.033500968563576004,0,17.393308349356722
B02063,personal,18,established,B,med,15500.0,0.5296201405479525,29753.934347222046,0.022991671405801,1.0839662438630937,0.25,1,0.5354356687848737,0.07719809265109262,0,19.91828354259639
B02064,personal,14,established,D,med,5000.0,0.4029968022936072,27436.92329042225,0.0061200497049761875,-0.16822971272552553,0.5,1,0.5110605442066264,0.16774209660167957,0,14.230110543619519
B02065,salary_advance,15,established,E,high,4500.0,0.7055187037773561,25686.164539915604,0.010300078608675682,-1.789788987753183,0.25,0,0.7077597824140774,0.35,0,11.899915598685617
B02066,personal,33,loyal,D,med,53000.0,0.44600547410886937,34996.95770285261,0.05628653574327527,0.2517939136071518,0.1,0,0.45612967858057174,0.12409036780228952,0,31.16962361100572
B02067,salary_advance,16,established,D,med,7000.0,0.6913627369503553,11095.311096344269,0.03634823092257293,-0.40798001267704875,1.0,1,0.791925124743336,0.14852363132069984,0,16.368799392572313
B02068,personal,13,established,D,low,3000.0,0.3367286619935661,68569.03784221938,0.0012276993836795363,-0.12972501901058803,0.1,1,0.34318229682843376,0.1614580739444296,0,13.08850408121537
B02069,personal,12,established,E,high,6500.0,0.7504861150445857,46150.02699481401,0.008808517324626878,-0.6710908927176088,0.1,1,0.7286451843080375,0.26154594855421537,1,17.404739612429815
B02070,salary_advance,12,established,C,med,13000.0,0.3892577058866848,18873.54095395435,0.022343229024840486,0.329260144534398,0.1,1,0.40695741008573144,0.10928761338804904,0,10.931654134460185
B02071,personal,7,established,E,med,3500.0,0.49830668020346536,27374.05583740997,0.005309386714775872,-1.0392756292315644,0.1,0,0.5283578887040301,0.23461840437762965,0,7.732630824848194
B02072,personal,10,established,E,med,34000.0,0.6614121739603256,19800.421217996354,0.09464450977694351,-1.2807174367183787,0.25,1,0.6846925943018132,0.3157265216057696,0,11.448835833714025
B02073,salary_advance,37,loyal,A,med,12000.0,0.5423057883263965,31716.08559361714,0.017098761659147987,1.9726914825708919,0.25,1,0.5899808945040503,0.03609291007660131,0,36.44456541829723
B02074,personal,14,established,E,med,2500.0,0.5921470195890307,27826.469164694994,0.004433331504771011,-0.9696576133676534,0.25,1,0.645700998275257,0.2815074184361347,0,14.911039168050207
B02075,personal,24,loyal,C,med,9000.0,0.6319067091223705,30508.129125614403,0.01553454916525411,0.4003316252563536,1.0,1,0.763816939242094,0.08682536025473864,0,26.55801463745586
B02076,salary_advance,4,new,C,med,15000.0,0.4466066959245932,15281.880846795322,0.0365307369886221,0.9545148466028356,1.0,1,0.6554309406313743,0.09481658566275346,0,-1.2259597431098843
B02077,personal,22,loyal,B,med,10500.0,0.4661577282540653,20643.402827847352,0.019758758554673846,1.3143041262295727,1.0,1,0.6417546307624519,0.042892046169890875,0,20.677313895146295
B02078,personal,15,established,B,med,42000.0,0.4993625315923517,50530.47265018656,0.034588413068540304,0.7948482049153512,0.25,1,0.5507477898135431,0.07501706543616206,0,15.995393390641597
B02079,personal,12,established,C,med,37500.0,0.49712610090077103,20058.62976897039,0.0774489126728945,0.3028665145015353,0.1,1,0.5159394995406081,0.09858519490611949,0,14.938595785031968
B02080,personal,18,established,B,low,6000.0,0.3437220011009601,6285.986098372097,0.02734034053861294,0.7240033085368497,1.0,1,0.5607165741420161,0.0710412847461468,0,19.533662694499377
B02081,personal,12,established,B,med,4000.0,0.5017764554349776,24764.1739308317,0.006754064114776976,1.3730881326061544,1.0,1,0.7008204289758653,0.0458717962676056,1,12.547488965988839
B02082,salary_advance,5,new,C,med,5500.0,0.5365532236418545,101348.475593334,0.0024264817607053536,0.42502259399537345,0.5,1,0.6193985551693968,0.11246092895793033,0,1.8941451079170002
B02083,personal,27,loyal,E,high,7500.0,0.7353334732521247,42910.967054013614,0.010710162280987128,-1.4372023468141837,0.25,1,0.7450666417540337,0.35,1,25.99135275114155
B02084,salary_advance,18,established,D,med,11500.0,0.4475023617949125,19510.729163074888,0.02198054344709432,-0.1785332061500967,0.5,1,0.5675189454795205,0.1536608843463445,1,14.081601145089406
B02085,personal,13,established,B,med,6000.0,0.4690934303963754,26164.7672316005,0.008964219445258962,0.6963700717220878,0.25,1,0.5022546141560729,0.07286869389324087,0,16.412634021164834
B02086,personal,9,established,E,high,29500.0,0.7092261095182943,39101.75592356329,0.04458915321622356,-0.6270959337094042,0.25,0,0.704839821309405,0.2323351044366112,0,8.378086092711495
B02087,personal,7,established,B,med,7000.0,0.5239403762322661,10240.047345322115,0.02984672588209351,1.6201061394586438,1.0,1,0.689882124514668,0.04307032406485528,0,7.316632688229134
B02088,salary_advance,18,established,C,med,21500.0,0.607287647031087,16800.56091762982,0.06476313734991242,0.28682017183356845,1.0,1,0.7183452716614227,0.11839259122936593,0,16.743703858858613
B02089,personal,39,loyal,C,med,22500.0,0.5889857401572828,33492.96786938561,0.03297254119436634,0.4852487713594363,0.1,0,0.6015456025648043,0.10237586018382036,0,34.92134612282448
B02090,personal,18,established,B,med,4000.0,0.5606596631942142,64664.49818516404,0.0028900951780825653,1.1247441989017355,0.25,1,0.5559871999784214,0.05880532782932239,0,14.96342437919878
B02091,salary_advance,7,established,D,high,5000.0,0.724495043313526,21128.375999394673,0.014287559759567787,0.1671501026907072,0.1,0,0.7675141744392181,0.12704363528214815,0,6.940036642492299
B02092,personal,18,established,D,med,5000.0,0.5673358753007915,63694.8859468653,0.0037112861500245807,0.17627703572818604,1.0,1,0.7462634391164339,0.1216301194293689,0,22.052176899605062
B02093,personal,15,established,C,med,43000.0,0.4260559996683885,17767.42533873158,0.08592694981812056,0.8991234839991122,0.1,1,0.4197740474085095,0.08288958885041933,0,17.56961419836977
B02094,salary_advance,26,loyal,E,med,6500.0,0.6711491698930796,4179.588334239268,0.08697965077420787,-0.7222706158336861,0.25,0,0.6005018942543061,0.29905518241532,0,27.600775991699027
B02095,personal,22,loyal,D,med,20500.0,0.505728045429199,40501.56774657722,0.021331324333271704,0.1147018376124504,0.5,1,0.6037053189629079,0.1334782589508622,0,20.777829987459743
B02096,personal,3,new,C,med,9000.0,0.5333647285690538,36214.66472404139,0.011045899485056715,0.4791532953791201,0.1,1,0.5873953469961853,0.0990106392027154,0,2.925100634472068
B02097,personal,22,loyal,C,med,9000.0,0.5817725489478681,40332.03542741227,0.010818432719473992,0.4656001483425941,0.1,1,0.5862826115136583,0.10364351544022518,1,22.213338051406378
B02098,personal,9,established,B,med,48000.0,0.41872352032448423,39474.401583924286,0.042429878961864426,1.4673338120774801,0.5,0,0.3987194670607045,0.041252263396229186,0,6.876639228352888
B02099,personal,7,established,E,med,5000.0,0.6004332408189036,29895.47858153888,0.008368506840441367,-1.5759233581869183,0.1,1,0.6589303397422582,0.35,0,6.522809481944182
B02100,salary_advance,14,established,E,med,8000.0,0.682728564604986,23333.646396359047,0.019506268701935305,-1.3400017679461333,0.25,1,0.7259219478922897,0.35,0,16.79670895314537
B02101,personal,20,loyal,B,med,10500.0,0.4581584643255875,23828.113271904534,0.016824187954384638,1.169686516622718,0.1,1,0.44657408757264483,0.054304986280298596,0,23.37995173894042
B02102,salary_advance,6,new,B,med,4000.0,0.6079075246879767,20884.84862919497,0.00970252862064769,1.2158072149327748,0.1,0,0.5949154408623011,0.06308402062424152,0,6.30363888263596
B02103,salary_advance,24,loyal,C,med,3500.0,0.44246277449086874,21585.67285868122,0.005978578634297025,0.5567499931681666,1.0,1,0.6446436345982489,0.09360520053271322,0,23.454506907127552
B02104,personal,25,loyal,B,med,6000.0,0.4299335854952988,9936.11008487484,0.02163490449596375,0.8003944000457244,0.25,1,0.520386209913707,0.06749356855523887,0,22.144465410968706
B02105,salary_advance,16,established,B,med,15500.0,0.6964136586913423,13795.953854254602,0.06520276297282424,1.0952069776314066,1.0,1,0.8117874006463724,0.06427293184256998,0,13.697957189587639
B02106,salary_advance,10,established,E,med,7000.0,0.43998703003557454,24590.569285265876,0.010437298050186644,-0.46386320585174645,0.5,1,0.5379130399292459,0.20259280186727588,1,7.441475397495935
B02107,salary_advance,9,established,E,med,7500.0,0.5855409973845284,7844.148828063714,0.04665428096622005,-0.3568483750492992,0.1,1,0.6196350060360394,0.20544299088291212,0,9.053027184007652
B02108,personal,28,loyal,C,high,3500.0,0.7115806712227408,8916.76148418033,0.023275755755963738,0.5897261791986366,0.5,1,0.7692488983856722,0.10187751393592089,0,27.395316908744338
B02109,personal,7,established,B,med,14500.0,0.5219882297292286,22384.96494334862,0.028176759677119752,0.9040889598937201,0.5,1,0.6032930786036237,0.07011921235005476,0,5.719292369776351
B02110,personal,29,loyal,E,high,16000.0,0.7246392845055802,25069.769479398994,0.03853987223408923,-0.7659569263579847,0.1,0,0.8025907866806073,0.2279805099855462,0,26.604065231363073
B02111,personal,15,established,D,med,11500.0,0.6393388561069457,22644.09878073253,0.027057810647947943,-0.19794763193501935,1.0,1,0.7658892961930452,0.16362731315531118,0,17.48424384392836
B02112,personal,15,established,D,med,47000.0,0.5798542093287088,7266.652188914007,0.3125367217477244,-0.24423663170443868,0.1,1,0.5945355332538318,0.1768403919288244,0,14.30499560156755
B02113,personal,6,new,C,med,3500.0,0.5350530965434881,63184.694350118,0.0024698568975229348,0.4179591050427642,0.5,1,0.6091156915114517,0.11078949047221223,1,8.543514386969395
B02114,personal,15,established,D,med,3000.0,0.3607214666141853,12210.763949414471,0.007385317333717735,-0.008698370008834274,0.25,1,0.44671096078224987,0.14837612231811997,0,16.977092071491764
B02115,salary_advance,23,loyal,D,med,8500.0,0.5254826956901508,17154.42456140684,0.021698011968561456,0.2041164161971406,0.1,1,0.5013706238958123,0.12056260206118836,0,21.20309514894481
B02116,personal,7,established,B,med,6500.0,0.5341328476782153,13440.497212362117,0.021526135126379457,1.2485657807574058,0.1,0,0.5458792156718559,0.06228307719379291,0,6.211230027800704
B02117,personal,21,loyal,D,med,11500.0,0.5952071656245458,54965.828695098266,0.010377481438894854,-0.13925748162081997,1.0,1,0.756048790156734,0.14396064034215822,0,20.379610291197807
B02118,personal,17,established,E,high,18500.0,0.7937535739033094,33920.711554644564,0.03607540556638807,-0.29209636302145364,0.25,1,0.7971382068429904,0.23508679677745112,0,18.873782811424572
B02119,personal,11,established,E,med,2000.0,0.673950591434283,20737.85977530432,0.005416426757120947,-1.5914976359196236,0.1,0,0.6924933800345726,0.35,0,13.182574092524693
B02120,personal,26,loyal,D,med,32500.0,0.640185386726546,19950.096456844974,0.08690862353146708,-0.31362587684589516,1.0,1,0.7328724469074694,0.15413371128479308,0,26.6823269217419
B02121,personal,4,new,D,med,3000.0,0.6693783204288878,29696.25666829512,0.005635207897629924,0.16607607633904997,1.0,1,0.7945695176450002,0.12860157298182726,0,3.1095755176134583
B02122,personal,19,loyal,C,med,14000.0,0.5875417506455803,13553.432758409544,0.05057503792372187,0.7206019563548599,0.1,1,0.5592979898374351,0.0914041805961034,0,19.16970267151105
B02123,personal,40,loyal,B,med,10000.0,0.5117680012411354,33170.1837370779,0.01285712909364736,0.9995169900657619,0.25,1,0.5376926157144902,0.06285574960285033,0,42.02228035724667
B02124,personal,36,loyal,B,med,15000.0,0.5131648110546618,19895.430066269666,0.03224137461123998,0.9509822859456704,0.25,1,0.5870607187656566,0.05558740209290235,0,38.534980708275896
B02125,personal,20,loyal,A,med,5000.0,0.4243290506838063,35803.52209425729,0.00493816699521333,2.487714036295154,0.5,0,0.4310908916711544,0.016783773223103322,0,21.318178091539362
B02126,personal,13,established,E,med,28500.0,0.6493838650235016,35141.828015466584,0.043887491531517,-0.74785882744691,0.1,1,0.6584758328738214,0.25293757029011443,0,12.650052569433981
B02127,personal,11,established,E,med,21000.0,0.6323173107502085,19409.41642265132,0.057011260396344764,-1.6194237434347885,0.1,1,0.6640416050432808,0.3347715205214846,0,8.97049910729161
B02128,personal,13,established,E,med,6000.0,0.6748387583582457,8699.394151386097,0.03878653769531306,-1.0505529960715239,0.25,1,0.6676066709847738,0.24519018555995292,0,17.58855914918886
B02129,personal,22,loyal,E,med,7500.0,0.48401588193043493,23488.02789065857,0.012879324207837524,-0.3036518358315914,0.5,1,0.5632836096288439,0.1882577655366704,1,20.91825892741703
B02130,personal,10,established,E,med,9000.0,0.6315444199983411,12122.15225721261,0.0390737803773197,-0.9743269366169109,0.25,0,0.643616003337704,0.26791938858036485,0,13.903985591229048
B02131,salary_advance,24,loyal,B,med,9500.0,0.6744018519657734,28092.251704392558,0.01900529269628069,0.8436608476448542,1.0,1,0.7816828761252362,0.06776881020997137,0,21.21783106328211
B02132,salary_advance,53,loyal,A,med,12000.0,0.4559541962483388,23362.453776222486,0.019516537116165147,2.002654905557021,0.5,0,0.4917276248427688,0.02721310206507141,0,51.948387435839635
B02133,salary_advance,15,established,A,med,12000.0,0.6607654826183066,19469.468820861406,0.0339385469987913,1.8896590729699145,1.0,1,0.7762222232807545,0.02591107072960406,0,13.003883721876152
B02134,personal,7,established,C,med,22500.0,0.5601346417690056,13192.987873475207,0.07960686869336409,0.5043085018466044,0.25,1,0.56408348779452,0.10377241368569767,0,7.256493855628739
B02135,personal,7,established,A,med,18500.0,0.46699688543486956,51675.2410085121,0.01393227235444335,2.1412722154540154,0.1,1,0.4627326777052506,0.023178859816514182,0,5.706094478681133
B02136,personal,25,loyal,D,med,5000.0,0.5754632258101071,20962.171554954533,0.011438525987584148,0.04362694343358092,0.1,1,0.6232480624456072,0.12814667148768752,0,25.645531649161953
B02137,salary_advance,15,established,E,med,24000.0,0.6078827075087432,98158.91000749459,0.012385685771415564,-1.2825190420024266,0.5,1,0.6723667326121993,0.3412247577315144,1,14.692231097674034
B02138,salary_advance,26,loyal,A,low,7500.0,0.30025262244468515,27425.027426594694,0.006842577989400731,1.8031780678881693,1.0,1,0.5661788987212684,0.03320790610198337,0,25.47841507660016
B02139,salary_advance,12,established,E,high,3000.0,0.7207003005501876,32642.622397998417,0.005519626240218828,-1.4885943917490625,0.5,1,0.7714335531254211,0.3451577600744967,1,12.696004889148343
B02140,salary_advance,25,loyal,C,high,50000.0,0.7563310122837879,27489.70106849029,0.11463854081197498,-0.005003022699804238,0.25,1,0.7433147038272464,0.10966542351502608,0,22.67572444685082
B02141,personal,15,established,C,med,5500.0,0.5901577883340267,32463.26597622171,0.008332155690000094,0.5201122324227964,1.0,1,0.771821285841592,0.10092565963943123,0,12.689478428624922
B02142,salary_advance,10,established,C,med,3000.0,0.6080348326980469,49068.76855963247,0.0030978708583195447,0.2476185199512192,1.0,1,0.6677743578871307,0.11934717495664704,0,11.606509909721808
B02143,salary_advance,13,established,C,med,8500.0,0.5404212702846162,49381.17125864487,0.007751910090992875,0.15904723712849408,0.5,1,0.582813051436133,0.11786572090623518,0,12.34230640083597
B02144,personal,8,established,E,high,14000.0,0.7270053683991824,10181.888241473442,0.08330212527222802,-1.180790032820006,0.25,1,0.7699396778569499,0.2784951736865014,1,8.473577962063237
B02145,salary_advance,49,loyal,C,med,3500.0,0.5284697657014429,43067.48442968052,0.003578964897472132,0.739197610566663,0.1,1,0.5243979797903263,0.0811813224502987,0,50.2033108267409
B02146,personal,15,established,B,med,10000.0,0.5477349059604795,35363.18832412892,0.012907369968550754,1.0036624887377918,1.0,1,0.7204623213962474,0.07036851307471098,1,13.376578913594004
B02147,salary_advance,23,loyal,C,med,3500.0,0.3771909833034497,27439.550749132122,0.004009323541870272,0.7699679165360189,0.1,0,0.3708991518681206,0.08018700624616423,0,26.905935199496863
B02148,salary_advance,12,established,E,med,7000.0,0.5451016685175685,69002.84453755675,0.004608157467028008,-0.4802258796410609,0.1,0,0.5263639382549168,0.24120248892826168,0,12.323324805337641
B02149,personal,9,established,E,med,5500.0,0.6698237702180069,70546.10524071113,0.0043518002914887085,-1.2475384605973305,0.5,1,0.778423551820856,0.34663215667875164,1,10.033657078799152
B02150,salary_advance,14,established,E,med,4500.0,0.6745263423684718,44246.34058795275,0.005716797706363284,-0.45959458295557865,0.1,1,0.716820608782946,0.19381063766081472,1,13.201155175733403
B02151,personal,30,loyal,C,med,42000.0,0.6220256471185083,19951.43414594945,0.10911946223959908,0.7923337524143584,0.1,1,0.587977669370396,0.08605829482223849,0,29.502151716693543
B02152,salary_advance,12,established,C,med,14000.0,0.37908233732306756,13962.553540637165,0.03167491716968055,0.69360226235971,0.25,1,0.43457946198377295,0.08453530196185884,0,9.695825485570861
B02153,salary_advance,10,established,E,med,17500.0,0.44387707568794976,40738.14160217958,0.015889795408429407,-0.4505071005956687,0.25,1,0.49083593478860066,0.1961883116898597,0,12.353608242851015
B02154,personal,17,established,E,high,19000.0,0.7191539412185756,56825.671020961614,0.020037781982537205,-2.210759421982058,1.0,1,0.8915112319504991,0.35,0,16.442803081004847
B02155,salary_advance,21,loyal,B,med,45000.0,0.4381037863205742,8815.248025127234,0.1863690271696514,1.170012763672165,0.5,1,0.5271879153519272,0.050727894916737966,0,19.863533468803332
B02156,personal,40,loyal,E,med,10500.0,0.6755782182738981,48896.549065739586,0.012089420465949598,-0.49770739897525096,0.25,1,0.6814086966308461,0.2020626538862334,0,38.722809637141296
B02157,personal,19,loyal,B,med,6500.0,0.35913491893831617,23384.38929224598,0.008318858020783372,1.0890624790152836,0.25,0,0.34999859107889447,0.07261167867539052,0,20.24169618181422
B02158,personal,23,loyal,E,med,18000.0,0.5766361584608971,9947.220466951954,0.08695436484644303,-0.35610964212774976,0.5,1,0.6512564858209313,0.18985413875944124,1,23.957179982995918
B02159,personal,24,loyal,E,med,7000.0,0.5931409012704182,34827.684648793256,0.009934592625479025,-0.5879004536698087,0.1,0,0.6218568814671055,0.20494941284641638,0,23.934049394762468
B02160,personal,8,established,C,med,5000.0,0.6034145662496873,44363.07061436831,0.005667388042700968,0.15317190725958432,0.25,1,0.599440750190088,0.1010038528169427,0,7.413470414392108
B02161,personal,9,established,A,med,12500.0,0.3639368202503006,22175.830052730314,0.017095227259857227,2.357699230026369,0.1,1,0.4603599087496935,0.0156025343155315,0,9.09320109113733
B02162,personal,9,established,C,low,6000.0,0.34395317022967836,15039.794782321285,0.011434769397052624,0.7490299911165732,0.1,0,0.352363462438958,0.10666693001934746,0,6.977078972544094
B02163,personal,7,established,D,med,8500.0,0.5780748539174748,68985.38915581077,0.005935600178564104,0.1362192992058518,0.1,1,0.5675411017971217,0.13359847249263815,0,7.282959576064013
B02164,salary_advance,25,loyal,B,med,25500.0,0.5676091231821668,18624.80656696188,0.06476144503437156,1.1088515363809681,1.0,1,0.7537277739344513,0.055717306508026594,1,23.07166752662231
B02165,personal,19,loyal,E,high,5500.0,0.7272370454036319,50904.66123032765,0.0065478675446866514,-1.3511158614855971,1.0,1,0.8186925290833666,0.35,1,18.20394973718292
B02166,salary_advance,17,established,E,med,4000.0,0.5697238099297,11705.59628219037,0.016223687547824554,-0.7723403707525563,0.1,0,0.5591978684380351,0.2165880003366001,1,17.187922294683073
B02167,personal,3,new,E,high,1500.0,0.7529507267504804,33819.836100458626,0.002782947870126837,-2.860928865047139,0.1,1,0.7637640498972357,0.35,0,3.7202895825906364
B02168,personal,50,loyal,A,med,30500.0,0.5215615962040222,33293.8820448345,0.03981619571728175,2.1298738945766225,0.25,1,0.5367255846769452,0.022942960631445034,0,47.424396880180396
B02169,personal,10,established,A,med,11000.0,0.6265546702964606,43494.022923560755,0.013205073766445443,1.5273860291557484,0.25,1,0.674334963817602,0.035220571898609034,0,11.11540816558011
B02170,personal,50,loyal,B,med,9500.0,0.5219521916906971,61153.407688689476,0.006756976714341958,0.7928185262149099,1.0,1,0.6950272432049869,0.057886394730549025,0,49.82668131085341
B02171,personal,7,established,C,med,12500.0,0.3869215158610242,17197.230950662815,0.02343651991677374,0.13511510308420474,0.25,1,0.3721480433102394,0.1039117941130234,0,4.4883922045296245
B02172,personal,10,established,E,med,12000.0,0.6412226241245265,35825.891044764554,0.017898302189422642,-1.5515900024975802,1.0,1,0.752681185611324,0.35,1,8.518059209660988
B02173,personal,4,new,E,med,7000.0,0.6022128113737089,12687.695421626857,0.02768751888825054,-0.5692999602506911,0.25,1,0.6465743382664823,0.1878368726921512,1,4.471681056991792
B02174,personal,20,loyal,A,med,18500.0,0.5229676544839106,12608.756063183822,0.06394300886007563,2.1923918784038925,0.1,0,0.5316845320549769,0.02703280389379269,0,20.745875348306832
B02175,personal,8,established,D,med,5000.0,0.41098314620282395,19573.188599271492,0.008748854419707764,0.1314159981957143,1.0,1,0.5742988839667474,0.14576551123276552,1,8.570032785840246
B02176,personal,9,established,E,med,30000.0,0.5659856224662058,33695.851232478475,0.041992233595857964,-0.5646464662118963,0.25,1,0.6270361605818773,0.21122394071800857,0,13.230518957562975
B02177,salary_advance,7,established,E,high,5000.0,0.7171119377376763,67661.81728709732,0.004416030380268998,-1.4080706600036135,0.5,0,0.7206154434127876,0.34345728135703724,0,6.630653041299544
B02178,personal,25,loyal,A,med,17500.0,0.4773207541967546,74788.54977784392,0.009307477797131336,1.7803057277308052,0.5,1,0.5894160202485285,0.035801533270642595,0,26.285558162979
B02179,salary_advance,24,loyal,C,med,3500.0,0.5039473485858766,22132.663195104382,0.006641073513921248,0.6799161989723437,1.0,1,0.7138844037958523,0.08014181017134299,0,25.144353723903095
B02180,salary_advance,44,loyal,E,high,9000.0,0.7811641645846154,31826.162550307447,0.018408538023155476,-1.0067338533628294,0.1,0,0.8201425942892981,0.3178456996439425,0,44.04722036949289
B02181,salary_advance,11,established,E,med,7000.0,0.49741053115905953,45190.9898302062,0.006420663593922305,-0.574265682071542,0.5,1,0.5945810017513202,0.2630077089048267,0,12.74594249936939
B02182,salary_advance,18,established,E,high,6000.0,0.7286995926241056,40984.961210767724,0.008889841189268452,-0.9275380173581304,0.5,0,0.695581026799803,0.31128451560063597,1,17.879798061031195
B02183,personal,8,established,C,med,11500.0,0.6653661897756002,24509.07634611283,0.02601659032475457,-0.13174352571197195,0.1,1,0.6744241603418444,0.11807859412832335,0,7.875171035806831
B02184,personal,13,established,C,med,21000.0,0.5340160629851243,28053.19395271116,0.033312716969029876,0.2073389696128186,0.1,0,0.5006522041154342,0.11488437097319178,0,15.65235817284244
B02185,personal,12,established,E,med,7000.0,0.5898883184990936,25321.28165004944,0.013589419519915944,-0.5032170642785246,0.5,1,0.6618031514361773,0.20235474676630788,0,7.11326949121438
B02186,salary_advance,21,loyal,B,med,27500.0,0.4948592427425646,23990.04735077864,0.04727178795035751,1.5270465964868816,0.25,1,0.5475531338691705,0.04615345801748956,0,24.95977592563828
B02187,personal,28,loyal,B,med,5500.0,0.5597368352232104,22297.37561832067,0.011505661198374992,0.4788022404724417,0.25,1,0.6070904716861769,0.07827063964005447,0,28.102219913916763
B02188,personal,28,loyal,A,med,11000.0,0.4404207783325015,25189.633768953012,0.01602719001426646,1.46231238527213,1.0,1,0.5680622282775387,0.03541774735627389,0,26.387034817247958
B02189,salary_advance,10,established,D,med,5000.0,0.5284591626742198,21521.382507672693,0.010231281271192659,-0.007194078080718924,0.25,1,0.5831623694537792,0.16828000221251588,0,9.942671647290071
B02190,personal,28,loyal,A,med,8000.0,0.3890306525665604,14407.732012589666,0.018001012800007675,3.4453255920111454,0.25,1,0.4437235716760158,0.015,0,28.009130756140564
B02191,personal,16,established,D,med,30000.0,0.5605470647860472,43235.58472627317,0.0324123675171101,-0.5644887234739576,0.1,1,0.625112501171201,0.17605671143081728,0,19.62668780053271
B02192,salary_advance,13,established,E,med,2500.0,0.562242241402021,35736.9967130779,0.003277662116727978,-0.5533299917558719,0.25,1,0.6321385983373902,0.18314018037274005,0,11.396586356282484
B02193,personal,11,established,E,med,26000.0,0.40259570408631945,75518.01822437545,0.011550762489493804,-1.0263005500957576,0.1,1,0.4122823766771281,0.2954471580980683,0,11.265702417269004
B02194,personal,12,established,D,med,4500.0,0.5854284277909503,32966.095761648794,0.006659437684367944,-0.21094072655430532,0.25,1,0.580118625194487,0.14879511874522908,0,13.669867703732344
B02195,salary_advance,42,loyal,E,med,9000.0,0.5683025099940892,21389.85275464046,0.019926592641134395,-0.9695360908657839,0.5,1,0.6097305949575305,0.28097095012115125,0,39.96186737383829
B02196,personal,19,loyal,B,med,3500.0,0.35108739240444764,19062.16083606626,0.0053719245332119955,0.6945628438278106,0.25,1,0.38837421587676463,0.07329196857022369,0,18.059565228435662
B02197,personal,18,established,E,med,6500.0,0.6273290066508895,27613.259059112155,0.012305798863092408,-1.905303769564807,0.1,1,0.6472595481338981,0.35,0,19.454984271946994
B02198,personal,14,established,D,med,36500.0,0.5247447444543853,36464.021454370486,0.04377187523632607,0.16167092405723113,1.0,1,0.6614538024196658,0.15138706667230603,0,11.026681300843903
B02199,salary_advance,60,loyal,E,high,7000.0,0.7137047316606632,23515.36150631046,0.01770450180081915,-0.6012517440963533,1.0,1,0.7982625823760148,0.2263201564670964,0,61.35692300029305
B02200,personal,33,loyal,D,med,8000.0,0.512124317427397,11984.367753227469,0.028488462524551533,0.01870659261990726,1.0,1,0.666358368450875,0.13400950146832194,1,31.65955547894774
B02201,salary_advance,11,established,B,med,25000.0,0.5880066411133725,17917.699964446576,0.06836892224356969,0.9545403991323593,1.0,1,0.697105074199943,0.06359200030680605,0,9.752677555040757
B02202,salary_advance,14,established,A,med,19000.0,0.590390293636704,27171.224206601706,0.03440347863915261,2.6540376838763535,0.5,0,0.5714799358096684,0.02111982688101965,0,13.229595488191544
B02203,personal,14,established,E,med,2000.0,0.5661165054848922,40423.07292374248,0.002334131081329313,-1.078000520781157,0.25,1,0.5966202579992185,0.31110250069429146,0,13.204538144327818
B02204,personal,17,established,E,med,11500.0,0.573157625733807,11882.202021179128,0.04622679003570679,-0.1503174494263918,1.0,1,0.7338584247711045,0.1823944715933919,0,16.906530462722202
B02205,personal,11,established,E,high,10000.0,0.7520297970967299,31125.91085765916,0.02013407737516533,-0.7237586747755422,0.1,1,0.7624617720257404,0.21885369284122805,0,11.816201048114898
B02206,salary_advance,20,loyal,D,med,11500.0,0.5956627598924655,30382.307919305847,0.01878868056193809,-0.11987032256079555,0.5,1,0.7218341644433459,0.15570874975459803,0,16.497841231706737
B02207,personal,36,loyal,E,med,4500.0,0.6201228476565835,20986.463793006133,0.011080764733157009,-0.3149733299695444,0.25,1,0.6945008765704365,0.18664749264798128,0,39.35241904135089
B02208,personal,7,established,B,med,9500.0,0.4871552816546674,19480.958482734844,0.019797003228481293,0.8240664756369391,1.0,1,0.7057898174381291,0.07024272125374553,0,9.932687074112685
B02209,personal,8,established,E,med,44000.0,0.6563291046137812,17944.194981318426,0.13411245546294848,-0.48805586423037967,0.25,0,0.6198494142292331,0.19789827042423405,0,10.666187948450546
B02210,salary_advance,12,established,A,med,13000.0,0.4507654936796701,29069.46143376208,0.016798704232355792,2.599312698270855,0.25,1,0.5447157470181424,0.016351365489321448,0,17.743922063198788
B02211,personal,12,established,C,med,9000.0,0.36809828607916995,49998.599024677416,0.005521629004507065,0.415979255894734,0.1,1,0.4104752735498342,0.10970836335407569,0,12.949518852381757
B02212,salary_advance,49,loyal,D,med,46500.0,0.542207611153217,51988.689756330205,0.040413684266064606,-0.2600106611740751,0.1,0,0.531084122174236,0.1446492140790226,1,48.391766622565385
B02213,personal,28,loyal,D,med,5000.0,0.4492334799246536,14498.649831871378,0.012910210178592363,0.03329481785492272,1.0,1,0.6987131159525385,0.14899502071479812,0,26.02306829066373
B02214,salary_advance,27,loyal,D,med,8000.0,0.5815888522117932,24274.021918601597,0.01597287432526407,-0.05184699003998938,0.25,0,0.5325348535352348,0.15325153624556642,0,27.161012677080212
B02215,personal,14,established,B,med,14500.0,0.4380240706147171,8051.145099852368,0.0657396033436066,0.8000686529467138,0.25,1,0.42938203785461604,0.07512156534441032,0,11.16824646354715
B02216,personal,14,established,E,med,7000.0,0.6925500786841453,28568.253736028062,0.014141135458678983,-1.6387796565652528,1.0,1,0.7995434542301157,0.35,1,14.267198565470142
B02217,salary_advance,7,established,E,med,37500.0,0.6224123584125738,37373.09561956421,0.05204381889685095,-0.9909513804358102,1.0,1,0.7289789125607327,0.2665040968012189,1,7.714024832303974
B02218,salary_advance,25,loyal,C,med,12500.0,0.4340873985636052,63833.19629097156,0.007083686855387971,0.15845388125085857,1.0,1,0.6053154274546472,0.11555584953522126,0,24.094701171927834
B02219,personal,21,loyal,B,med,6500.0,0.468511611899181,10071.333872511925,0.02519796546559736,1.0829467931383254,1.0,1,0.64116721614121,0.06667360345208556,0,20.410987513140395
B02220,personal,33,loyal,B,med,11500.0,0.5559691224699863,14787.936749702187,0.03602962004674522,1.6330602748227725,0.5,1,0.688766127554481,0.04310522830567466,0,33.56920931277312
B02221,personal,14,established,B,med,4000.0,0.6165036897662761,29122.75892224104,0.007056379186834214,1.3805421907728432,0.25,1,0.6658874886032599,0.04523684486443887,0,11.519623225226802
B02222,personal,15,established,C,med,39500.0,0.4510378415720844,11046.693135909238,0.13439915549767015,0.5298015199475303,0.1,0,0.43956613741646366,0.0879209029154085,0,15.109242707188221
B02223,personal,18,established,D,med,5000.0,0.46183465672440666,29575.94624128417,0.006506338137032924,-0.08288953635802004,0.25,0,0.4756222835201598,0.1471677324316605,0,18.051773353517582
B02224,salary_advance,26,loyal,A,med,11000.0,0.683166761276171,37897.915887725765,0.016524291195635726,1.5446258123139924,1.0,1,0.8374580405777368,0.039326621678048346,0,29.196951605322965
B02225,personal,7,established,E,med,5500.0,0.632456069836454,13296.97376463416,0.021800125638062183,-1.1445006174317105,0.5,1,0.7164151247400409,0.35,0,5.731056780681575
B02226,salary_advance,24,loyal,E,med,3500.0,0.6349352693458505,28938.320178448346,0.006399454163795078,-1.0946572220162265,0.1,1,0.725634890161724,0.3053244322212032,0,22.60844863613593
B02227,personal,16,established,C,med,5500.0,0.47253633889009744,13811.874687494603,0.015680648733420722,0.436637577686489,1.0,1,0.6500326207975681,0.10257347257600334,0,15.407626636690953
B02228,personal,9,established,E,med,9000.0,0.6371955465818924,57324.5482916692,0.008336684268402174,-1.00567841714885,0.1,1,0.6522465673826955,0.2525454833637763,1,5.393494912164008
B02229,salary_advance,5,new,D,high,3000.0,0.7266119567245088,30141.412956311236,0.0060266912319082684,-0.06530673216548083,0.5,1,0.7534196395499323,0.163332210084803,0,3.324385001903207
B02230,personal,15,established,C,med,51500.0,0.5851010610764258,18919.80969342309,0.13272114049465777,0.1196270158728145,0.1,1,0.6097424044263241,0.11989512243582312,0,14.181863488737573
B02231,salary_advance,36,loyal,B,med,43500.0,0.6239656805532489,13616.291249652435,0.16611539445906484,0.9981195591782965,1.0,1,0.7444377916316366,0.06029517523126584,0,35.310817269615775
B02232,personal,41,loyal,B,med,4000.0,0.5097534203178246,33323.97315242477,0.005098966020510204,1.337791538525052,0.1,1,0.5631321280605963,0.05618763803948625,0,38.69520832614936
B02233,salary_advance,19,loyal,B,med,28000.0,0.39512916501350326,56775.74711750611,0.016238765643894038,1.5820751882917312,0.1,1,0.4391513942197018,0.04366065325704794,0,17.70246806675194
B02234,salary_advance,48,loyal,B,med,6000.0,0.4524324178742177,17600.32857593117,0.01285295373669696,0.9450000671676902,0.5,1,0.5576890376454293,0.048394370536844616,0,46.87374528609517
B02235,salary_advance,16,established,D,med,3000.0,0.46033160896022496,21124.64048587514,0.005447804061659923,-0.0920152804694056,1.0,1,0.6498198293703215,0.14862167320519382,0,18.658607232789397
B02236,personal,27,loyal,C,med,5500.0,0.5646990050339635,17788.7695785336,0.014549650337793001,0.5077620886763209,0.5,1,0.6952805143811075,0.09860960069819613,0,27.814684730948628
B02237,personal,12,established,E,high,17000.0,0.7073194007492075,63292.42381982886,0.01583184459139194,-0.5962104166749215,0.5,1,0.7408579191644937,0.2068266870752641,0,9.247159103868963
B02238,personal,12,established,D,med,11500.0,0.5932057544868641,9416.773020619989,0.06036981530775846,-0.19642892200617093,0.5,1,0.6910241904145693,0.16673015494802973,0,12.918579884315507
B02239,personal,11,established,A,med,8000.0,0.4235202850538653,54561.090120933164,0.0051748756499689205,2.6181734235804135,0.25,1,0.4455239421748865,0.015,0,12.271241723472588
B02240,personal,5,new,C,med,11500.0,0.49118698159199586,21862.782728273258,0.021530692739778874,-0.1678102991164595,0.5,1,0.5361622031440767,0.11085726212653774,0,4.244132670511964
B02241,personal,33,loyal,B,med,14500.0,0.5614513836920215,25864.11288802717,0.026230183300632058,0.8502450170375484,0.25,1,0.6419312500418225,0.06482583938047513,0,33.256030693657
B02242,personal,11,established,E,med,10000.0,0.4825281967206914,22306.891434744564,0.018026125772695804,-0.7054806490303621,0.5,0,0.5103488518976148,0.23903008879105128,0,11.10995515919482
B02243,personal,10,established,B,med,10000.0,0.40465127609719503,30692.711188458554,0.010986627889505704,1.020073416429868,0.1,1,0.49525477020615816,0.0410595376689283,0,11.489891836162013
B02244,personal,8,established,B,med,24000.0,0.618097401466983,18008.70776786391,0.06864428135926137,0.7602724226634243,0.25,0,0.6209573899421041,0.07091202100394634,1,3.974159762973506
B02245,personal,14,established,B,med,14500.0,0.5010277831906631,48151.65195357558,0.012572955377295815,0.7673525546550849,0.5,1,0.5712370213144137,0.060616093374996086,0,13.400713663189475
B02246,personal,43,loyal,C,med,6000.0,0.5079891064353649,49239.34970335141,0.005158365306363798,0.6148912467534633,1.0,1,0.6907415256578823,0.08634901980929995,0,45.66129044257062
B02247,salary_advance,52,loyal,B,med,29000.0,0.4720159211603693,15664.073046923868,0.07282302242763347,1.7841900957667707,0.25,1,0.5450311651232735,0.04640301527988919,0,51.313272613708875
B02248,personal,6,new,B,med,6500.0,0.5806252301771733,38836.15148219832,0.008098262083378632,1.2716851966347333,1.0,1,0.6894892101866908,0.05148979985342533,0,4.34279222696522
B02249,personal,13,established,C,med,13000.0,0.5696496323871408,22113.164234178985,0.027907378091653813,0.2830989193492951,1.0,1,0.7520189417249201,0.11337115038403336,0,13.352222272876732
B02250,personal,9,established,D,med,11500.0,0.5013978257508008,27678.145773432487,0.017360492773293938,-0.1146123590003228,0.5,1,0.6005729347563246,0.17126408077235325,0,9.506038720259637
B02251,salary_advance,28,loyal,A,med,7000.0,0.42315391446790507,62244.96910950296,0.003965618217359291,1.6445709901147607,0.5,1,0.5089038176054038,0.039366061475488184,0,25.49645581315271
B02252,personal,19,loyal,E,med,4500.0,0.5735098753099147,18569.60173871145,0.011581627127353864,-0.5041253065597436,1.0,1,0.6912025655706152,0.1972229435734909,0,20.166464024455482
B02253,personal,11,established,E,med,10000.0,0.6360183017042477,44783.81997544591,0.011834971909738904,-0.7179602806153267,1.0,1,0.729975948560153,0.2590836261109264,0,10.983369521293636
B02254,salary_advance,17,established,D,med,21500.0,0.55029811979644,34593.422728508034,0.028501105707476333,0.29669965711509866,0.5,1,0.5965558902818027,0.12116843710526452,0,15.07601663650287
B02255,personal,12,established,E,med,11500.0,0.6425404322432026,24180.082191181195,0.025465914853575147,-1.7413570684381454,0.1,1,0.6329532909235688,0.35,1,12.367947101270488
B02256,salary_advance,39,loyal,B,med,16500.0,0.5005472688165458,32927.78015717487,0.020901879547831653,1.5775952735634244,1.0,1,0.6971752996527081,0.0406298871016412,0,37.76777201875887
B02257,salary_advance,22,loyal,D,med,4500.0,0.5736104739671652,30841.81129092236,0.006974425908668934,-0.21291388746582318,0.25,1,0.6006927345751283,0.1582998385075051,0,22.2311483828177
B02258,personal,23,loyal,D,med,5000.0,0.49561150497060286,14227.125649026293,0.014514863988136943,-0.07149102150175685,0.1,0,0.5184228521927039,0.16775015380338026,1,19.856171014061665
B02259,personal,3,new,E,med,10500.0,0.6960348005502157,19269.9445911363,0.03160519988010644,-0.563279595679771,1.0,1,0.842772450529479,0.20234827245642922,0,4.622201633678904
B02260,salary_advance,15,established,D,med,9000.0,0.5027915271042739,15140.237113652083,0.024906719921062317,0.38928682157055017,1.0,1,0.6792731318465185,0.12496765949857612,0,11.941023611738697
B02261,salary_advance,51,loyal,C,med,13000.0,0.5587759153502598,23106.27895206335,0.026198098630187516,0.4063467235769581,1.0,1,0.6950338976185404,0.09091887840888206,0,50.18739518843141
B02262,personal,34,loyal,D,med,5500.0,0.35271587552932276,56374.34244766925,0.0028676421920309837,0.3326289527696512,0.25,1,0.40894212169898236,0.1338118990017341,0,32.99704927306026
B02263,personal,5,new,E,med,2500.0,0.5685157010977965,37033.02240036231,0.003198247493320507,-0.40962763239041405,1.0,1,0.7441280419661591,0.2008467580539218,0,1.1473442107204948
B02264,personal,13,established,D,med,10500.0,0.47842900306926034,12235.245087833713,0.034214711244474276,-0.44703095762712625,0.25,0,0.4578608524397178,0.17288688528411314,0,16.849782083908934
B02265,personal,8,established,E,med,9500.0,0.5130997521836953,23147.632167606436,0.017548402684885157,-0.7731944576387653,0.25,1,0.4912537656926669,0.25608108409409497,0,8.29929343962328
B02266,salary_advance,42,loyal,A,high,17500.0,0.7128924651108871,30591.995645366456,0.03398388444497713,1.8314739243556017,1.0,1,0.840780791677722,0.030640933955866072,0,39.03686313260666
B02267,personal,18,established,E,med,3000.0,0.6879325007516301,40507.75289045916,0.004245684169472035,-2.104405702266703,0.25,1,0.6737838866974054,0.35,0,17.27571809141925
B02268,salary_advance,10,established,C,med,20500.0,0.6744973345068104,18808.762471559658,0.06126220592794374,0.14428484099051722,1.0,1,0.7985982883137257,0.11966185645741001,0,8.642594490567813
B02269,salary_advance,16,established,D,med,8000.0,0.6538406826910684,13621.606127313613,0.03200017563176136,-0.11889947188421557,0.1,1,0.66798804545096,0.15201647898171453,0,14.496924925845896
B02270,salary_advance,3,new,C,med,13500.0,0.6432066924621604,26082.27914950362,0.027743262959199703,0.4187914867264866,0.1,1,0.6775453477495486,0.11766209867698665,0,1.6850627012147157
B02271,personal,9,established,E,med,7500.0,0.6256301700376065,36789.44708608433,0.010628560286827677,-1.4542927965190087,0.1,0,0.6151502040682809,0.35,0,6.5620265592961164
B02272,salary_advance,16,established,D,high,7500.0,0.7177780035688478,30612.557134850882,0.014654484767618714,-0.14978534124360415,0.1,1,0.7337253335264275,0.13687549085976836,0,17.26955135215875
B02273,salary_advance,26,loyal,B,med,14000.0,0.617531624775145,16538.187598544362,0.04356302998407644,0.647640266010244,1.0,1,0.7723342935321044,0.07511086234930939,0,25.020101664400165
B02274,salary_advance,5,new,B,med,10000.0,0.52209518890247,70617.99953546755,0.006161025899167182,1.0700736103704593,0.25,1,0.5441586578020219,0.06483082722986717,0,7.045772108264966
B02275,personal,13,established,C,med,8500.0,0.5777362851881639,25480.059709200304,0.01606078923461805,0.33218496679542386,1.0,1,0.6898877941968148,0.11599874064149321,0,17.171370891299816
B02276,personal,28,loyal,E,med,9500.0,0.5927791926923756,29927.72688858724,0.015680560347771988,-0.7834882108688618,0.1,1,0.6103710313456128,0.22527229169393254,0,24.46633097845383
B02277,personal,7,established,E,med,2500.0,0.6021761576210404,18693.25287763247,0.006711157602814121,-0.4874767187206597,0.25,1,0.6425754948582906,0.2410470823301892,0,6.716592275505541
B02278,salary_advance,18,established,B,med,46000.0,0.506950748447153,49443.17943877264,0.0393039287610383,1.236051352660691,0.25,1,0.5177810493656866,0.06130556384253598,0,13.60276102977829
B02279,salary_advance,17,established,E,med,4000.0,0.6453350105618901,36846.49548422876,0.005838049653307463,-0.8507748659230675,0.1,1,0.6554830574976733,0.23673248719751896,0,13.897576365513562
B02280,personal,42,loyal,C,high,5500.0,0.7106408783103751,31986.361443442205,0.010182790034897783,0.3213557316276292,0.25,1,0.7775200073756645,0.10142499059872492,0,40.138672562346486
B02281,personal,14,established,D,med,20000.0,0.4473496790279904,14279.63745374972,0.05221300616313615,-0.009120452526275582,0.25,1,0.46492926254055855,0.13866535371516397,0,15.881139532007627
B02282,personal,14,established,D,med,4500.0,0.6909155518374998,49105.02372008615,0.005276310086234245,-0.3857830599207645,0.5,0,0.6181981980679002,0.17918741160140914,0,14.532362087276082
B02283,salary_advance,26,loyal,A,med,80000.0,0.387779279621248,40794.258813573266,0.06337154473841862,3.445751782798915,0.1,0,0.38679080801435484,0.015,0,26.052856239753016
B02284,personal,7,established,E,high,7000.0,0.7061444153117201,47014.59519955461,0.00876148297885176,-0.41273145944754897,0.5,1,0.7373381359735962,0.21391270900946188,0,3.266214764765767
B02285,personal,14,established,C,med,5500.0,0.5125155727624492,27456.717831180264,0.008555391518162323,0.4497651593677976,0.5,1,0.6219145545327588,0.10183133948025695,0,13.293033722392462
B02286,salary_advance,12,established,E,med,2500.0,0.6297012923971739,25817.97825640441,0.005081256477426492,-0.4163011202192842,0.5,1,0.7465410478521761,0.20677786293406983,0,12.11897436058997
B02287,salary_advance,15,established,C,med,3500.0,0.5113808758673042,24339.33183960163,0.00612805464193623,0.8777479919994042,0.25,1,0.5385008939458039,0.08146253220164183,0,17.88021049123452
B02288,personal,26,loyal,B,low,4000.0,0.3416245679390305,94225.75863073152,0.0012085321215183804,1.2707875968519353,0.25,0,0.31783871473473013,0.05358406869330841,0,25.67677319481035
B02289,personal,22,loyal,D,high,3000.0,0.732862498792185,19963.373580499723,0.009177588344938441,-0.18796403674609796,1.0,1,0.8873303917877327,0.17081845941816873,1,21.140333195756728
B02290,salary_advance,10,established,D,med,5500.0,0.4601437265275333,14010.542152462545,0.015052894149047447,0.2952981847814671,0.25,1,0.4882065994901198,0.12326423776961165,0,8.256620936622957
B02291,salary_advance,17,established,E,med,4500.0,0.6048086742753211,21910.233915891542,0.010351475649410776,-0.5452797698908733,0.1,0,0.5324716128659479,0.2203940812943205,0,16.735982698702195
B02292,personal,37,loyal,E,med,6500.0,0.4997800856559108,20065.96053025834,0.013491216264249924,-0.7444038120498916,0.1,1,0.5508852481431061,0.21685697045893199,0,35.933723230599384
B02293,personal,10,established,B,med,6500.0,0.3867027917296481,53793.92169174905,0.0038938230491386626,1.0367954325002064,0.5,1,0.44907474048583546,0.058253465568497344,0,10.461611316977692
B02294,personal,17,established,E,med,2500.0,0.5749903358662217,12761.705154403808,0.009386649499900557,-0.5540009458836479,0.5,1,0.6556349134820801,0.2022342393116916,1,19.71703141610478
B02295,personal,14,established,E,med,1500.0,0.6223741020167666,19757.53138487046,0.0039375750561464135,-2.41361232850807,0.25,0,0.6358287777391667,0.35,1,17.984484269080472
B02296,salary_advance,15,established,A,med,7500.0,0.36029350678182365,29875.312228171235,0.00753744228742489,2.1153561564936227,0.1,1,0.3800910915827503,0.021477922146424536,0,18.240024435953273
B02297,personal,6,new,E,med,4000.0,0.608012215082052,54044.392440271135,0.003750078948240041,-0.8020953230626062,1.0,1,0.7432462551240266,0.2656460828199366,0,6.891463768726
B02298,personal,35,loyal,D,med,5000.0,0.4134956481190339,39823.91015799583,0.004326291735276489,0.1536269562519693,1.0,1,0.6031106184370129,0.1325472688637356,0,32.45359094797099
B02299,salary_advance,10,established,A,med,12000.0,0.49092541072083684,65542.85895554403,0.007490143374029784,1.9909065054943147,0.25,0,0.46639411139451725,0.02428822616551636,0,7.364238287176908
B02300,salary_advance,28,loyal,C,med,40500.0,0.5252879501791264,32538.72168015507,0.05448421881108461,0.6082579058123601,0.1,1,0.5329581299435712,0.0868151858495358,0,29.691935013848173
B02301,salary_advance,11,established,D,low,5000.0,0.31868147075013875,24052.862370999956,0.00552050496517978,0.18666339779813657,0.25,1,0.3638802436705163,0.12064813758155885,0,8.67208609718423
B02302,personal,11,established,E,med,3500.0,0.583635437017355,43068.8850375048,0.003952435785490149,-1.2281730445505332,0.1,1,0.5930575324870544,0.3254666218904251,1,9.661497085588717
B02303,personal,32,loyal,E,med,8500.0,0.6716847772524417,12683.55418368996,0.03751130876487999,-1.2348336996275666,0.5,1,0.7951275487802248,0.2864517962548748,0,31.83182787934656
B02304,personal,28,loyal,C,med,8500.0,0.4475288674745787,10504.544338558191,0.030177378879498347,0.23361373540387173,0.5,1,0.5898435059451813,0.09960055009296723,0,32.336188074545916
B02305,personal,18,established,C,med,3500.0,0.6006844583709277,46025.22878709038,0.0038065999519955093,0.3628097740748948,0.25,0,0.620535513760864,0.11604484365918127,0,17.573496978341417
B02306,personal,24,loyal,B,med,23500.0,0.5746541197769025,30206.48013299915,0.03725572502792296,0.7055254082107726,0.1,1,0.6257068018444002,0.06724556497968098,0,22.52985485476794
B02307,personal,14,established,E,med,10500.0,0.4904949960705268,45715.930112952046,0.0093880430847915,-0.4812610804692158,1.0,1,0.7030116402239096,0.19374962420630507,1,16.540590174252507
B02308,personal,16,established,D,med,50500.0,0.5644011342171433,16834.66039933504,0.1410891607050751,0.020257799346942336,1.0,1,0.693011199069633,0.13399006709598765,1,14.602545110052205
B02309,salary_advance,11,established,E,high,22000.0,0.7166851770487301,54536.806005315375,0.02409240512657229,-1.4872099953279672,1.0,1,0.8131217580264143,0.35,1,11.462822909604034
B02310,salary_advance,27,loyal,B,med,10500.0,0.4247801735411648,38897.9715291656,0.009555322224703478,1.2101670206954784,1.0,1,0.5934167215083379,0.05782693410110874,0,25.709478234531336
B02311,personal,11,established,D,med,12500.0,0.5426130894754337,26446.623949150784,0.021372178516635445,0.16140584477004594,0.1,1,0.5737596633392601,0.15480391850324443,0,9.569531191280992
B02312,personal,37,loyal,A,med,12500.0,0.5775064290584329,30153.049889470072,0.019950525706056193,2.3736608941828576,0.5,1,0.6506029641047075,0.01699766372513131,0,35.594207841240035
B02313,personal,13,established,D,med,20000.0,0.48368408919147393,32559.040195772675,0.024759333930154438,0.007479646429047295,1.0,1,0.6511132665261582,0.15777589960328836,1,11.195633771968495
B02314,personal,16,established,E,med,6000.0,0.651565043978563,16794.34172527136,0.01939835018952001,-0.942669352146079,1.0,1,0.7724775743852065,0.2017238774937617,0,15.100956640433383
B02315,personal,24,loyal,D,med,5500.0,0.4456353041384486,21768.995174627675,0.009382588068871779,0.3492768659111809,1.0,1,0.6702150553233659,0.13149224210302032,0,24.34546222866656
B02316,personal,16,established,D,med,3000.0,0.5631695138539724,32277.229484889933,0.004361972223464928,-0.327799800015837,0.1,1,0.6153940286115758,0.13850049627589933,0,14.418172746374879
B02317,salary_advance,13,established,C,med,9500.0,0.5782169349479958,21293.908953017573,0.02149699590199609,0.7847078687703979,1.0,1,0.8245619121248517,0.10894698944121584,0,14.39003307586016
B02318,personal,16,established,D,low,8000.0,0.3318729672617019,11989.896538634826,0.01845292360348641,0.026892061725186146,1.0,1,0.5972005613100528,0.13223693594464078,0,16.553949631312488
B02319,salary_advance,26,loyal,E,med,17500.0,0.545107139968905,31640.360654227872,0.025124489608130622,-0.5099467010526437,0.25,1,0.6154697239638108,0.2363153419343431,0,23.835823687608652
B02320,personal,11,established,E,med,3000.0,0.6882808327120667,42608.91555376552,0.004038361595025626,-1.6357432881940195,0.1,1,0.7152885474878503,0.35,0,14.828552735660635
B02321,personal,15,established,C,med,21500.0,0.5759060129952028,48421.24999857905,0.021309478930153284,0.262908202633016,0.1,0,0.5796321880351444,0.11017592816535307,0,16.86098734904142
B02322,personal,16,established,B,med,4000.0,0.4518086782669337,36053.917666609836,0.004177157504720231,1.383114541069239,0.5,1,0.5113251740141177,0.04610598760414903,0,14.519883198546914
B02323,personal,26,loyal,C,med,9000.0,0.4330243240234737,42195.50543073235,0.007696749682279337,0.47934788405171924,0.5,1,0.5194023419453643,0.08842496708705416,1,25.212883874826442
B02324,personal,15,established,C,med,9500.0,0.5919448425975734,46310.777503735,0.01011909161645906,0.8132973539202071,0.25,1,0.6631412591244521,0.08523950897410998,0,13.870428216177041
B02325,salary_advance,44,loyal,A,med,7000.0,0.45595685169166356,28108.033371232217,0.009462591232928027,1.7628091542036,0.1,1,0.4830298092853665,0.033507378479146185,0,46.56887372848677
B02326,personal,15,established,C,med,8500.0,0.6059461259288221,8388.322379646042,0.051167780609034444,0.26679184579466836,0.5,1,0.6947971229148866,0.10436668211153624,0,14.91816019220085
B02327,personal,14,established,E,med,4000.0,0.6470477293977979,50913.31039163829,0.004236270924181647,-0.8144914878614082,0.25,1,0.6773862692560225,0.26364849536419455,0,13.985892169566334
B02328,personal,14,established,C,med,5000.0,0.5115620131468432,16459.77721961266,0.012949800958253835,0.19530808504556424,1.0,1,0.699947952738519,0.10903965095867622,0,15.56768751971547
B02329,personal,7,established,B,med,26000.0,0.6164852579373152,14443.759255527459,0.09247717545229918,1.2070728876004806,0.5,1,0.6950518957721908,0.05338516968072696,0,8.579801921247206
B02330,personal,9,established,C,med,5500.0,0.48279673114452026,14663.635034541554,0.015090517091202502,0.5298905495999142,0.25,1,0.5732487875393074,0.09670875572799176,0,9.10340566547025
B02331,personal,12,established,B,med,14000.0,0.645828930523397,105505.44718464179,0.007141499379572418,0.7482453428286557,1.0,1,0.743982926125347,0.07361964705810968,1,11.867097595944761
B02332,salary_advance,30,loyal,C,med,13000.0,0.676793656949471,34279.44654624587,0.021388709627291894,0.2874537583081741,1.0,1,0.7978365173092518,0.107353070852448,0,27.843002282070707
B02333,personal,16,established,E,med,3000.0,0.679066578915412,15170.544659917106,0.011190543815964788,-0.2023537597454822,0.1,0,0.5801918992358479,0.19817310539028013,0,18.69439998858639
B02334,personal,12,established,D,med,19500.0,0.5550006645020236,18474.024847561876,0.048818602727754484,-0.11872731090036714,0.25,1,0.5398235515588372,0.15062377371194827,0,12.270212261477146
B02335,salary_advance,32,loyal,B,high,23500.0,0.7602101331626996,26892.460925442523,0.05535918963451236,0.6986619974632041,0.25,1,0.7462846487692553,0.07959908592846593,1,32.69564679601353
B02336,salary_advance,38,loyal,A,med,29500.0,0.497082869330894,36254.619177043496,0.03370592257879472,1.9179583160123586,0.5,1,0.5456582511267499,0.030574617387230912,0,39.92163535126307
B02337,personal,32,loyal,E,med,11000.0,0.6821128463159186,31370.10931453799,0.019932034754917276,-1.9471737283381674,0.5,1,0.7608041469097336,0.35,0,33.94693010695751
B02338,personal,10,established,D,med,8000.0,0.561486929776573,16143.398079619234,0.023187473789897255,0.03053830458183765,0.5,1,0.6708301088687266,0.1212083246409998,0,8.809922524578118
B02339,personal,12,established,D,med,49000.0,0.45992124409305385,32030.075476216374,0.05863276057865686,-0.07949637569485415,0.1,1,0.43726441731650323,0.1586448552080808,0,8.428919749836684
B02340,personal,44,loyal,E,high,4000.0,0.7319667515468347,19222.691414769317,0.012692755240029234,-0.9715011414441489,0.5,1,0.824241735534198,0.2817391823336177,1,40.967259426343745
B02341,personal,18,established,B,med,3500.0,0.4759184755025821,47848.89297969021,0.0029009982616282986,0.671767216587465,0.1,1,0.4885924165874929,0.06665154128536582,0,16.8228736556633
B02342,salary_advance,14,established,E,med,11000.0,0.6766996407992317,27749.223346145125,0.022354067223006965,-0.37450019194492457,0.25,1,0.655015337566152,0.22925255488685475,0,12.772059010794472
B02343,personal,24,loyal,D,med,5000.0,0.6770304061851291,17718.529691530366,0.015920960005613886,0.04296735064684032,0.25,0,0.6395374752747377,0.16556372460428492,0,23.799254860587652
B02344,salary_advance,28,loyal,A,med,19000.0,0.5148538362558452,39297.83744275271,0.020743768456112786,2.5987819077540433,0.5,0,0.5249814166254732,0.015843134298738442,0,30.053613318217632
B02345,personal,12,established,B,med,10000.0,0.45008225799368673,33215.92582397841,0.011291828814758256,1.0099736495390559,0.1,1,0.4746340424679202,0.05589082467643423,0,12.825799027365573
B02346,salary_advance,18,established,B,med,6000.0,0.49026497654443385,20719.361189459807,0.011831083305643555,0.9244869391451161,0.1,1,0.5607028628400439,0.07231865525851455,0,18.805498846140946
B02347,salary_advance,27,loyal,B,low,45000.0,0.2657753079501628,40197.119982809265,0.024794249071558902,1.130776934644404,0.25,0,0.2774709435738291,0.04856631120478298,0,25.66747401508781
B02348,personal,8,established,E,med,5000.0,0.5677562332881327,38025.58154150273,0.006221209186378687,-0.16468002244534266,0.25,1,0.602762982179824,0.1891750302787941,0,9.223113589073774
B02349,personal,16,established,A,med,7500.0,0.5584498879218798,52104.271405179876,0.006698705701822296,1.9993772653701014,1.0,1,0.6762932103505743,0.02739177054746421,0,18.733179879786853
B02350,personal,8,established,C,med,14500.0,0.50820994765931,39758.3910215121,0.015445469605549895,0.8021676314402391,1.0,1,0.6909690314417793,0.09633983761596322,0,10.873174219546847
B02351,salary_advance,9,established,D,med,18000.0,0.5272260914289378,23916.627702263293,0.03306649862967795,-0.3995499139652525,1.0,1,0.7048797161069889,0.17022364538176402,1,10.528579084296467
B02352,personal,12,established,E,med,13000.0,0.6142094146296954,10616.966211288498,0.0626726617824236,-1.400102278217654,0.25,0,0.6439187042250759,0.3482493335661325,1,11.855442777741139
B02353,personal,21,loyal,C,med,6000.0,0.641415502194216,29811.682538594552,0.010757787678770428,0.9668380019892694,1.0,1,0.7888703459565612,0.08078487595124832,0,19.12890361870293
B02354,personal,13,established,D,med,19500.0,0.5640213807393369,32467.417396959645,0.028229370155793475,-0.05586912987844468,0.1,0,0.5962811700222238,0.14172972442761278,0,12.041813012013122
B02355,salary_advance,11,established,E,high,9000.0,0.7782599279067018,27671.501006477436,0.021093721869059185,-1.0789381669461675,1.0,1,0.8904529861946923,0.30109504174359136,1,11.097906956790759
B02356,personal,16,established,C,med,22000.0,0.4917505408441541,5135.944702987728,0.17553589657805876,0.4285861657115819,0.5,1,0.5617859244268097,0.1191609910741133,0,16.978172811207923
B02357,personal,8,established,D,med,3000.0,0.6004839243665405,39079.62369806907,0.0038414131684449317,-0.2690271603115207,0.5,1,0.7193938490713742,0.16047015773818418,0,7.710748488043002
B02358,salary_advance,20,loyal,B,med,10500.0,0.46420014177743524,16291.069579302017,0.02493237918345802,1.28066492552747,0.1,0,0.5067817885191674,0.04403123168358536,0,19.542619463760257
B02359,personal,30,loyal,B,high,9500.0,0.7178908891116281,39228.058443374335,0.014487851547222416,0.8417402145809068,1.0,1,0.8354372764489296,0.060980290020442536,0,29.811435437100936
B02360,salary_advance,15,established,E,med,7500.0,0.5992546894872348,68553.9701091802,0.0054633477876340686,-0.2582640215438392,0.25,0,0.5821997724873961,0.18347776295732623,1,14.46470728224536
B02361,personal,14,established,C,high,3500.0,0.7315924380919239,23411.001266843985,0.009114566495667737,0.6328447644242048,0.25,1,0.7426277375441647,0.09282652279601296,0,11.914310157785518
B02362,personal,20,loyal,D,med,8000.0,0.5333592032890665,34240.56111634643,0.010384549510871208,-0.09790508263489917,0.25,1,0.583035582009785,0.17400118867373648,0,18.59992951677064
B02363,salary_advance,5,new,E,high,10500.0,0.7249591272783226,27392.58903077441,0.02315733046101919,-0.4328818731809713,0.5,1,0.7826769793693356,0.186463222154275,0,1.5497003659881763
B02364,salary_advance,22,loyal,C,med,8500.0,0.5657253829517163,35920.77036665702,0.01115572250169308,0.21772859337862205,0.1,1,0.5925832674971829,0.09977923851574738,0,21.081875654804342
B02365,salary_advance,60,loyal,A,med,12000.0,0.5656156963675465,28478.218404864623,0.019861344144721096,1.8809744278062706,0.25,1,0.5877621043846295,0.02293831547307539,0,57.701362744994256
B02366,personal,15,established,E,med,4500.0,0.4690795923272197,20244.953444474602,0.00868882448187188,-0.2805723880543605,0.1,1,0.5688426926126968,0.24391774967823837,0,17.35284071613012
B02367,personal,15,established,B,med,27000.0,0.5398864724357088,16354.882902349977,0.07427412169400505,1.3724431805642519,0.5,1,0.5616523733277469,0.05277304108052104,0,18.57363260142273
B02368,personal,24,loyal,A,med,18500.0,0.3676472197782821,64521.65262661224,0.008784484599377368,2.18348487018686,0.25,1,0.40539140407481355,0.0256946144578167,0,23.605682088718257
B02369,personal,40,loyal,E,med,7500.0,0.6099484391844004,34241.85967085133,0.011133092015290428,-0.33871913685444877,0.1,1,0.6426472174252601,0.18689811850574853,0,42.60914671667091
B02370,personal,28,loyal,E,med,19000.0,0.5363838947835237,42479.76845573784,0.01999244654449615,-2.5209953146969335,1.0,1,0.7308929759343624,0.35,0,31.352896949508363
B02371,personal,5,new,B,med,14000.0,0.52392810170477,33506.16050413623,0.018242897508756385,0.6945095432712728,1.0,1,0.7086677108866622,0.07519042815058101,0,4.03236357453563
B02372,personal,22,loyal,D,med,5000.0,0.6713695153064785,46012.687963283846,0.006079568710864804,0.058028102639858914,0.25,1,0.7122413157105815,0.1696902133163162,0,25.22163978807136
B02373,personal,60,loyal,E,med,10500.0,0.6446519351501704,16435.813694940625,0.03431959340291346,-0.4661864131319914,0.5,1,0.7210937419154578,0.213326497293414,0,59.80995272522623
B02374,personal,23,loyal,D,med,47500.0,0.45226860816794795,28162.590393822615,0.06356765774373306,-0.18871810615296813,0.25,1,0.4829583703527266,0.14752713441683968,1,22.30155784591461
B02375,personal,8,established,D,med,2500.0,0.3976383142655478,35525.90270451233,0.002331856734536038,-0.4148138213660293,0.1,1,0.41616131704829606,0.16363448430422664,0,8.947765293484741
B02376,salary_advance,19,loyal,A,med,18000.0,0.5261693407838213,54773.85593853661,0.014409319878107132,2.0471930906937397,0.5,1,0.6374825400405683,0.026148468348157244,0,16.955790283835118
B02377,personal,8,established,D,high,5000.0,0.7045333744297279,117030.73302631307,0.0025083631033315885,0.1599112393175145,0.25,0,0.6318604954953579,0.1209739659009287,0,6.462894119990003
B02378,personal,32,loyal,B,med,28500.0,0.3982838884051891,33662.348687519545,0.028100363517208456,1.6835986301081354,0.5,1,0.5802485110564758,0.050994978144199565,0,30.478316837390498
B02379,salary_advance,9,established,B,high,14500.0,0.7208500951449619,18702.165399739468,0.04657360148853652,0.8442201192784955,1.0,0,0.7540494573004969,0.07270731790180729,0,8.160382784511665
B02380,salary_advance,17,established,C,med,35500.0,0.5622269979467471,13938.30803760701,0.11932975397287524,0.04076927604951558,0.1,0,0.5439379597497717,0.11783574015016535,0,13.487863158454072
B02381,personal,10,established,E,med,11000.0,0.3936530667011815,16356.0296865728,0.022062117236942624,-0.3903572032092572,0.1,1,0.43778615091588924,0.18588298713273865,0,10.71441961192714
B02382,personal,12,established,C,med,3500.0,0.38689418302976586,17575.02792554599,0.006420708814521522,0.5616087507496011,0.25,1,0.48458492293483113,0.09641427910351948,1,11.063012780317958
B02383,personal,37,loyal,B,med,10500.0,0.5861258193477699,5455.636984575719,0.09400553837787713,1.2204256293327087,0.5,1,0.6585414293147088,0.04611328759897954,0,35.961501462775516
B02384,personal,17,established,B,med,43500.0,0.5342711451135698,18553.054978932487,0.10438889461794325,0.9967926857008693,1.0,1,0.6929560819342904,0.06998310136796598,1,16.334939868109807
B02385,salary_advance,12,established,D,high,5000.0,0.7020866051641127,39903.02385061167,0.007331175867278607,0.08846148862425696,1.0,1,0.8128217180801612,0.15526955932337796,1,8.665399516565024
B02386,salary_advance,8,established,C,med,3500.0,0.4232869934382079,28042.313827416518,0.004402586290820756,0.5252058564044724,0.5,1,0.5077711156171766,0.09747290363763148,0,9.779815552430028
B02387,personal,5,new,C,med,12500.0,0.566097870648909,23336.09237072864,0.025269238420808273,0.23404040925532643,1.0,1,0.6455664011674306,0.10731224291311095,0,7.419686959378531
B02388,salary_advance,8,established,D,med,8000.0,0.5684938199370876,11025.058893266942,0.03437585990488568,-0.03396502593686196,0.5,1,0.6416848349733253,0.1358188623274988,0,7.880080937520018
B02389,personal,17,established,E,med,2000.0,0.6081156157106163,47940.95788833248,0.0021141130065551426,-1.1349400338027669,0.1,1,0.5894898843357479,0.2527259344187923,1,16.482514255547443
B02390,personal,28,loyal,E,med,4500.0,0.5500837319210927,35649.746321341154,0.005786335689769626,-0.4062710667021233,0.1,1,0.48939393150364513,0.18622248686791387,1,32.191276532115964
B02391,salary_advance,12,established,D,med,5000.0,0.5266614402659329,26712.518587651048,0.008214959815841482,0.10896455745201453,0.1,1,0.5504285342585404,0.1363428880664646,0,14.832639063426042
B02392,personal,39,loyal,B,med,15000.0,0.5344941606885745,8011.348942531162,0.08339640498165947,1.062207139220301,1.0,1,0.7352323582162319,0.05533781191270292,0,39.82657226195534
B02393,personal,11,established,B,med,10500.0,0.5417602750697496,20538.883466243937,0.023080136827550796,1.2589774955721018,0.25,1,0.5312987261529835,0.07049071164226571,0,11.493159115947007
B02394,personal,14,established,E,med,5500.0,0.663612856237967,34150.93048968243,0.008906225630786023,-1.3560472087346207,0.25,1,0.6749167382927883,0.35,0,14.016263156302461
B02395,salary_advance,9,established,D,med,19000.0,0.6871708240490798,26483.785121343928,0.04108251393922468,-0.24734501392998265,1.0,1,0.7884972763698967,0.13485776004280584,0,9.207985686045465
B02396,personal,28,loyal,C,med,5000.0,0.44216895797224587,29898.570159824903,0.006162069451379011,0.04213750293674823,1.0,1,0.5857237116116203,0.10893594556391292,0,26.774708709391362
B02397,personal,52,loyal,B,low,15500.0,0.33641291672674706,39222.090054667584,0.011078791318014862,1.1947170323066438,0.1,1,0.36911253209457884,0.049120398877190316,0,50.571995722071314
B02398,personal,6,new,E,med,7000.0,0.6919945567716831,29293.075512556097,0.013780167646689174,-0.5281105353885002,0.1,1,0.6974217145754982,0.2469160638996306,0,7.224029235228686
B02399,personal,13,established,E,med,7000.0,0.4985101820757356,38457.97125015987,0.007561439066020336,-0.4297323349474719,0.5,1,0.5158902917957325,0.2139817535767931,1,14.26019301026242
B02400,personal,32,loyal,E,med,6000.0,0.5905720505701527,16916.55488351515,0.01745544688728713,-1.0119925771502238,0.25,0,0.5838347525628701,0.3326442902603784,0,34.802016923289955
B02401,salary_advance,7,established,B,med,14500.0,0.46700756137315813,13731.88162244139,0.04109420826958545,0.8334073159732589,0.5,1,0.5214138148585357,0.07537832928022252,0,7.885115865575678
B02402,salary_advance,22,loyal,C,med,40000.0,0.4756615619767723,34980.58160602164,0.045326248653614044,0.5886009254034454,0.5,1,0.5611265624637795,0.08852862964100751,0,21.46272347079794
B02403,salary_advance,32,loyal,C,med,5000.0,0.41541843034753273,39156.61504631694,0.004420479462794785,0.09595496502040357,1.0,1,0.5953139578566647,0.1121776249133528,0,30.594095756518616
B02404,salary_advance,17,established,D,med,3000.0,0.5070159551798493,35790.42174988048,0.0035415617530515863,0.0904867755179034,0.25,1,0.5435147907630902,0.13889942845863923,1,15.56644073738593
B02405,personal,22,loyal,B,med,11000.0,0.5625897739470647,28922.421342298625,0.017830709492866515,1.526995501931263,0.1,1,0.6212813895770699,0.04199222540333815,0,21.482647523482548
B02406,personal,43,loyal,E,med,7000.0,0.597361312309116,22511.40804860861,0.015479296753060666,-0.604886908319843,1.0,1,0.7463736599891444,0.21064415993581645,1,42.251668552584256
B02407,personal,48,loyal,E,med,4500.0,0.6423110220615109,30213.44503031291,0.007972167127297368,-0.4416596311035961,1.0,1,0.7636369111676609,0.23471403252423564,0,51.359546234789754
B02408,personal,15,established,B,med,46000.0,0.46013984491552556,33143.933132338774,0.053218469831768235,1.252252447465621,1.0,1,0.5962738714051308,0.05298197222297527,0,19.00940766780965
B02409,salary_advance,12,established,D,med,22000.0,0.6361941488973744,34255.88302838875,0.0340483396290966,0.4257748280188576,0.25,1,0.690916632586068,0.12322252191722362,0,11.385257154953294
B02410,salary_advance,9,established,B,med,10000.0,0.4674574568755053,112862.6369621166,0.0034515220556147657,1.0197540967119174,0.5,1,0.5633484558717109,0.05190684062484856,0,7.134626247684123
B02411,salary_advance,28,loyal,C,low,10500.0,0.31568655934982803,16212.825701844433,0.017037482824457616,1.1517519100056868,1.0,1,0.5025668876380535,0.08503893604614046,1,27.69172362440888
B02412,personal,7,established,D,med,3000.0,0.5990023741654213,158624.68485442124,0.0009440560507892567,-0.03533455229394842,0.1,1,0.5987433501264484,0.13872070992849467,1,3.2652726015078977
B02413,personal,14,established,E,med,7500.0,0.658873028999716,13477.11579117903,0.030555175862950493,-0.34829911914855655,0.1,1,0.6435317470507887,0.19815462254141755,0,14.951763102105945
B02414,personal,17,established,C,med,14500.0,0.4735364905873032,33260.23437669242,0.017203424354919606,0.8315580224838186,1.0,1,0.6818572227821543,0.08495252467454162,0,19.53435745889104
B02415,personal,12,established,B,med,45000.0,0.6300308383571961,13944.446121568326,0.1694305835629535,1.162336567811155,1.0,1,0.8077039693217949,0.05403418183165918,0,12.804570363968388
B02416,personal,19,loyal,B,med,11000.0,0.4163516107027948,31838.58116512268,0.011987206375964713,1.4841883470160968,0.25,1,0.510733973306694,0.05027304009471216,0,18.150801638463463
B02417,personal,60,loyal,E,med,4000.0,0.6726984537026414,46173.787857613286,0.004856279467310547,-0.7854716336476838,0.5,1,0.7134088642361623,0.2686075805835141,1,59.81558289829984
B02418,personal,15,established,B,med,6500.0,0.6738224100692818,27389.64972951226,0.01332573225258354,1.304911017844329,0.5,1,0.7990292717988905,0.046701756065439,0,15.320454895886204
B02419,salary_advance,12,established,D,med,5000.0,0.5697974200272675,45944.721022617705,0.005167418288624563,-0.00793525419764507,0.25,1,0.5951244260462574,0.13028399671150753,0,11.185980728044862
B02420,personal,28,loyal,E,med,32000.0,0.5632874519000968,21310.9175992902,0.07048499271489005,-0.35502953754483435,0.1,1,0.626958480140101,0.18370735877289632,0,27.17430190805433
B02421,personal,18,established,D,med,19000.0,0.5651564977944984,8713.028580646413,0.10270035421386957,-0.1693276967684734,0.5,1,0.6181120176009697,0.15797198880183935,0,26.65384148122026
B02422,salary_advance,36,loyal,B,med,28000.0,0.6546119992493382,37975.25425990475,0.04022166613539053,1.5811284352487318,0.5,1,0.7415062125746731,0.050450756219800025,0,34.67547417709134
B02423,personal,18,established,C,med,22500.0,0.5822514446835241,27360.375019164116,0.03990155317743012,0.5404641840280625,0.5,1,0.6731748467631077,0.10395855767376576,1,17.40498066836287
B02424,salary_advance,14,established,D,high,3000.0,0.7519529162011988,20665.322252939244,0.009096796398786473,0.09461358814573223,1.0,1,0.8620049314530391,0.1311321914341318,0,9.818147613191659
B02425,salary_advance,6,new,B,med,15500.0,0.5410307487990085,21465.261370127093,0.03255638828781931,1.1876658668779747,1.0,1,0.6465842451183585,0.06188444416621783,0,7.294317150760556
B02426,personal,6,new,C,med,12500.0,0.49155767191695326,33645.00735903101,0.015218877383978867,0.13986058075943492,1.0,1,0.6618161197118186,0.09745045815652331,0,5.415190723471026
B02427,salary_advance,5,new,E,med,4500.0,0.5376867528464887,17188.69031242665,0.011730534942017194,-0.5729714655393743,1.0,0,0.5776178615381781,0.19698103119530316,0,1.1016041546824864
B02428,salary_advance,20,loyal,D,med,8000.0,0.5719304316366146,33070.09389522637,0.011529660473067119,0.04196471704150684,0.25,1,0.6013704047655574,0.14276687410203787,0,21.055298458879086
B02429,salary_advance,7,established,C,low,14500.0,0.33534210253596075,51727.785870375534,0.00783341165190576,0.7602348444216198,1.0,1,0.4987527198865741,0.09288603404376328,0,9.362465977590604
B02430,salary_advance,32,loyal,C,med,41000.0,0.4884815886610231,83536.46979833259,0.019979043467932243,0.6674822641843983,0.1,0,0.5452978323368424,0.08807295201935028,0,31.668678763124746
B02431,salary_advance,16,established,E,med,2000.0,0.5835957371414673,58249.430570663884,0.0016698181465009984,-1.0255051534136364,0.5,1,0.6579196928334804,0.32969059742131784,1,16.17844834220723
B02432,personal,14,established,C,med,42500.0,0.552509391760115,29406.175671793157,0.06654398442209096,0.8471614930695031,0.5,1,0.6285787140526685,0.08394640675983646,0,12.53799150770234
B02433,personal,10,established,E,high,31000.0,0.7581602099570542,30999.17297692243,0.06318170306824433,-0.4802750286244204,0.25,1,0.7315215245015116,0.18770139466340502,0,9.936430631839057
B02434,salary_advance,23,loyal,A,med,55500.0,0.4703905981431294,21587.36157308774,0.10077917623449495,2.3421196479887945,0.1,1,0.46490574731653284,0.02163000812517567,0,19.978456412419195
B02435,salary_advance,10,established,E,med,2000.0,0.435182646279458,20824.721380569,0.003482900909985407,-1.0529899851547109,1.0,1,0.5691895863703023,0.30075709082829416,0,8.34538626739077
B02436,personal,9,established,D,med,5000.0,0.48447646391230786,43460.922897798344,0.004644751649004238,-0.18070859639001138,1.0,1,0.6659286255561293,0.15268532663571657,0,9.721224267444423
B02437,salary_advance,31,loyal,D,med,12000.0,0.5939961393125686,22717.014676514056,0.026147631974137445,0.05002231556077241,1.0,1,0.721141620837335,0.16619670762923638,0,31.728229178756497
B02438,personal,19,loyal,E,med,4500.0,0.6026302594019491,32904.17415110198,0.006868014563683025,-0.5754225203773388,0.5,1,0.6958349326828555,0.18585074893067607,1,17.860159462855517
B02439,salary_advance,14,established,D,high,3000.0,0.7214739295782704,15845.166354387446,0.011383186415371681,-0.13679071675837667,0.5,1,0.783811196332651,0.1629675247271631,0,12.104692287122042
B02440,salary_advance,23,loyal,A,med,19000.0,0.5539262963112395,57163.562612262016,0.015342815057005015,2.5205676090369815,0.5,1,0.603901742754682,0.021203334959781227,1,22.284335743123844
B02441,personal,16,established,D,med,3000.0,0.6483502006625509,22531.031932915404,0.007193969217576995,0.14337017007950356,0.5,1,0.7117771633919548,0.12250905474107575,0,16.242292680544487
B02442,personal,20,loyal,D,med,7000.0,0.5645380017975372,48941.869879892896,0.006728672917280402,-0.3917080387974289,0.1,1,0.5804133745562148,0.17539439885700633,1,23.03419749425654
B02443,personal,10,established,E,high,19000.0,0.7481825683528552,18267.83701717821,0.06484743644132898,-1.828628410337405,0.25,1,0.7508765348075619,0.35,0,8.187585273677882
B02444,personal,51,loyal,E,med,5500.0,0.5535031583295875,17744.115681747182,0.014297074710163747,-1.3213625463476864,0.1,0,0.5574218941094629,0.35,1,50.00065874816999
B02445,personal,11,established,E,med,30500.0,0.6824811427012477,55849.590914181725,0.031059127607537516,-0.5364631441187353,1.0,1,0.7838445116353705,0.1948209839287119,0,6.92692833884263
B02446,personal,38,loyal,D,med,7500.0,0.5486887735759368,19066.64718479861,0.0179858828959908,-0.2336879841386601,0.1,1,0.532870807555353,0.14657713037647072,0,39.023877742761385
B02447,personal,14,established,E,med,7500.0,0.43792633830658806,11357.741515966612,0.02409844959553331,-0.22405070623448545,0.1,0,0.45321398879993097,0.19201512673265878,1,14.05385664853362
B02448,personal,25,loyal,E,high,1500.0,0.7095340749453071,15184.534242381627,0.005840927219263359,-1.8721838004358515,0.5,1,0.7583334420677611,0.35,0,27.48340312436912
B02449,personal,24,loyal,D,med,8500.0,0.6850784985109586,43096.18575229156,0.011260020532546997,0.3083184049534665,0.5,1,0.7757906150778566,0.12888067042506612,0,22.94883651593274
B02450,salary_advance,30,loyal,A,med,7000.0,0.44777516134644424,40877.75468314279,0.006389836708908263,1.7777297751471077,1.0,0,0.4586134737443548,0.039272338982665994,0,31.511173724825795
B02451,salary_advance,10,established,B,med,30000.0,0.6340719022082957,17687.693678883472,0.08962048892859405,1.9728412473641952,0.5,1,0.6342037578809618,0.041093970912946434,0,10.164827867561467
B02452,salary_advance,29,loyal,E,med,25000.0,0.46995204492211506,19006.849902118513,0.051511258588161905,-1.1444461479171393,1.0,1,0.652964493663763,0.3407452344538146,1,26.779571738551155
B02453,salary_advance,45,loyal,D,med,3000.0,0.44919010358780104,38954.8555432851,0.00288276068107016,-0.05139275923915554,0.5,1,0.549287407215156,0.1341296764341916,0,41.02771263686591
B02454,salary_advance,14,established,E,med,2500.0,0.5802877477090547,55478.80305561499,0.0021790895641985945,-0.5042338609745352,0.1,1,0.5668291095909282,0.21402014384561382,0,13.304290350811176
B02455,personal,16,established,C,med,12500.0,0.5222467504216978,25904.196285016704,0.021000729986126947,0.14572142752565,0.5,1,0.5984168723984958,0.11841912343160076,0,15.902785732651418
B02456,personal,12,established,E,med,5500.0,0.5665518309248766,36491.37201548369,0.007115917402714294,-1.2197724678764534,0.1,1,0.5812684870389698,0.3033676570822039,0,9.12631739577778
B02457,personal,13,established,A,med,7000.0,0.5041596015233998,43494.43103082735,0.006761626578818949,1.6822632487266809,1.0,1,0.6506289073594712,0.03101437946901426,0,18.558346611932812
B02458,personal,42,loyal,C,med,5500.0,0.4927564511763864,87917.29108921009,0.002568854249160263,0.44352247168573977,0.5,0,0.5123699719604192,0.09797666267841217,0,39.375448515392236
B02459,personal,9,established,D,med,5000.0,0.53940034710257,14247.77752449221,0.01577440019959049,-0.12314628929921174,1.0,0,0.4839302635330037,0.16609348506146326,0,9.617927270485312
B02460,salary_advance,9,established,A,med,12000.0,0.5087943734655606,18623.92131234602,0.02731940094314481,1.9427137337827776,0.1,1,0.5394691542967709,0.03043630802657572,0,11.440371476873413
B02461,salary_advance,39,loyal,B,med,3500.0,0.4645159758637885,20362.28443000353,0.006653665346800261,0.7339523759166517,0.5,1,0.5323220237970525,0.06986500964061125,0,39.90842743239134
B02462,personal,23,loyal,B,med,14500.0,0.5171876943356639,42409.949927580434,0.014735578130196759,0.8003034064986887,0.25,1,0.5785754673574858,0.06246130448800488,1,23.494482877631057
B02463,personal,52,loyal,E,med,4500.0,0.527840502526638,23422.3331163715,0.008450916800817552,-0.35079827329204916,0.5,1,0.61402877794766,0.23414638038714716,1,49.95959276119365
B02464,personal,12,established,E,med,5500.0,0.5245619997024018,31943.858250582947,0.007526462457277317,-1.3705020650543835,0.5,1,0.6407424833548999,0.35,0,10.416896359600052
B02465,salary_advance,17,established,D,med,7500.0,0.6505863285701832,28767.847155296262,0.01413440683139562,-0.26036163150423075,1.0,1,0.8295413820274534,0.1541647208238685,0,17.1640877024747
B02466,salary_advance,11,established,A,med,8000.0,0.625419795914412,26928.902178761185,0.015483235367034515,2.5369758389448243,0.1,1,0.671189727201071,0.020091508185403423,0,12.63700035706882
B02467,personal,17,established,C,med,23000.0,0.6433583316736332,28540.17765867589,0.043205879227114094,0.6330209482869559,1.0,1,0.7907206537796139,0.11818929337243675,0,17.435229153970923
B02468,personal,6,new,D,med,13000.0,0.5876634336623722,47403.21788323322,0.013430214548636186,0.27453483711105,0.5,1,0.60542751324393,0.12561652132724788,0,9.23706227067413
B02469,personal,23,loyal,D,med,17000.0,0.5262900511350538,15774.940144622542,0.04726341688817648,-0.5763733901851996,0.1,1,0.5601907493096455,0.1508252903375231,0,23.167727751657225
B02470,personal,19,loyal,B,med,10500.0,0.4814814928235841,24793.804812232516,0.01699199898568134,1.3112508009838457,0.25,1,0.5122190940874409,0.07469436619536131,0,22.33695447794939
B02471,salary_advance,15,established,E,high,6000.0,0.7084475589474718,13788.597201181321,0.02568961688455068,-1.0076932743137914,0.1,0,0.7431953223189971,0.2277873074817451,0,15.776595115121491
B02472,salary_advance,13,established,E,med,3500.0,0.4074206526358126,30473.304300024454,0.003899512258844538,-1.217056449682381,0.25,0,0.4417984322930428,0.3107953039500622,0,14.47300513904545
B02473,personal,10,established,E,med,7000.0,0.5572770778253044,24160.132265345237,0.013455153797497187,-0.5588871228816459,0.5,1,0.648336058512272,0.18317893554237666,0,9.969513488814268
B02474,personal,24,loyal,A,med,19000.0,0.5374979164238852,48440.12232303742,0.017568873216210066,2.354490911961448,0.1,0,0.49447345003012383,0.019602180996733956,1,23.530492727583457
B02475,personal,8,established,A,med,12000.0,0.37206176178386463,26831.912652184226,0.013866389869660569,1.8978942323926116,0.1,0,0.4179294819836739,0.033228679366934744,0,7.308596065912473
B02476,personal,21,loyal,C,med,5000.0,0.6066396136315968,21075.963017957736,0.011993117726789649,-0.05123692825054371,0.25,1,0.6430472788708366,0.11233567845706172,0,22.41156907173541
B02477,personal,51,loyal,D,med,4500.0,0.6171077888115604,23489.5160148425,0.00985185989605358,-0.2741990181979842,0.25,1,0.6445102159747381,0.1707292584095188,0,49.00359306488532
B02478,personal,37,loyal,E,med,2000.0,0.49483051770242953,69416.73928507385,0.0011880672270087192,-1.2403620405597797,0.25,1,0.5525909736132576,0.35,0,36.13328051312541
B02479,salary_advance,7,established,C,med,5500.0,0.5539271447376666,11344.129494901714,0.02238014602932124,0.42803072552008437,0.25,1,0.607239840318115,0.09192848778175321,0,9.266797899242263
B02480,personal,12,established,C,med,8500.0,0.4952653652102114,19050.833724473756,0.018414572931431658,0.16201275198811943,0.1,1,0.5354489462712697,0.10468182950959984,0,11.3544982255452
B02481,personal,20,loyal,B,med,45500.0,0.553745349977181,27441.299105115413,0.07651306074422506,1.1895562541969125,1.0,1,0.7319932178126975,0.055618277018090946,0,19.681025386346164
B02482,personal,15,established,B,med,6000.0,0.5902713741230745,18957.699885253587,0.015568116852145715,0.910707513325164,0.1,1,0.5833170802292764,0.0675559749735616,0,15.622387170288281
B02483,personal,7,established,D,med,3000.0,0.6142066244051086,35237.8095486249,0.0043575823261485696,-0.19742191766463293,1.0,1,0.7219692191670637,0.15168120490712034,0,6.864688517194783
B02484,salary_advance,20,loyal,B,med,6500.0,0.513728398802155,26080.234538453053,0.010669748730245615,1.3060278747595844,0.25,1,0.5866038855973037,0.04358930462557274,0,20.705194999229693
B02485,personal,16,established,E,med,4000.0,0.6325195030097327,30970.53960985923,0.006807754627221877,-0.7006388678465361,0.5,1,0.6486951441894135,0.24479293589571616,0,17.49953043668571
B02486,salary_advance,47,loyal,B,med,16000.0,0.3929456633814507,28704.39352146379,0.018252521196223823,1.2870425333606856,1.0,1,0.6391939837580599,0.05707090608405315,0,46.50902583129936
B02487,salary_advance,14,established,D,med,3000.0,0.5697006468814165,25420.851308778947,0.005602690483900844,-0.15723207818455875,1.0,1,0.7015012052625477,0.13869161452747833,0,14.607504950063431
B02488,personal,31,loyal,B,med,60500.0,0.4464271041180787,13227.416281417349,0.1701569378360469,0.8594585159669379,1.0,1,0.6523089074133165,0.06478951812819692,0,31.350572810397203
B02489,personal,8,established,C,med,22000.0,0.6480155930405829,29639.133239675164,0.04008310828910357,0.37850132528536523,0.5,1,0.7307185350540834,0.10897516117765706,0,7.734848981970767
B02490,salary_advance,9,established,C,med,9000.0,0.6120662682015116,10199.817839682755,0.045005676411708495,0.41880362569506424,0.25,1,0.6696796414956788,0.09106261756911142,0,10.359266244924955
B02491,personal,24,loyal,B,med,45500.0,0.5797999816713374,18590.78784951886,0.11825256044186694,1.1945397181593544,1.0,1,0.7881333822561677,0.05794554104333122,0,27.842322163245786
B02492,personal,29,loyal,E,high,8500.0,0.7748593974532083,35209.207613618295,0.015588500198181126,-1.1703990713606856,0.5,1,0.8612567206441762,0.35,1,29.099914472168557
B02493,salary_advance,9,established,E,med,41000.0,0.5722088511312045,51757.6820043664,0.03777307700655302,-0.71491621822094,0.1,0,0.584322520440491,0.23124499145473904,0,8.81134898206872
B02494,salary_advance,16,established,C,med,5000.0,0.5063578119274106,97946.71339503143,0.0021540531001331548,0.07994032644696569,1.0,1,0.7081239339700877,0.11405321665764696,0,17.300410123893528
B02495,personal,7,established,E,med,32000.0,0.6106507465682135,21257.399210307238,0.07660400854959687,-1.443263387673323,1.0,1,0.7376205293036584,0.35,0,6.686370528357463
B02496,personal,14,established,E,med,4500.0,0.42868640818210096,16717.000145041853,0.009616402564665132,-0.40686451455470535,0.1,0,0.4070053368917125,0.18530459568267074,0,13.428443814875411
B02497,personal,26,loyal,D,med,8000.0,0.4146064914966365,35855.63272644893,0.007708811883844808,0.025369704922449776,0.25,0,0.44503304438742186,0.13656855200940118,0,26.5854027177716
B02498,salary_advance,12,established,B,med,49500.0,0.5548393726994634,75243.35312581208,0.030417469680788962,1.6596837866666938,0.5,1,0.5858477135154572,0.04150968089667866,0,11.60858218559574
B02499,personal,14,established,D,med,8500.0,0.423219962166624,62505.48775928523,0.00479607178955514,0.14253370229146237,0.1,0,0.4174338265826688,0.13973435965172648,0,17.663296413452997
B02500,personal,8,established,B,med,6500.0,0.41290076303007645,15225.187946764307,0.014689774652151755,1.029429576063878,0.1,0,0.3638584364365983,0.0647857597440466,0,7.932951613070507
B02501,salary_advance,11,established,C,med,3500.0,0.526120906373063,24902.412041447707,0.006162131233314687,0.6516747188097181,0.5,1,0.6088091681493365,0.08603598518233124,0,14.003111000282901
B02502,salary_advance,43,loyal,D,med,5500.0,0.5204871571257326,42946.13803737978,0.005554786171343061,0.21433272876793463,0.1,1,0.4958925724857826,0.1580709723961886,0,41.59950995914998
B02503,salary_advance,17,established,C,med,9000.0,0.6317409268907505,44615.701777418166,0.010619707329312375,0.48371680774651216,0.1,1,0.6393588385134014,0.11597853770552548,0,20.189039379879375
B02504,personal,9,established,C,med,9500.0,0.5400491051106365,37254.35233219784,0.011476212794330198,0.7294263339321729,0.1,1,0.5820011240244586,0.09153953071765886,0,10.819765934869627
B02505,personal,13,established,B,med,10500.0,0.4330071818533972,21019.13051231571,0.018025545057619066,1.193401326442581,1.0,1,0.5992725676768648,0.05761069505457553,0,15.124593226078119
B02506,salary_advance,6,new,C,med,21000.0,0.6476733846630175,37072.50504185311,0.030573289338842718,0.21768993706556664,1.0,1,0.7773922379430735,0.10565638014539885,0,6.292937094747727
B02507,salary_advance,9,established,E,high,2000.0,0.7028994359038326,44852.87386458456,0.0026118706760610193,-1.2975106438529442,0.5,0,0.7015289436302059,0.35,1,11.313772212435538
B02508,personal,34,loyal,E,med,13500.0,0.500961575617562,16113.117300144644,0.03497658225107678,-1.317802257421902,0.25,1,0.5459101287933547,0.3411386872567935,1,33.6256266710723
B02509,salary_advance,15,established,D,med,8000.0,0.5895363038688688,55917.336459801845,0.0070286645870871415,0.023587389883113097,0.1,1,0.6079222190520909,0.12936053211873608,0,14.564763369618877
B02510,personal,46,loyal,E,med,6500.0,0.5937897720856987,46424.27329007757,0.006928188720084167,-1.937901501147973,0.5,1,0.7381877253548759,0.35,0,46.46561016711209
B02511,personal,15,established,A,med,17500.0,0.4131974067850498,17888.640389390177,0.03368503913348961,1.7951044657368305,1.0,1,0.6057958516056652,0.03015556553461266,0,14.311886744414087
B02512,personal,16,established,C,high,40000.0,0.7130999859703054,44743.45274379033,0.053125089984573014,0.5969332313997334,1.0,1,0.7486587302320731,0.10444398331334462,0,18.25855701149896
B02513,personal,23,loyal,E,med,3000.0,0.5930234332874982,42075.146903328234,0.0035235969267678824,-0.23566700949724473,1.0,1,0.7369583896867767,0.18283939955325562,0,25.066327693061595
B02514,personal,3,new,E,med,5000.0,0.624086928588402,42964.69277033684,0.006052323512125717,-1.4596475940087958,0.5,1,0.7129577230661712,0.35,1,2.3134285533203887
B02515,salary_advance,18,established,B,med,47000.0,0.5128675711927694,64009.39701624293,0.03138181914126266,1.37811909597611,0.1,0,0.4484698672004709,0.04843805289595466,0,18.9999669310635
B02516,personal,16,established,E,high,8500.0,0.7017470035940009,26748.83022634163,0.018582898392428146,-1.1136371556510056,0.5,1,0.7583617043208971,0.27777831859080376,1,14.7871741266889
B02517,personal,37,loyal,D,med,2500.0,0.5241067661732617,32284.31293866881,0.0033821041763180157,-0.6182267636010524,0.5,1,0.6131441648936238,0.16881932251451479,0,37.931237511011425
B02518,personal,27,loyal,D,med,11000.0,0.5298959868699137,6302.48613829563,0.07707085383537945,-0.3659459400266918,1.0,1,0.6907205084298881,0.15434971623594132,0,24.80360955271296
B02519,personal,8,established,C,med,20500.0,0.6235676418178007,49697.13095306428,0.021435068135250698,0.11408741457432525,0.1,0,0.6042888977362589,0.11832680776945935,0,5.835270830151246
B02520,personal,32,loyal,B,med,6500.0,0.3702703796508089,47135.06720722142,0.004255072373804256,1.0207974391473984,0.25,1,0.4167467807351442,0.057236546864729905,0,34.8878433918144
B02521,personal,14,established,B,med,15500.0,0.6098974604398131,56716.41010206942,0.01388988157602053,1.192672233415663,1.0,1,0.7535622547082812,0.05894663506275322,0,11.341545069540178
B02522,personal,9,established,B,med,25000.0,0.36281782743840907,16071.869328131483,0.047030650784783135,1.0449712989467017,1.0,1,0.5417737214270365,0.07132568882008768,0,9.310614636223278
B02523,salary_advance,18,established,C,med,8500.0,0.5256735617900301,45666.71443608735,0.00815368722856254,0.3507737092347416,0.1,1,0.5047571522496728,0.10741484414265656,0,16.668589104129484
B02524,salary_advance,14,established,B,med,6500.0,0.3508808029551595,47113.37043340844,0.004034108219930525,1.3705219737563339,0.25,0,0.33097414330524777,0.059883311868390576,0,13.760837850379545
B02525,personal,38,loyal,D,med,7500.0,0.47408052164661535,18807.21521069447,0.015754609212992224,-0.2709996139763603,0.5,1,0.5786507262089431,0.15615957759109805,0,32.556848127304164
B02526,salary_advance,19,loyal,E,high,6000.0,0.7355929039321618,48087.63886582499,0.007648461447489931,-1.0708660144619664,0.25,1,0.7664915832150105,0.28698050887017257,1,15.427409819738035
B02527,salary_advance,18,established,D,med,7500.0,0.680181779734759,34706.15719832608,0.012248939284892311,-0.32113107171050814,0.1,1,0.6892682430118774,0.17730900516017215,0,17.576698359650806
B02528,salary_advance,26,loyal,D,med,12000.0,0.6800009215313381,10573.366505826778,0.06431262182736243,-0.05626051427628742,1.0,1,0.7943704215088092,0.16961608061099837,0,27.083570287240523
B02529,salary_advance,29,loyal,D,med,8000.0,0.41791055318385917,37103.420876498836,0.00750893122182097,0.11801292820082321,1.0,1,0.6088057470043706,0.13188110012627507,1,29.45744675754024
B02530,salary_advance,25,loyal,D,med,19000.0,0.47373299211798764,17641.973948002076,0.042516627659179386,-0.20937472924188916,0.25,1,0.4976521791622115,0.1677028112280567,0,25.16072604180887
B02531,salary_advance,35,loyal,C,med,21500.0,0.583810323232938,10702.5514678527,0.09773309653629814,0.2888904224202879,0.5,0,0.6225902686489695,0.09163913361170123,0,31.858674804848718
B02532,salary_advance,22,loyal,B,med,27000.0,0.5749773880673561,32912.384732632,0.03930736510468879,1.370017214093578,0.25,1,0.5500267472461255,0.043127857819286256,0,20.332674896295423
B02533,personal,18,established,B,med,11500.0,0.41207172764256406,25953.66503981723,0.015215657276853908,1.7152571026625716,0.25,1,0.43220975856379384,0.04337303036821459,0,17.75521247508217
B02534,salary_advance,32,loyal,E,med,4000.0,0.5555982759586167,58226.59360014198,0.003180667352642235,-0.9753464742590231,0.5,1,0.6387766858653953,0.21716630497766282,1,28.623464849931423
B02535,personal,15,established,E,med,8000.0,0.528873125810727,29730.99896202983,0.011859072893047051,-1.2877346269007441,0.1,1,0.5494490498529857,0.35,0,13.704608069051599
B02536,salary_advance,16,established,E,high,2500.0,0.7373934838011644,41282.15609212589,0.003721308599186221,-0.44144625872816756,0.25,0,0.7284575774022148,0.20589963654937388,0,16.62648597524206
B02537,personal,42,loyal,B,med,10500.0,0.46534537961538536,35590.89591205909,0.011440487707012186,1.1657418774365929,0.25,1,0.4743574047539517,0.05200502785964645,0,41.57358365514471
B02538,personal,40,loyal,C,med,3000.0,0.5592862501430128,47170.62117651479,0.0029641662341594785,0.19505255702695032,0.25,1,0.5931593628313323,0.11001361637680804,0,36.51665412636893
B02539,personal,16,established,E,med,6500.0,0.6193022702220284,16522.460228461478,0.020302993121594098,-0.7241092231036228,0.5,1,0.67829386850844,0.28902709856551084,0,16.309263867639565
B02540,personal,12,established,C,med,14000.0,0.6421539690451783,30007.2754595931,0.02496659956887892,0.7167330077054214,1.0,1,0.7286685440951254,0.09997411823596905,0,11.874325609541925
B02541,personal,36,loyal,B,med,10500.0,0.41094383754337926,24899.307063993492,0.014441199384638058,1.356390266341969,0.25,0,0.3849371334742979,0.048760382652184346,0,35.173674578559066
B02542,personal,25,loyal,C,med,9000.0,0.6602658551003329,38542.84894906455,0.012848022521108117,0.38124004057636984,0.25,1,0.7162585786877329,0.10872170417547122,1,22.716179839640457
B02543,personal,19,loyal,D,med,4500.0,0.45983278726312804,30967.612901267552,0.005568310859911804,-0.4162192266205438,0.25,1,0.4848652270696218,0.17607914972524824,0,15.1227914809253
B02544,personal,13,established,C,med,5500.0,0.6648202318178846,19192.58285431148,0.015876407840963398,0.27027956723539276,0.1,1,0.6648072707650602,0.11820699731404175,0,13.111728712567118
B02545,personal,19,loyal,C,med,8500.0,0.38847214799788615,22340.05541268781,0.012317237644013362,0.16673179154743314,0.1,0,0.40865605511006103,0.11478115555533326,0,20.006188207596313
B02546,salary_advance,16,established,D,med,20500.0,0.5514755310076843,66614.42933186254,0.014142642091020764,0.1089867562145394,0.5,1,0.6029255310424738,0.1296090128169369,0,18.852512550619842
B02547,personal,11,established,E,high,30500.0,0.7412681492314711,10594.675949267046,0.177830502318824,-0.5124002186018363,0.5,1,0.7670788786596465,0.25107062601584273,1,10.131975905844298
B02548,personal,17,established,B,med,43000.0,0.5925955201970057,39741.47329522007,0.05343202213294237,0.9249832473220889,0.25,1,0.6632765155917367,0.06910123905125902,0,18.414180561222288
B02549,personal,19,loyal,B,med,3500.0,0.5765456461725063,53252.25676319668,0.0031577844211952955,0.6498802263267939,0.1,1,0.5880166766823541,0.07518781610087101,0,20.59627930494584
B02550,personal,13,established,B,med,6500.0,0.41379989193683075,36988.42977268162,0.006059776246516775,1.0357008818896303,0.5,1,0.5241153814357109,0.05288496094843633,0,11.908240296711858
B02551,personal,27,loyal,A,med,11500.0,0.41682327565596794,79543.11957640291,0.005021875446896657,1.7363261454781256,0.25,1,0.5187888067448645,0.03708296484440037,0,30.945761221718683
B02552,salary_advance,33,loyal,B,med,15500.0,0.6414066703305282,45079.532871633935,0.018378265325036634,1.2089807688666405,1.0,1,0.7798350972758681,0.05012702759995303,0,35.76632474922921
B02553,salary_advance,28,loyal,D,med,12500.0,0.6019511581357366,33231.98326569296,0.01886834292669825,0.243522885114848,0.1,1,0.6542099438298894,0.12238845921969364,0,26.715786789262175
B02554,personal,14,established,B,med,25000.0,0.6047898309289619,20812.28555217177,0.060540146409045315,1.0403262322197848,1.0,1,0.7773512185002485,0.050825099637560996,0,15.090837334417063
B02555,salary_advance,24,loyal,B,med,10500.0,0.5194370242716049,33572.65233536906,0.01353802469037655,1.2156647022783544,0.25,1,0.5508989040321075,0.061238954153264136,0,22.74916686262326
B02556,personal,17,established,A,med,13000.0,0.4266326363618852,39140.97127715459,0.011808223990815289,2.603367776807639,0.5,1,0.5289749079566793,0.015188864207365338,0,15.215159284409562
B02557,personal,8,established,C,med,54000.0,0.6264087099137894,26955.030877303954,0.10457562476715639,0.3101028884946864,0.25,1,0.6482162965996581,0.11338287554054106,0,9.928791867034825
B02558,personal,23,loyal,B,med,6500.0,0.54194903143155,17880.130813919623,0.016417985327614276,1.0976880390140837,0.25,1,0.5977100798916171,0.0582069762638899,0,22.461101633168624
B02559,personal,17,established,D,med,21500.0,0.5399257762360531,13872.691323853103,0.06973174802015115,0.2904238912960317,1.0,1,0.754091045379365,0.143182860701348,1,16.40303558965488
B02560,personal,60,loyal,C,med,13000.0,0.4127288569466556,29791.362663067946,0.015008475222020331,0.30090140813188193,0.1,1,0.4410748660336631,0.11608452819110503,0,59.210780762893855
B02561,salary_advance,36,loyal,D,med,5500.0,0.639108145699205,11918.249618130687,0.024577817730314155,0.4912084504124336,0.5,0,0.644522914837906,0.1272265798188902,1,35.126561653193946
B02562,salary_advance,24,loyal,B,med,44000.0,0.5631191735423794,20757.26367019554,0.09947218168035504,1.044243844658567,0.25,1,0.6125722827857416,0.06891376826511605,0,23.962472822386204
B02563,personal,18,established,C,med,22500.0,0.48435633912717074,7062.417832266878,0.12859167461236765,0.5211757518138552,0.1,0,0.4959874170554857,0.11617221781203366,0,18.529140756340695
B02564,personal,17,established,B,med,26000.0,0.6287522802710137,42538.302795800715,0.03202517537649259,1.154387899644425,1.0,1,0.7324324086508555,0.05664978284498931,0,15.52962073146927
B02565,personal,9,established,C,med,5500.0,0.5769437376551424,50752.9838395748,0.005210187193350422,0.3088505583037643,1.0,1,0.7204212532142165,0.11808431873430496,0,8.418638106984123
B02566,personal,6,new,E,med,4500.0,0.6197369147139635,28097.09398708805,0.008271365826107702,-0.46288917542522895,0.1,0,0.6247271654714924,0.2272776041120254,0,8.753752948264287
B02567,personal,10,established,E,med,11000.0,0.668758539575846,73666.42914296122,0.008321682867078854,-0.3268539965989834,0.5,1,0.7323030949982512,0.19997828096719902,1,10.489143282913533
B02568,salary_advance,16,established,E,med,2500.0,0.6810566980199925,56447.298601406816,0.0025136156309163433,-0.9729369429031808,0.25,1,0.6981367993849311,0.29041803976525565,1,16.020689211533334
B02569,salary_advance,5,new,A,med,4000.0,0.5216740538423615,35027.26871717867,0.004964456483456971,1.6612138435723098,0.5,1,0.6362710247196872,0.03692572795218957,0,4.135568250688691
B02570,personal,12,established,E,med,7000.0,0.576287665425749,25279.07105891154,0.013298265749095985,-0.5411736135208487,1.0,1,0.7065178948928772,0.20362033155171064,1,12.1713849668905
B02571,personal,14,established,B,high,3500.0,0.7084788529047416,22199.63296496945,0.009308246931677774,0.9674404601379066,1.0,1,0.8286967236097623,0.07931613874373358,0,11.853547217257844
B02572,salary_advance,14,established,C,med,14000.0,0.46644356677583576,36657.38145155077,0.01484514549839603,0.6265508574425336,0.25,1,0.5033103094986726,0.1061503080064914,0,11.320586376949688
B02573,salary_advance,11,established,B,med,9500.0,0.608317664277369,24892.584765227934,0.019346517129295287,0.6537318308394069,0.25,1,0.6669691950252767,0.07983423096500643,0,10.961745779380069
B02574,personal,13,established,D,med,3000.0,0.5632316185819712,36370.98465581325,0.003871435045764899,-0.11744787527233685,1.0,1,0.7724961041281326,0.1404287890540369,0,15.377958788233606
B02575,personal,42,loyal,D,med,7000.0,0.6279957828815131,37886.4757723384,0.009669172597336543,-0.38779888862667333,0.25,1,0.6251221596917522,0.1671459529212946,0,41.13608802406905
B02576,salary_advance,23,loyal,E,med,3000.0,0.6938384557800001,23711.878727861364,0.0073153045330476354,-0.21853540049197506,0.5,1,0.7853360282436874,0.18395327679965526,1,22.916589064028475
B02577,salary_advance,12,established,A,med,4500.0,0.4441318941203352,49152.46115041991,0.0033884256535077458,2.0784653888049367,0.1,0,0.4300667086539958,0.023983419576330947,0,10.4313153556418
B02578,personal,15,established,D,med,8000.0,0.6215539379233792,23725.289095323955,0.017465300013165614,0.11396107883724602,1.0,1,0.7357196251552431,0.14501752107653684,1,15.759554825779395
B02579,salary_advance,16,established,B,med,11000.0,0.5272936821986488,27220.787364844015,0.017756743606898155,1.4752677461876509,0.5,0,0.528146645540407,0.04870122342166728,0,14.447269284611842
B02580,personal,10,established,B,med,6500.0,0.4398329646783347,15714.851031776807,0.015160363619463102,1.384906937645251,1.0,1,0.6076693746876194,0.04483330169962119,0,7.728344613362136
B02581,salary_advance,10,established,E,med,12000.0,0.6905222721585001,23182.68159107694,0.029786125882188003,-0.060846930099214214,0.25,1,0.7163372830748822,0.18039092129705192,0,8.984063883781829
B02582,personal,28,loyal,B,med,9500.0,0.5967329614792534,88168.86285286845,0.005358054751060448,0.8235057659278442,0.25,0,0.5503851948557115,0.061842980259389856,1,27.92754946757862
B02583,personal,13,established,D,med,8000.0,0.5260183657992326,16395.913191561074,0.02138819024202416,0.045010775491347736,0.25,0,0.5344570892383925,0.1694782849842449,0,13.861446204074246
B02584,personal,9,established,E,high,5500.0,0.7258001715317549,34226.03183253442,0.009719456043859499,-1.1572138030168888,1.0,1,0.8559489235116751,0.31679601641916155,0,8.647236779578828
B02585,personal,16,established,D,med,11500.0,0.48933855428264494,20952.848155759566,0.02238117912983088,-0.18547997590425605,0.5,1,0.5018872224741192,0.12418723163773103,0,16.334254343471542
B02586,personal,17,established,C,med,9000.0,0.5391181962355952,7961.352481696212,0.05078768313628915,0.5875065902392275,0.5,1,0.634177003485909,0.11298581881844481,1,15.557205272832519
B02587,personal,5,new,E,med,4000.0,0.5736782691876436,36586.46831318224,0.005226688952109518,-0.8490292550108578,0.5,1,0.6700287441015244,0.2824191604713432,0,3.544625495805949
B02588,personal,16,established,D,med,11000.0,0.6534130863006646,19813.754705185143,0.030229605881759724,-0.32484319537186124,0.1,1,0.6472730218131348,0.16964926339462255,0,14.862261408757226
B02589,personal,26,loyal,C,med,21000.0,0.5067224665995668,32063.470452766032,0.027656529503116933,0.2266331446143549,0.1,0,0.4760619695359416,0.10551960147868483,0,28.17184082472972
B02590,salary_advance,21,loyal,A,med,5000.0,0.5204046231901981,46367.09974128932,0.004676489598712026,2.8615293313101033,0.5,1,0.5903098387438486,0.015,0,22.488872564023055
B02591,salary_advance,56,loyal,E,med,8500.0,0.6846860056814553,30608.380142194073,0.01584487380377477,-1.0840489371044395,0.1,0,0.7518966556294501,0.35,0,55.28543547427216
B02592,salary_advance,32,loyal,B,med,26500.0,0.4714841120125187,32227.14424034207,0.03230798462716225,1.251643299027259,0.25,0,0.4608396750178641,0.047317382726891136,0,34.292330798852255
B02593,personal,36,loyal,C,high,3000.0,0.7238719978143465,16691.135380043124,0.010842162341452358,0.14666092274783515,0.1,0,0.7215220327481335,0.10772429148885272,0,34.592572465604405
B02594,personal,60,loyal,D,med,33000.0,0.5062918259977586,39686.007493776335,0.03508295768255803,-0.24065490850243365,0.25,1,0.5701367132635397,0.174328512262386,0,57.64038547142518
B02595,salary_advance,24,loyal,B,med,9000.0,0.402611688543897,24237.923987010312,0.012458111782582937,0.47212429284373464,1.0,1,0.6275414336708265,0.079658967763216,1,25.84170913552692
B02596,personal,17,established,B,med,14000.0,0.6176905158453146,8963.035803916413,0.08040121125455983,0.667376243833423,0.1,0,0.6376155990642993,0.07484776393526524,0,15.682521570314062
B02597,personal,28,loyal,B,low,45000.0,0.3112923700102686,42403.42582822436,0.02752953009663441,1.1245235940205607,0.25,1,0.3808410888444255,0.06871488232162244,0,25.745425970154393
B02598,salary_advance,12,established,C,med,56500.0,0.6828352617101948,50168.39717611097,0.06408448754301477,0.5360171224347531,0.1,1,0.6908539941995743,0.10101630438123722,0,10.064886630474419
B02599,salary_advance,17,established,B,med,11000.0,0.5115405547781972,60755.770877359275,0.007717985772246833,1.442741316456627,1.0,1,0.6680523697180318,0.043760132084420894,0,17.51205272389069
B02600,personal,11,established,B,med,16000.0,0.3694827245422482,88783.19373464813,0.005548838828612004,1.2688329951005763,0.1,0,0.3104481775396415,0.05336482046030484,0,6.829108248800155
B02601,salary_advance,20,loyal,A,med,7000.0,0.4025821263200143,41169.130763553636,0.005704263590976146,1.5663759419506142,1.0,1,0.6128096732972804,0.03924896884949852,1,19.98361468305341
B02602,personal,11,established,E,med,4500.0,0.4333085156587619,35692.10035721683,0.00455256742376554,-0.5461924511472189,0.1,0,0.3939014777161344,0.2066830956103423,0,9.644473069844251
B02603,salary_advance,11,established,B,med,24000.0,0.5646458896790484,49038.023113140014,0.023028900996938776,0.8444415492128765,0.5,1,0.6288356542809804,0.06710419076558756,0,12.004306705470928
B02604,personal,20,loyal,B,med,10000.0,0.3934834421244851,16517.119530722077,0.019852303413265666,0.8992006591385695,0.5,1,0.5309707395049935,0.06590545412592053,0,21.36518044371924
B02605,personal,15,established,E,med,16000.0,0.6545427230582079,10725.90167872099,0.08136599205227334,-0.8156314336465517,1.0,1,0.7330529002527177,0.23177510388915476,1,18.089692403206087
B02606,personal,5,new,E,med,1500.0,0.6320417969969748,20694.953459889097,0.0038176082288732646,-1.9194388940542582,0.1,1,0.698132998751585,0.35,0,4.479114804745666
B02607,personal,7,established,E,med,3000.0,0.6196989658917366,54311.1213238198,0.0028525417575016475,-2.0227756213745556,0.25,0,0.6009755372391978,0.35,1,8.577670665299856
B02608,salary_advance,8,established,C,med,5500.0,0.5982609414745034,18702.18193961075,0.014661547641582529,0.4198554901121516,1.0,1,0.7464271726519978,0.1149283656319648,0,9.51983473211579
B02609,personal,10,established,C,med,8500.0,0.6117989887084984,34755.24668067184,0.0124688402008337,0.29803971486691816,0.25,0,0.6533107317614714,0.10036385661373305,0,6.616558063505063
B02610,salary_advance,20,loyal,D,med,2500.0,0.6913063943303464,36875.90060364278,0.003905590456854133,-0.4317815776524143,0.1,0,0.6893768627095044,0.16629105920675738,1,20.761758115076198
B02611,salary_advance,18,established,B,med,11000.0,0.44042608053481297,30771.549532427,0.013120038259089566,1.3960323325513624,0.25,1,0.4819270312702494,0.04696634308889051,0,15.383024062598516
B02612,personal,29,loyal,D,med,57000.0,0.5418353442580427,13323.733593863975,0.19316791851879908,0.5522181492964122,1.0,1,0.7417820705973036,0.12498008000558827,1,30.32573671933767
B02613,salary_advance,24,loyal,A,med,30500.0,0.4115812446690345,32483.519921192652,0.032204094037172754,2.0994526149153527,0.5,1,0.5687435709009176,0.023232635854009004,0,23.77240631539667
B02614,personal,29,loyal,B,med,14500.0,0.546931790907846,21335.88327270056,0.03097485609415775,0.770535869983591,0.25,1,0.5558243826224749,0.07733360426993402,0,28.93964935721492
B02615,personal,22,loyal,E,med,4000.0,0.5256213521456595,68636.08224708843,0.002552696943732083,-0.6663335718791513,0.25,1,0.5705924568902883,0.22788218213084363,0,22.645688199963153
B02616,personal,18,established,C,med,9000.0,0.5028082137516546,50276.0024921632,0.007500718864283665,0.45828121329014887,0.25,1,0.5777251173101934,0.09922769462655029,0,17.828040501742517
B02617,salary_advance,30,loyal,B,med,16500.0,0.46044307742439644,21753.692848598203,0.029103529035960547,1.4201106948721014,0.5,1,0.5502436140777162,0.044115513639904264,0,34.576881666861034
B02618,salary_advance,27,loyal,D,med,3000.0,0.5885535595759432,71051.13181028973,0.0020708803103496377,0.20237641411299423,0.25,0,0.5594392302781137,0.14200232534372376,0,28.417323366173413
B02619,salary_advance,20,loyal,E,med,6500.0,0.6048775502925566,32501.492005008895,0.010080829715693494,-0.6920929973098752,0.1,1,0.630579956385035,0.24166877744874393,0,20.32063833717912
B02620,salary_advance,33,loyal,C,med,42500.0,0.5785246601569707,10727.86571573206,0.19099246383350044,0.8502960643066062,0.5,1,0.7105856740432182,0.08348734160003324,0,34.15214926531543
B02621,salary_advance,4,new,E,med,2000.0,0.6120425976222493,25769.118444254666,0.0039585017168661096,-1.0008446353161848,0.25,1,0.6584231079555387,0.29715655139798247,0,5.109871662136797
B02622,personal,14,established,B,med,45000.0,0.4585799565238388,66131.65854205581,0.026003806268835437,1.1208876630611317,0.5,1,0.5777785167940956,0.06794696359643411,0,12.9107514415925
B02623,salary_advance,13,established,E,med,5000.0,0.5927347567906074,17138.605397218424,0.014410321587163863,-0.057176680426592574,0.1,0,0.6294722970470017,0.18038534233881048,0,11.65582620117466
B02624,personal,30,loyal,A,med,7500.0,0.384731408161223,25912.170794955084,0.00927969840904181,2.124601106493299,0.5,1,0.5392194437578005,0.03210057170147275,0,31.85585903277248
B02625,personal,39,loyal,E,high,3000.0,0.7029294600160814,12734.683384027108,0.013799507981834741,-1.7241586675188358,0.5,1,0.7227872150657693,0.35,0,38.39746812210106
B02626,personal,7,established,D,med,36000.0,0.5351325456601267,13896.285711432944,0.11552710345179254,0.134795604145148,0.1,1,0.5685681461545541,0.15033512078473424,0,5.71915822588794
B02627,personal,35,loyal,A,med,17500.0,0.5056754987763195,17003.392141231096,0.04337037160527857,1.8293926401013203,1.0,1,0.7016952407761637,0.03060820465999579,0,33.33889782529655
B02628,personal,8,established,E,med,9500.0,0.6374763146352547,13696.984325571268,0.036845245427058256,-0.8903043158872967,0.1,1,0.6693405629403882,0.2857441247407691,1,5.810817601080563
B02629,personal,8,established,D,high,7500.0,0.7214081102207439,19147.917719329915,0.02354721152957532,-0.15920093562703552,0.1,1,0.7733868225295961,0.1739174526971855,0,8.094906854425215
B02630,personal,14,established,E,med,18000.0,0.6298498650928449,69986.37130798041,0.013499411099365519,-0.40303571436404395,0.5,1,0.690801677374157,0.23696790094802933,0,15.246401274098474
B02631,personal,13,established,E,med,6500.0,0.6067469801826239,26374.689249526844,0.012460985271001208,-0.6837676421522828,0.25,1,0.5945185151458698,0.20361183793728463,0,13.416892394543668
B02632,salary_advance,6,new,C,med,14000.0,0.4707250214406922,41441.45285253731,0.013251929019838486,0.5946226411142813,1.0,1,0.6727497885145085,0.09781544799319258,0,4.172021244423724
B02633,salary_advance,23,loyal,E,med,10500.0,0.6678888637089593,49038.59692139796,0.011917199765769309,-0.5454216009991038,0.1,1,0.6855835124332479,0.1917696502291912,0,25.563463465870328
B02634,personal,23,loyal,D,med,21500.0,0.5274280154072155,14623.132100517898,0.06462194198722951,0.2890312186697744,0.25,1,0.5724081567128542,0.12251839929238556,1,19.093687974942302
B02635,personal,29,loyal,B,med,14500.0,0.37440428927069236,17028.91691808082,0.02656687944659606,0.9159942376845734,0.1,0,0.32713169395313785,0.06844612397996969,0,27.900120931394305
B02636,personal,12,established,D,med,3000.0,0.5602349034763057,40994.791461966095,0.0034165005083394377,-0.2150937113866431,0.5,1,0.6578946190975467,0.17577337130176618,1,13.031343416876503
B02637,personal,16,established,E,med,15000.0,0.6331687675877365,18980.062155874683,0.041699597871954215,-1.0002041999857756,1.0,1,0.7828998968778443,0.23841713845072468,0,17.446307147579425
B02638,salary_advance,16,established,B,med,6500.0,0.42379904204611657,39528.331398922055,0.005807424860031065,1.3801853986015016,0.5,1,0.47863611158584407,0.05446597821073423,0,16.933592165374833
B02639,personal,41,loyal,B,med,64000.0,0.5034519178054726,67678.7369196141,0.03967386238534179,1.13025696161685,0.25,1,0.5099564136743482,0.061237113772030345,1,41.877727103359646
B02640,salary_advance,3,new,E,med,6000.0,0.6160739095185923,12082.814248221697,0.025493808679929994,-1.0411871713037413,1.0,1,0.768845339732441,0.29066387385426623,0,3.225114445314295
B02641,salary_advance,9,established,E,med,2500.0,0.6188354225034987,22107.809816370747,0.005831606451554862,-0.9441075650225413,0.1,1,0.6312417022061206,0.3307102801822976,1,8.311236180955873
B02642,personal,16,established,E,high,4000.0,0.7244068160740018,24123.71703770835,0.010009607487680615,-0.9519244159938243,0.1,1,0.7080042439373077,0.2595638357557236,0,15.269936842769484
B02643,salary_advance,9,established,B,med,10000.0,0.3962005381908904,20140.71066530178,0.01639302210561438,0.8952731654872153,0.5,1,0.44340771087505526,0.07518497201934692,0,10.49261957471264
B02644,personal,14,established,C,high,8500.0,0.7370682705186881,19256.69933036739,0.027112124253163825,0.27557289896254566,0.1,1,0.7155272620610448,0.1172021146147071,1,12.939440434449532
B02645,salary_advance,15,established,B,med,25500.0,0.5115475781187083,20523.65806944835,0.05296514879676484,1.140082712445714,0.5,1,0.6164121502906305,0.06069012494627207,0,14.320721082769252
B02646,salary_advance,11,established,E,med,12000.0,0.6273098255652709,26678.468630397878,0.023513711909629777,0.023849781949385085,0.25,1,0.6421665759945369,0.18437217803814301,0,12.985323997237414
B02647,salary_advance,17,established,E,med,4500.0,0.6092752879931617,29456.993786374725,0.007756332321430497,-0.5747342375001071,0.1,1,0.5832117984967999,0.21384461101797653,0,18.998168406184085
B02648,salary_advance,23,loyal,A,low,11500.0,0.32672992191233163,45450.357413297555,0.00688919060236862,1.668846488414499,1.0,1,0.5404773993776459,0.03544750169271399,0,22.37486116547891
B02649,salary_advance,14,established,E,med,19000.0,0.4777929340732246,26534.066963346882,0.02851072472208196,-0.203448513451164,1.0,1,0.6326903725050134,0.20645408810089907,1,14.570264949332195
B02650,salary_advance,12,established,C,med,39500.0,0.48882114035593355,49761.46762330177,0.03233498388456196,0.5365480558539786,0.5,1,0.5931174533204717,0.09093933764346022,1,12.757946600377814
B02651,personal,15,established,E,high,5000.0,0.729740334633581,19428.764590828505,0.015649912856915523,-1.5499248391153742,0.5,1,0.7936788183845038,0.3266577827013951,0,20.09233131877005
B02652,salary_advance,16,established,D,med,33000.0,0.4390306507644423,13894.528927704072,0.08689278318712428,-0.2198104243227993,0.5,1,0.5086658395703091,0.15131970542399473,0,17.386198617118698
B02653,salary_advance,6,new,B,med,4000.0,0.4193335053281169,22751.47553764512,0.006143682192308479,1.3593963209415132,0.5,1,0.5457733636073419,0.041388810340533155,0,7.19894294007405
B02654,personal,21,loyal,D,med,11000.0,0.5948944615652256,34695.69726135164,0.01571722046666869,-0.31627456666985754,0.5,1,0.6702239495842588,0.1417097425865783,1,20.135140042212342
B02655,salary_advance,12,established,B,med,26000.0,0.5601955851851301,43185.35390318282,0.02810575789087126,1.1645038214514996,0.5,1,0.6100466903421399,0.0549777196256373,0,13.90995230464659
B02656,personal,32,loyal,E,med,4500.0,0.6988318282058807,60061.749606621146,0.004363208486159648,-1.9310196961881938,0.1,0,0.6687334334659567,0.35,0,33.819379639250805
B02657,personal,22,loyal,E,med,3000.0,0.4806247071125507,31558.876238824632,0.0038073655053128316,-0.15939165964318602,0.25,0,0.44796199445269536,0.18430659576315964,0,25.971002425701734
B02658,personal,31,loyal,D,med,12500.0,0.3992872896590962,40707.36458958536,0.01021742046568078,0.22864535412186746,0.5,1,0.4575762701621331,0.13011545670371075,0,30.80788470428156
B02659,personal,9,established,A,med,11500.0,0.5433773688308335,57115.376611369225,0.009117275872534341,1.7425403033424056,1.0,1,0.7100178314006921,0.03940787916955623,0,8.196735413323147
B02660,salary_advance,13,established,E,high,4000.0,0.7327305090852563,17525.534417618488,0.013936436813183843,-0.8190628800144518,1.0,1,0.8122052657419536,0.22482298460313463,0,13.18268040217542
B02661,personal,8,established,C,med,6000.0,0.5023605808249254,23966.743247334398,0.01048036805920217,0.6709932954470896,0.5,1,0.6069443146265892,0.09642406784489639,0,10.81590262244487
B02662,personal,11,established,B,med,15000.0,0.40657970884030364,123500.7200988544,0.00411515524479192,1.0569317812487937,0.1,1,0.4002431979727599,0.07658290888153012,0,15.719726364675747
B02663,personal,32,loyal,E,med,4500.0,0.5423803435325344,43088.6076836146,0.0047203342080149166,-0.3214896472442744,0.5,1,0.6261062541800202,0.18731556671773333,0,34.98207254405254
B02664,personal,37,loyal,D,med,8000.0,0.6051817935914644,35627.93035556684,0.011324107941003001,0.026476051227310227,0.1,1,0.625817007748218,0.1468997089607131,0,39.872655577030486
B02665,salary_advance,8,established,C,med,56000.0,0.5185655507317833,43981.74605255116,0.05502220323836564,0.4916287738119035,0.1,1,0.5811672745377029,0.08259587773150313,1,6.90844437991255
B02666,salary_advance,12,established,E,high,8500.0,0.7503955069615148,12905.096242566362,0.04118761617687122,-1.1314849671925296,0.25,1,0.7486843967803046,0.33624514235184816,0,9.113233225091207
B02667,personal,15,established,E,med,7000.0,0.6811062956133038,18849.571570832835,0.02107803905682471,-0.45510321186135666,0.25,1,0.7160459017117696,0.2412135595969156,0,16.828064106842852
B02668,personal,22,loyal,B,med,11500.0,0.5105866767734013,15417.155567977241,0.03173816530230691,1.6761120409464159,0.5,1,0.5704039316112627,0.04006923324013005,0,24.224753059123927
B02669,personal,6,new,C,med,5500.0,0.3507075288416594,33868.29401202158,0.004746059859467346,0.5226548108644206,1.0,1,0.5612542655342809,0.08839348462114059,0,8.89657635849978
B02670,personal,6,new,D,med,7500.0,0.5061060578470961,21961.993370588756,0.01440289507499998,-0.1567512894832428,0.5,1,0.5993575577467514,0.15563640757303907,0,4.999747486087159
B02671,personal,21,loyal,C,med,5500.0,0.4873591657798719,28352.306646029294,0.007878475418991152,0.5130723618364833,1.0,1,0.6390052433070135,0.09119134213210163,0,20.927741060424864
B02672,personal,5,new,C,med,3000.0,0.48094098111232575,22673.249308214523,0.005302956080252696,0.2309053655297716,0.1,0,0.4397538557706776,0.11401833285741954,0,7.000306956589956
B02673,personal,12,established,C,med,3500.0,0.5507322360361444,10998.088235274861,0.014605287034826891,0.7724101479101136,0.5,0,0.5533519295711042,0.08632535642034421,0,10.788638410522434
B02674,personal,17,established,E,med,10500.0,0.6168922798924574,43771.449259624955,0.01233179970131346,-0.5564141473791021,0.1,1,0.6645436125343822,0.21667852815480199,0,18.22970709135782
B02675,personal,20,loyal,A,low,7500.0,0.32257832787140056,10206.621543405066,0.019753005836676205,1.9347209432796695,0.1,0,0.3590107275448047,0.0357802792895701,0,14.752611590124175
B02676,personal,15,established,B,med,6500.0,0.586953868250218,18030.03564901281,0.017633539472208925,1.316348201204661,1.0,1,0.7200051268994814,0.053999894418683615,0,11.81465760013583
B02677,salary_advance,13,established,B,med,25000.0,0.5202259185487194,13049.306192430773,0.08305453033243691,1.0272576303532128,1.0,1,0.6453561441066152,0.05717401706742409,1,11.293028716824848
B02678,salary_advance,26,loyal,D,med,5000.0,0.6054352874770592,16583.149300275163,0.015212110712363638,-0.09295986584589111,1.0,1,0.7916765563228055,0.1423279476652909,0,30.2887325725938
B02679,personal,19,loyal,E,med,10000.0,0.6667026431152473,30062.150757029784,0.01848123044887112,-0.6202239067705931,0.1,1,0.6625141035451408,0.20468991796861968,0,15.342987877400216
B02680,salary_advance,11,established,D,med,8000.0,0.48944282379874393,53064.45726115264,0.006149035205617811,0.023396203403406757,0.25,1,0.4789683155210257,0.13612467270676887,0,12.23351429414793
B02681,salary_advance,16,established,D,med,9000.0,0.6699911885576797,11400.959027761168,0.04407465987683105,0.41076509764441077,0.25,0,0.6623479198316891,0.1323953887360014,0,16.926690329252903
B02682,personal,20,loyal,E,med,2000.0,0.6279789847849558,19801.94788619525,0.0052854984132036315,-1.3684918655590521,0.5,1,0.7413655608406291,0.35,0,20.966405468418916
B02683,personal,42,loyal,C,med,3500.0,0.670641118087378,10280.720651946744,0.019026259545833753,0.8946931335452561,0.25,1,0.69505976419583,0.08054248839842017,0,40.93610332819983
B02684,personal,25,loyal,A,med,28500.0,0.4033759710581464,19283.852870250495,0.049679798830089966,1.687462263848472,0.1,0,0.36871686678839016,0.03854844730626883,0,24.98779913574602
B02685,salary_advance,32,loyal,B,med,10500.0,0.6450236283725854,27988.266219828874,0.020165438987648127,1.3264741398308773,0.1,1,0.6532605065022773,0.0418163979971936,0,31.800368827792347
B02686,personal,11,established,E,med,2500.0,0.5140546507366711,41023.18451882126,0.0026105900884983357,-0.6760528028042351,0.1,1,0.5564847148323663,0.23283821203574204,0,12.456963827756972
B02687,salary_advance,12,established,D,high,7000.0,0.7980877835109516,8389.958956044964,0.055489092317028026,-0.4444033974004906,0.1,1,0.8232168261189658,0.1764250808720855,0,13.085020730315607
B02688,personal,14,established,D,med,8500.0,0.46122546190304925,36417.45606724311,0.00897101017283455,0.2998523441740787,1.0,1,0.6526931781658681,0.14060233012156298,0,12.357811440572144
B02689,personal,15,established,D,med,5000.0,0.6704202824863212,15757.126136051655,0.017727965236641597,-0.15330371533817977,1.0,1,0.7948722035874519,0.12891259612102943,0,16.433578745105216
B02690,salary_advance,9,established,C,med,9500.0,0.4942629984122751,13781.674757270612,0.028392161859957507,0.793041174255908,0.1,1,0.5497857482397096,0.08192970425778366,0,7.314865266907326
B02691,personal,32,loyal,B,med,10000.0,0.5902228325190808,27920.549343246574,0.01761614194570053,1.0017213726056347,0.25,1,0.6194929556500613,0.05827176450546801,0,27.573119010495816
B02692,salary_advance,26,loyal,A,med,17500.0,0.48105339519432294,37984.3863016855,0.018469067678314043,1.841890528894662,0.1,1,0.45608690067036034,0.033341763779707975,0,26.274602503274146
B02693,salary_advance,13,established,E,med,16000.0,0.5029641573287207,25457.098325341394,0.0263430995892695,-0.7821234289295219,1.0,1,0.664616912420127,0.2620608080470888,0,12.572966587417003
B02694,salary_advance,23,loyal,B,low,10000.0,0.26394317803990475,14746.752167457258,0.014915328193551184,0.971618947849312,0.5,1,0.445052954593853,0.07780286177217989,1,20.755119756784953
B02695,personal,18,established,E,high,18000.0,0.7939262015386227,25449.730928568064,0.046793787551251714,-0.3634750039613235,1.0,1,0.8838229445139361,0.18240318619465518,0,22.282155414420487
B02696,salary_advance,24,loyal,C,med,9500.0,0.5447884827511015,18054.52828071446,0.02388823875496392,0.6513649560646386,1.0,1,0.6974372753465469,0.09626096689077844,1,25.55569667732823
B02697,personal,7,established,B,low,9500.0,0.2547217188695953,37504.56212498488,0.00537680438537256,0.864408852668744,0.25,0,0.28473280846084426,0.06697465885779219,0,5.0942385395616325
B02698,personal,15,established,B,med,15000.0,0.552297120393431,48603.30478249006,0.014204206968669005,0.9731258730512434,0.5,1,0.6864870856291891,0.06976360838741197,0,14.238328272624898
B02699,salary_advance,15,established,B,med,17000.0,0.5583317848010715,46924.917108558424,0.016856077265694797,1.748443650383654,0.5,1,0.5893919112957879,0.04165262237072424,0,16.824068978050843
B02700,salary_advance,23,loyal,B,med,4000.0,0.44218189253172085,26612.55367505174,0.005538512612392269,1.1755902503682676,0.1,0,0.4393581129729917,0.06011846598002264,0,23.840436481724414
B02701,personal,11,established,D,med,48500.0,0.5012373852408075,49884.38847159582,0.04061058968716117,-0.11001679075579433,0.1,1,0.5086870400649057,0.1435776952316191,0,8.467590481918382
B02702,personal,4,new,E,med,29500.0,0.5955900605644198,15343.709160840708,0.09542405187295065,-0.6028784694503837,0.25,1,0.6364734371778442,0.2092570317818409,0,2.42634780422139
B02703,salary_advance,9,established,E,high,3500.0,0.7434067025483622,71723.69762813165,0.003023086679581541,-1.3847550023946686,0.5,1,0.7810787246043158,0.35,0,6.806373320540406
B02704,salary_advance,15,established,A,med,11500.0,0.5006676793815125,15296.508174292429,0.031367062378348576,1.6897350448986037,0.5,1,0.6075273590098874,0.03229385583818192,0,13.760659674193
B02705,personal,17,established,D,high,18500.0,0.7135969343578884,8808.165300447428,0.12489872403725152,-0.32189841378567,0.5,1,0.7143893319143979,0.15868652468346733,0,19.23465111606859
B02706,salary_advance,41,loyal,B,med,46000.0,0.6209036308290162,57010.45922859962,0.04174901618141248,1.2558970600029105,0.1,1,0.6483191572551759,0.05856466209932909,0,39.88227172172136
B02707,personal,22,loyal,B,med,10000.0,0.4939405429717052,18204.535919122118,0.02261069004844685,1.0789965257424328,0.25,1,0.5794076910025844,0.05824874752254658,0,23.915916045663792
B02708,personal,17,established,E,med,2000.0,0.4742934194311171,28687.202184415244,0.0027555459305635605,-1.2453155090501393,0.25,1,0.5001524197243503,0.27699022071566576,0,18.231641741182294
B02709,salary_advance,16,established,E,med,10500.0,0.5791453635641873,15260.996042834982,0.03320570896527972,-0.5733463924596346,0.25,1,0.5854578105452856,0.24786477994984596,0,15.73045592084928
B02710,salary_advance,30,loyal,A,med,4500.0,0.5189390047463943,98713.98170858875,0.0019713734914915937,2.297019907055494,0.5,1,0.6423432605893994,0.01950461252205433,0,31.06388089281151
B02711,personal,11,established,C,med,13000.0,0.5587471447783781,73276.82845041183,0.008260584138857349,0.29043551568354414,0.5,1,0.6255611868394676,0.11137378743070547,0,10.273502634979502
B02712,personal,15,established,E,med,7000.0,0.6547107466473711,62982.02594289237,0.0060638665792881845,-0.580585664298516,0.25,1,0.7428040444258968,0.1979065326642637,1,15.256010390168102
B02713,personal,9,established,D,med,11500.0,0.654561483230045,28242.88243145204,0.022210483990716717,-0.12634701112754376,0.25,0,0.7119521055211908,0.14966161005843043,0,7.5939663119057474
B02714,salary_advance,35,loyal,A,med,7500.0,0.5378417081294924,46137.648979355785,0.0072858300112201855,1.8362369048328389,0.5,1,0.6014163734081327,0.02949790584902591,0,34.418218219714205
B02715,personal,20,loyal,B,med,10500.0,0.47942711380442177,26129.529833371053,0.016054583731664036,1.3343144797343043,0.5,1,0.6171362998310919,0.05588112480960956,0,22.04667041588237
B02716,personal,11,established,E,med,7500.0,0.6905871384256378,49871.787471387805,0.008654531617974364,-1.4660817622396431,1.0,1,0.7522379685312671,0.35,0,11.235920774170783
B02717,salary_advance,15,established,A,med,7500.0,0.6928927493088063,21464.696687019503,0.020175359318256293,1.9842838436718924,0.5,1,0.7933640695089078,0.03425414177175037,0,13.365719472251461
B02718,personal,21,loyal,B,med,6500.0,0.3593189370292519,64317.52532290102,0.00302609731816818,1.3661480309986795,0.25,1,0.45443075969119867,0.04510531112551103,0,22.036016977740687
B02719,personal,14,established,E,med,5000.0,0.6273079915842593,20879.44012526568,0.012518454913476702,-0.1524752493415862,0.1,1,0.6105274960304432,0.20579799333214463,0,15.040465798260323
B02720,personal,12,established,E,high,14000.0,0.7753901635789913,22225.376544450937,0.04070220613358662,-1.1917224430867204,0.5,1,0.7822194168589134,0.2548836448639767,0,11.251838051393273
B02721,salary_advance,11,established,A,med,11000.0,0.386645999969039,20814.581712007643,0.017027750299068268,1.4040086400609253,1.0,1,0.5703441144987741,0.03800916604195903,1,10.460815783852995
B02722,personal,19,loyal,C,med,14500.0,0.6260453424945847,29907.028558308466,0.025294102824004377,0.8764275002946196,0.25,1,0.6738948952322857,0.09262467086916047,0,18.839354433628912
B02723,personal,13,established,E,high,5000.0,0.740305433837602,21730.939041828104,0.014194536040923203,-1.4577983780777652,0.5,1,0.7865391112068995,0.35,1,12.010192994220143
B02724,personal,12,established,D,med,19000.0,0.43327691626074494,35171.47145902519,0.019505063496667436,-0.23207807535837705,0.1,0,0.4485075347130437,0.1748660155213176,0,10.22589441153587
B02725,salary_advance,7,established,A,med,13000.0,0.49275519316406435,20649.72248114744,0.025851104120895373,3.4761729427924886,0.1,1,0.5306190807249033,0.015,0,4.357069961573423
B02726,salary_advance,17,established,C,med,3500.0,0.5236713743887113,41561.67246781648,0.0036749600082860135,0.3665017574144215,0.25,1,0.4994426932481676,0.11651591516654404,0,16.634936092077282
B02727,personal,14,established,E,med,4000.0,0.6010205002646427,62013.15754375309,0.003230607417684414,-0.7419705943356569,1.0,1,0.7072682703765791,0.24520347440767146,1,10.454925316306909
B02728,personal,13,established,E,med,2000.0,0.5859679855904659,28075.45340032977,0.0034785308553769326,-1.0084966253066405,1.0,1,0.7512248755775743,0.2520585039023122,0,13.822745565223586
B02729,salary_advance,18,established,A,med,30500.0,0.6038873025956251,91133.49049468288,0.016842109515382807,2.1220989834294195,0.1,1,0.6119771845347882,0.029856092376086583,0,17.859869605183725
B02730,personal,24,loyal,B,med,15500.0,0.49942701664114814,50018.14600043439,0.012897183950451648,1.247759489577688,1.0,1,0.6607337675907297,0.05944079431546032,0,26.10730592756175
B02731,personal,24,loyal,B,med,17500.0,0.4414355345081195,87206.14533823289,0.007382050335950011,1.8074391139172277,1.0,1,0.6770163187099066,0.04220647530287218,0,23.744129827247907
B02732,personal,22,loyal,C,med,14000.0,0.4948598618019936,26012.711207259727,0.02219439953166181,0.6481852840921579,0.5,1,0.5739430685407267,0.11043344161005694,1,20.011756609032137
B02733,personal,14,established,B,med,26500.0,0.4759497681650975,10788.083667570905,0.09742747372183827,1.2540192353327866,1.0,1,0.6953175672576907,0.05644729049314705,0,14.77616934929894
B02734,personal,12,established,E,med,39500.0,0.5014144058856352,18244.601858050755,0.09046451651187488,-0.8483203895479107,0.5,1,0.5590024953806194,0.22044757634748222,0,11.878678581723648
B02735,personal,9,established,D,med,12500.0,0.5164478194143955,19297.383975750898,0.0278776894957716,0.16259098091505825,1.0,1,0.7039930994484349,0.15811458932434974,0,5.535752660079092
B02736,personal,11,established,C,med,5500.0,0.5631688169982388,15928.034363691093,0.01620532924719139,0.2870535149727362,0.1,1,0.5757107021822025,0.1000456031823476,0,14.552419653007671
B02737,personal,16,established,B,med,4000.0,0.5448456930267457,8040.547400828796,0.02258742122336035,1.3824469318752208,1.0,1,0.7321202151671404,0.05096119327767176,0,13.96498445313722
B02738,salary_advance,10,established,C,med,9500.0,0.6508115533218172,47266.43520140655,0.010900458451140111,0.6688430401404553,0.1,1,0.63571988751187,0.08263844451838426,0,8.200463653277534
B02739,personal,17,established,E,med,17000.0,0.6211795043774585,9671.990992808573,0.0909848136254859,-0.6255117417362148,0.5,1,0.697451579919535,0.20867861899131385,0,12.550882402278454
B02740,personal,9,established,D,med,8000.0,0.518808389837151,44841.243382283865,0.007713262028503054,0.06407383892037402,0.25,1,0.5587462410720362,0.14933608580088875,1,10.211356134820367
B02741,salary_advance,6,new,E,med,3500.0,0.5418109413442751,89505.24296918187,0.0017655746857178553,-1.3264132024602406,0.1,1,0.5399978074125925,0.3461785005482197,0,4.701409947081172
B02742,personal,25,loyal,E,med,6500.0,0.6858826835161262,17534.343109660902,0.021188121196275212,-1.9209687332702674,0.1,1,0.6721613059735541,0.35,1,20.885746870419126
B02743,salary_advance,12,established,B,med,10500.0,0.5003200386988524,33295.04180452891,0.013148505306935745,1.181341370108287,0.25,0,0.5138207595626879,0.05085934557922802,0,14.320569777692143
B02744,personal,10,established,E,med,4500.0,0.5776499575820001,21606.559751969115,0.010025600400059453,-0.37474388630634403,0.5,0,0.5879757870783763,0.18129787109988765,0,10.251761298497863
B02745,salary_advance,9,established,D,med,20500.0,0.5870575124617577,42399.496694044974,0.02365334485828993,0.08858270101973226,0.1,1,0.5932590282919822,0.12018012470037148,0,10.160959960579476
B02746,personal,20,loyal,B,med,10500.0,0.5621237915831363,13947.758138569274,0.03526432798365816,1.2309466793666148,0.25,1,0.5855223704166289,0.05334444704362569,0,21.253547751550617
B02747,personal,35,loyal,A,med,7000.0,0.5138383844388345,25022.10482608185,0.011978970581119394,1.797010385044599,0.5,1,0.5793597195656376,0.03405029205080271,0,36.29339531196322
B02748,personal,13,established,D,med,5500.0,0.528071283116029,49843.787564815946,0.004855824231122989,0.534487954827583,0.1,0,0.5527417615471912,0.12156752877586285,0,11.40640427504842
B02749,personal,14,established,A,med,12000.0,0.40256523317018883,26189.69282172492,0.015371132296605337,1.9280728302178118,1.0,1,0.5997890755760166,0.029951397746442558,0,15.808009643794794
B02750,personal,29,loyal,B,med,10000.0,0.4615521935881255,10984.657129617664,0.035014914298330216,0.9026891340572775,1.0,1,0.6350037388026674,0.05284370573310568,0,32.39982460563836
B02751,salary_advance,6,new,C,med,6000.0,0.6210167578625386,53258.32340211913,0.0058302319542960735,0.6522134635799948,1.0,1,0.7597054789635169,0.1047883364667501,0,3.1699196275483668
B02752,salary_advance,48,loyal,B,med,15000.0,0.47936371724681137,13189.986857320975,0.04542875235891016,0.9903888225045991,0.25,0,0.43083173828111065,0.07080153991149338,0,48.94424147279429
B02753,personal,60,loyal,E,med,9500.0,0.4806087556889868,28093.788435473034,0.013543276032743717,-0.8854955621336164,0.25,0,0.4649343736756698,0.25597776452979354,0,58.50601081089999
B02754,salary_advance,3,new,B,med,3500.0,0.6347308733313543,37065.96207835817,0.004994604960303208,0.9559986056401223,0.1,1,0.6363824680677935,0.06427318109219383,0,0.8689711104858535
B02755,salary_advance,15,established,E,med,4500.0,0.577463281077122,28736.336326026198,0.00753571116189209,-2.095466020015286,1.0,1,0.7443856987865869,0.35,0,19.060884884321613
B02756,salary_advance,11,established,E,med,7500.0,0.5880494203500672,108617.78380562332,0.0033837082183199945,-0.23625285727577827,0.1,1,0.571366518224179,0.21274166523662688,0,9.8159505912721
B02757,salary_advance,14,established,C,med,5500.0,0.5973962793851441,40279.47754186314,0.006797670793196176,0.3729303505676125,0.25,1,0.5989606838124284,0.10820448324114296,0,16.789593795863347
B02758,salary_advance,13,established,D,med,4500.0,0.5854885436248572,24069.660683077156,0.00912178226150433,-0.43976232341336297,1.0,1,0.7000027350914377,0.15618860815817845,0,12.77068452260242
B02759,personal,25,loyal,D,low,5000.0,0.33032728463813943,37476.32193737859,0.0036726221113483207,-0.0517559230728214,1.0,1,0.5138546772950596,0.15357319186270416,0,24.229207400103814
B02760,salary_advance,15,established,A,med,12500.0,0.5106812680686311,30196.14498567296,0.017616806863609714,2.1893755662272287,0.1,1,0.54535037902741,0.02988541930981413,0,14.28891708864586
B02761,salary_advance,9,established,B,med,27500.0,0.6308616073964413,27567.785471212625,0.05244253363984789,1.4540238857816785,0.25,1,0.6901736071286639,0.046866354403297505,0,6.658204909024106
B02762,personal,14,established,E,med,6500.0,0.672658880229043,30763.461707806375,0.011843819688372099,-0.6858276808067391,0.1,0,0.7015883943919187,0.20549697297853173,0,15.583020167538564
B02763,personal,21,loyal,D,med,49000.0,0.36042648515378695,21189.31159599287,0.06945678600162511,-0.06956651097237643,0.1,1,0.3881908929736402,0.13129811247078327,1,20.803202190241027
B02764,personal,8,established,E,high,5500.0,0.8009017597320358,30245.295024943447,0.012136762855438629,-1.2770039485518438,1.0,1,0.8673527698884456,0.29898319687721,0,9.768329668762103
B02765,salary_advance,6,new,B,med,15000.0,0.38946979260330394,20373.287266059073,0.023895861006445317,1.0549937860061371,0.5,1,0.5153422715678142,0.07809644918822181,0,6.086238643373049
B02766,personal,49,loyal,D,med,8500.0,0.4523950536521975,9481.445458929526,0.03379721981474672,0.15025754958952425,1.0,1,0.6618324834429143,0.12581620151585962,0,49.39762865623543
B02767,salary_advance,11,established,E,high,7000.0,0.7157742278155838,50367.9498406699,0.00828969548187995,-1.6164664708945478,0.25,1,0.753376446542465,0.33674978017638013,1,13.574545868658952
B02768,salary_advance,15,established,C,med,22500.0,0.5906947863936471,19712.410577199844,0.05618555478796326,0.45078359181005817,0.5,1,0.6115964147902134,0.10663857052346423,0,17.76247122370065
B02769,salary_advance,13,established,B,med,9500.0,0.5383061965121175,29078.747809753248,0.01465534468770428,0.7889788836018257,0.5,1,0.6370227597739451,0.07947683772520325,0,13.96952650468663
B02770,personal,22,loyal,B,med,10500.0,0.4479143337938878,17707.927186021207,0.022132745292686818,1.363140973175053,0.5,1,0.5098665231934407,0.0462648222732935,0,26.524663211250054
B02771,salary_advance,43,loyal,B,med,41000.0,0.6610099108665183,18004.375862396802,0.12543897917121605,0.676645205423225,0.25,1,0.6938877874158106,0.07390410329765887,0,44.24512062020444
B02772,salary_advance,22,loyal,C,med,38500.0,0.5434038814615635,15192.481928419456,0.11475549515675648,0.3773288372136184,1.0,1,0.7299097582523407,0.09276654454317954,1,23.05144518983644
B02773,personal,7,established,A,low,75000.0,0.3302819057938996,45322.70168224709,0.04554587071362615,1.986264680489528,1.0,1,0.5301349431240829,0.03471237353268783,0,7.164768856751862
B02774,salary_advance,7,established,C,med,5500.0,0.6672240157979922,51758.65163809334,0.0059084036689950326,0.3565861560995518,0.5,0,0.6480997865700925,0.11244849046541058,0,9.996944114843004
B02775,personal,13,established,C,med,3500.0,0.5556975018544535,27289.68335074648,0.005939183535321189,0.7195618315979349,0.5,1,0.6499975918595993,0.08787745950907527,0,12.859253113399726
B02776,salary_advance,14,established,D,med,7500.0,0.6809785313916129,20027.032170207665,0.02125185491801928,-0.18953964337625862,0.1,1,0.7315872838867319,0.16767750175075594,1,14.95413913515661
B02777,personal,6,new,C,med,14000.0,0.5913561544390519,10602.143372441924,0.06507321107404751,0.6899096516358328,0.5,1,0.6707135520794216,0.0880829620248282,1,7.394804182030793
B02778,personal,25,loyal,E,high,2000.0,0.8103271718187788,41667.93433920752,0.003241210076242808,-1.055628992404098,0.25,1,0.8047915505998787,0.27428800729932895,0,22.63401738222049
B02779,personal,9,established,E,med,7000.0,0.5600193479240333,18543.852508710173,0.017616509449815954,-0.4620675457186336,0.25,1,0.5787227267029451,0.19183711292987682,0,10.470802089386286
B02780,personal,37,loyal,E,med,6500.0,0.6149830687187723,14552.333389593017,0.022890887665311468,-0.8082742394260539,0.25,1,0.6725496340238655,0.28125798754384196,0,36.82778873398304
B02781,personal,44,loyal,E,med,4500.0,0.6494250550959095,27339.693015883382,0.008907722391743072,-0.20497332186946748,0.25,1,0.701230070089835,0.19566935704322824,0,45.27330808061555
B02782,salary_advance,14,established,A,med,17000.0,0.46392862398952484,22386.891594541492,0.029357904135237062,1.600470040231071,0.1,1,0.5156940341140448,0.03410163347650265,0,9.348509510789036
B02783,personal,20,loyal,D,med,4500.0,0.653261581318264,11673.425239786664,0.020985536632333456,-0.21232588930369778,1.0,1,0.7915015396805624,0.16100601413537954,0,21.21975385795298
B02784,personal,8,established,C,low,23500.0,0.2610532465036177,12589.314400367995,0.04060819025919111,0.7182561254740842,0.5,1,0.3831246713676236,0.09240435014830846,0,8.41778362722223
B02785,salary_advance,23,loyal,A,med,12500.0,0.4616400599592384,32373.60615741739,0.014853923289215115,2.26726518205704,0.5,1,0.5782036114403396,0.030922412164990812,0,24.37880123022959
B02786,salary_advance,12,established,D,med,13000.0,0.545115552093962,18757.890423174416,0.03148231676266793,0.3224226863966811,0.25,1,0.6238468848123496,0.14102951751028553,0,14.053742946104192
B02787,personal,9,established,B,med,10000.0,0.5062240369117548,35619.27546947458,0.01184340103870596,0.99376710505628,0.1,1,0.5354526354088927,0.05929716968800696,0,11.077319249408864
B02788,salary_advance,14,established,C,med,6000.0,0.44035917407085456,29161.138208152217,0.00755044557807673,0.8810859581386753,0.1,1,0.4051112625796872,0.08645835212255827,0,14.957994217056958
B02789,personal,12,established,D,med,8000.0,0.6480767002683474,47865.395083463656,0.009026377673449831,0.1164369305835328,0.5,1,0.7559269960296624,0.13122440952649056,1,11.41978780603063
B02790,salary_advance,13,established,B,med,25500.0,0.4671570501140082,17022.99240765221,0.05831575951628946,1.1003155893169294,0.25,1,0.5081658545189837,0.07052807432538934,0,13.392628200081834
B02791,personal,27,loyal,A,med,12500.0,0.4894025471171514,30576.738072200096,0.016672619515853346,2.2399380899918535,1.0,1,0.678347277325868,0.026969585439680182,0,28.218677542715604
B02792,salary_advance,10,established,D,med,3000.0,0.5750628425115386,38217.584825956066,0.003761768601616184,-0.2872689125085526,1.0,1,0.7750970470854321,0.14862630380209083,0,10.119780076825728
B02793,salary_advance,42,loyal,D,med,11500.0,0.6271048542743587,19064.445416016424,0.03152336573301885,-0.20920090017607484,1.0,1,0.765894541972903,0.1765813414223582,0,43.72959616794231
B02794,salary_advance,7,established,E,high,4000.0,0.7308993661371042,50009.17615139376,0.0048717683592336344,-0.6679145456553434,0.25,1,0.7246243585103926,0.25323773923578247,1,6.15791620197329
B02795,personal,39,loyal,B,med,11000.0,0.523197400967731,10759.5312606502,0.04457421108182842,1.3944279697365547,0.5,1,0.6001914119721607,0.04795783841936986,0,39.824471480546094
B02796,salary_advance,9,established,B,med,11000.0,0.5832970313232436,17015.542186954423,0.031423562029635387,1.4793676231283528,0.1,0,0.588865600057095,0.04333842911002338,0,8.201318773624926
B02797,personal,16,established,D,med,7000.0,0.6044288237955415,10540.410053810558,0.033450641744239694,-0.5370369333339351,1.0,1,0.7727535649142789,0.17089914864785863,0,15.26243249465847
B02798,salary_advance,12,established,E,med,1500.0,0.6083778676231801,17948.62455775716,0.0042369393380637015,-1.786013549439347,0.25,1,0.672619122576741,0.35,1,12.062070741945167
B02799,salary_advance,13,established,E,med,4500.0,0.57049059925746,24710.382279631154,0.008657655405756064,-0.32475673992308574,0.1,1,0.6235417310322341,0.18352513179616003,0,14.553997697222746
B02800,salary_advance,25,loyal,B,med,4000.0,0.47868736530517125,42502.806816137396,0.003754162773107524,1.2978541778069963,0.5,1,0.5625626602789036,0.04558570629630003,0,26.35339648101409
B02801,personal,37,loyal,C,med,8500.0,0.6059401256446793,24700.785272387035,0.017376273032020762,0.333276861017167,0.5,1,0.6733676726417419,0.10600998377008627,0,36.773230851874295
B02802,personal,31,loyal,C,med,13500.0,0.5504335743504745,19390.614796360533,0.03193492200466536,0.580347746755367,0.1,1,0.5413542320876327,0.09362802005941588,1,29.82701741489054
B02803,personal,13,established,E,med,10500.0,0.5141586205262912,11475.016376783802,0.03920593907567031,-0.5233444182755979,0.1,0,0.5394089341744532,0.19170759486748287,0,14.823623012203253
B02804,personal,18,established,B,med,4000.0,0.49793534492057684,13796.93499996642,0.012030095692069502,1.0140891247097645,0.1,0,0.469580646989069,0.06527921418754123,0,17.545657414308277
B02805,personal,10,established,C,med,3500.0,0.3968806951932469,31908.0393027194,0.0036278277186871264,0.3431918017546363,0.25,1,0.45676095326933963,0.08673228057926853,1,7.88924910704058
B02806,personal,9,established,C,med,14000.0,0.5232153891876106,43686.74944099739,0.013972610960140967,0.586463472363802,0.1,1,0.5151390839746246,0.10947834072101115,0,11.00603480534305
B02807,salary_advance,8,established,C,med,9000.0,0.5430662274197134,21363.26058825469,0.01906542631365525,0.5090656830266815,0.1,0,0.5188580539525826,0.09706064189198567,0,5.320889113753223
B02808,personal,12,established,C,high,22500.0,0.7080448884585792,52368.366096152604,0.02535088002215465,0.5243681636108437,1.0,1,0.8026268873319423,0.08236674999141533,0,9.696043278642168
B02809,personal,18,established,B,med,5500.0,0.669630811944962,15955.285466128938,0.019235890375824422,0.45857168818096145,0.1,1,0.7379761563466779,0.07184136329851262,0,18.694119172528353
B02810,personal,5,new,E,med,3500.0,0.5381957782315695,21702.932304920552,0.007232836855657744,-1.2780746281357818,0.5,1,0.6057698051463539,0.35,0,4.20284182707738
B02811,salary_advance,16,established,C,med,9500.0,0.5539261104851466,22734.069358674784,0.019289324341753934,0.723063095375128,0.1,1,0.5671503722699389,0.0885967799881994,0,17.124026894593424
B02812,salary_advance,37,loyal,B,med,16500.0,0.519613822419214,62391.07926041636,0.011451460918703962,1.5415081719465196,0.25,1,0.5436851971399091,0.04399533912363195,0,34.40844510898478
B02813,personal,30,loyal,B,med,11000.0,0.4746319978426067,28955.415220011855,0.015025836378095795,1.555141466194844,0.5,1,0.5510731862118069,0.047773899783913526,0,26.722785910132153
B02814,personal,11,established,C,med,3500.0,0.5322633240237857,10005.217299858581,0.015516251656936205,0.4161071482837128,0.5,0,0.4832122616406168,0.11664867930665362,0,9.451849022249487
B02815,personal,7,established,E,med,2500.0,0.584825052169515,45406.46922825036,0.0026832862058235483,-0.9652505187315361,0.1,1,0.5825108616060264,0.2788101469123931,1,5.223292613646229
B02816,personal,21,loyal,E,high,11000.0,0.7507943930991956,74254.98312037691,0.00926844455083312,-0.4113173295740029,0.5,0,0.7897302379575065,0.18414511266187814,0,19.820304773445546
B02817,personal,4,new,E,med,4000.0,0.5664702221035007,23450.394642663163,0.008052035381285579,-0.7851480812529309,0.1,0,0.5786801584780271,0.23233103583723821,0,2.742962316195472
B02818,personal,30,loyal,C,med,14000.0,0.5735021339799101,16425.737135584233,0.04073399065464612,0.5894639081365248,0.5,1,0.6590263996979635,0.09639804574051171,0,29.30295868761075
B02819,salary_advance,14,established,D,low,5500.0,0.31564158673068243,43275.484597548726,0.003342979562916106,0.22776389869240682,0.5,0,0.31222810995177236,0.14380442513998273,0,13.565458210148051
B02820,personal,45,loyal,E,med,4000.0,0.6799846716382248,79248.64154421291,0.0028601317675115844,-0.7237320656309137,1.0,1,0.7618971126539248,0.23142839445182958,0,41.69916194421096
B02821,salary_advance,6,new,E,high,4000.0,0.7177991178289336,42907.52359326649,0.005576326773778033,-0.7797200343150513,1.0,1,0.8268451630069776,0.2858213124174141,0,6.733561340326939
B02822,personal,27,loyal,E,med,29000.0,0.5520522878725713,11018.671320338828,0.12107869665702028,-1.6985217749066837,0.5,1,0.6708787779453383,0.35,0,30.083980489732696
B02823,salary_advance,15,established,E,med,1500.0,0.6423702318617881,40744.45347877753,0.0019707290717384945,-2.7694749238680103,0.5,1,0.7168922564855139,0.35,1,15.31950718235221
B02824,salary_advance,13,established,D,med,5500.0,0.6059085849540886,33601.09932013902,0.00826485165831597,0.21821817704507482,0.1,0,0.601614281777407,0.16455508603363073,1,10.299621501730751
B02825,salary_advance,7,established,A,med,32000.0,0.45461515069284,15913.981192383511,0.07617874206703563,2.6702303751428556,0.5,0,0.489284569778079,0.021419651833911556,0,5.758462710567716
B02826,personal,22,loyal,A,med,7500.0,0.5182265764002301,54657.94240621284,0.005925792226919391,2.1967795237914265,0.5,1,0.6378462043571561,0.031815434306088734,0,21.24270754428244
B02827,personal,23,loyal,E,med,4500.0,0.5667325263994853,34238.05870088941,0.00620726482352477,-0.5782314121229712,0.1,0,0.5366326089205458,0.19338782492046133,1,23.265796726326716
B02828,salary_advance,43,loyal,C,high,6000.0,0.7023677961793017,55449.45842985565,0.006333405375525957,0.8999032973906105,0.1,1,0.6914673059648218,0.09655604785233599,0,44.49389993743561
B02829,salary_advance,28,loyal,E,med,10000.0,0.5385706350994391,15005.740658520455,0.02990914429325596,-0.7145795100501656,0.1,0,0.5350689990592989,0.23059759536984323,0,24.985463556488252
B02830,personal,11,established,E,high,5500.0,0.8371633402171396,33500.9059054333,0.011453417568745778,-1.312109530858121,0.5,1,0.8260553075749089,0.327650550089224,0,10.206242109749097
B02831,personal,9,established,E,high,14000.0,0.7311953627097764,16443.702999806,0.05187768573202785,-1.1974725976303797,1.0,1,0.8805179339773604,0.24861072236915002,1,6.736577049322785
B02832,personal,7,established,D,med,11500.0,0.6578074241295796,30829.177382986218,0.020448122037969578,-0.22549868444183307,0.5,1,0.7413213639835723,0.1737352728892497,0,7.918039741790036
B02833,salary_advance,36,loyal,B,med,9000.0,0.4350155534847126,60625.68927381784,0.005381574527589506,0.5675403897880238,1.0,1,0.6464298020024732,0.07981139064374879,0,35.48923857657649
B02834,salary_advance,10,established,C,med,6000.0,0.6274041881772014,12276.84500904727,0.025552338068731976,0.6027019708068588,0.1,0,0.6491255694066895,0.09525819126797297,0,12.349733948951727
B02835,salary_advance,37,loyal,B,med,27000.0,0.562088532422685,12670.723322349148,0.09981270727617518,1.4132163897042829,0.1,1,0.6012320981262703,0.04009938708970598,0,38.87923823671516
B02836,salary_advance,21,loyal,D,low,22000.0,0.34440984562781823,45501.97779861047,0.013876716592678504,0.41311907660484165,1.0,1,0.5730413709557818,0.1322171069071941,0,20.69122882119779
B02837,personal,19,loyal,C,med,22000.0,0.40802454434981505,26695.02436866238,0.028021888560356596,0.4362019706626281,0.1,1,0.4299327310278629,0.1102651496572538,0,17.56400303077133
B02838,personal,13,established,E,med,2000.0,0.6642123745618891,51235.85066945645,0.0021606367607940394,-1.0938125066902094,0.25,1,0.6663371510336615,0.35,0,10.92779905061068
B02839,personal,23,loyal,E,med,9000.0,0.6007381247087934,17257.349225208563,0.02610792582637499,-0.9444970242571812,0.1,1,0.6234524263917665,0.24037382271089708,0,23.177267877758513
B02840,salary_advance,16,established,E,med,8500.0,0.5843738048930825,27671.40437805235,0.01495881594867339,-1.1489723460483097,0.1,1,0.621548113315182,0.35,0,15.427847113531573
B02841,personal,13,established,B,med,40500.0,0.6383135645880298,39280.0034756905,0.05484491063800065,0.6492478011282274,1.0,1,0.7228251070769564,0.0677189992048639,0,15.25605881360037
B02842,personal,24,loyal,D,med,5000.0,0.4767162118323652,30200.389617520184,0.006577125575059459,0.062092151911756654,0.25,1,0.5114435063771058,0.13924595068903647,0,24.132941991508094
B02843,personal,15,established,E,med,11000.0,0.616228771798458,10058.657336962966,0.05615822820336188,-1.871120262824403,1.0,1,0.7396516901054171,0.35,1,17.8020211725185
B02844,personal,10,established,D,med,12000.0,0.5051886042824734,127061.82282852799,0.003975927568458023,-0.06308895268360971,0.5,0,0.4873699671431327,0.14020746894431954,0,11.171409342943662
B02845,personal,22,loyal,E,med,16000.0,0.6572561601562616,30235.695181363666,0.028983674482046144,-0.8488213317860834,0.1,1,0.6765255242248966,0.23939917545390121,0,20.903473721169114
B02846,personal,15,established,A,low,17000.0,0.32742195703043053,12871.49689847897,0.036036816550419216,1.6603788189729718,1.0,1,0.5827943093605158,0.033943353079941924,0,17.69831303458929
B02847,personal,21,loyal,D,med,19000.0,0.5240964286795677,31978.207715429024,0.025949526402286132,-0.1788217215868263,0.1,1,0.5623284859685377,0.13741184328196818,0,18.785033202211665
B02848,salary_advance,12,established,B,med,10000.0,0.35123968541552847,34065.13730552565,0.008592354559474956,1.0315059858191211,0.1,0,0.33492568204791356,0.060475014938320804,0,9.110783800748614
B02849,personal,8,established,B,med,6500.0,0.48569154482177107,46474.449433940594,0.005660807676393073,1.0889630273849873,1.0,1,0.6429347457853956,0.06249038471879013,0,5.189774808305172
B02850,personal,42,loyal,E,med,7000.0,0.6664918620917905,44798.48924310675,0.008678572115316769,-0.5549284525570413,0.25,0,0.6531203939516574,0.2398035825220635,0,43.82985932579352
B02851,personal,38,loyal,C,med,22500.0,0.6169532281016542,23917.97386967482,0.048364769900399965,0.47604711755470785,0.25,0,0.6133166512994611,0.10336916731390315,1,39.07775998935984
B02852,salary_advance,26,loyal,B,med,6500.0,0.43633948154145474,10434.325417200884,0.022651253727624762,1.3034679013881463,0.25,0,0.4379170798830988,0.06105586686725898,0,27.02114551059449
B02853,personal,13,established,C,med,12500.0,0.6105402560235589,34674.147779041596,0.018341602435641823,0.11554617241010676,0.25,1,0.6721886259249041,0.107173737224382,0,11.805023679935
B02854,salary_advance,13,established,B,med,59000.0,0.5145673495340555,10901.668938481025,0.23207053429028596,0.7111007593098181,0.1,1,0.5672439789288041,0.07803275256736085,0,9.59045904750756
B02855,salary_advance,35,loyal,E,high,30000.0,0.7205229181651311,52490.34525441088,0.034316926030534343,-0.5796293935591537,0.25,1,0.7478051713884991,0.23135706628752797,1,34.47691663755402
B02856,salary_advance,13,established,B,med,14500.0,0.5124345763632913,17979.421250036245,0.03443891608975245,0.9040362197145243,0.1,0,0.5282936268504376,0.07467828153765334,0,15.627056121436251
B02857,personal,11,established,E,low,17500.0,0.3044356076437861,38147.98372460669,0.011638061861553832,-0.48616419417270906,1.0,1,0.5648260648034366,0.1800606401634963,0,8.498281949109025
B02858,salary_advance,46,loyal,B,med,4000.0,0.6053252283866385,18752.96502354889,0.010759635922932827,1.0994512232841407,0.1,0,0.6025958469331051,0.0694981968702447,0,45.02057361736597
B02859,personal,16,established,B,med,10000.0,0.47776425776537595,20524.61929580626,0.01939801541422485,0.9199888455514643,0.25,1,0.5360687977852758,0.06527266672153936,0,17.762820620824524
B02860,personal,43,loyal,B,med,10000.0,0.48949913368568027,17317.392129220185,0.023555275626621477,1.0688085075182738,0.25,1,0.5093750200826844,0.055983229134203394,0,47.22134045631317
B02861,personal,7,established,C,med,21500.0,0.5842990854563688,39888.55979471465,0.02624484815104072,0.3487197254894737,1.0,1,0.7757178273032745,0.11677101605229989,0,5.278427546891297
B02862,personal,21,loyal,B,med,6500.0,0.37888893884123226,19115.583293064643,0.010736345597858958,1.0421282961845169,0.25,1,0.4348968713590471,0.06387125209836018,0,20.33471553426218
B02863,personal,51,loyal,B,med,4000.0,0.5237733400983271,41056.015646024505,0.004252509909178556,1.0884110538887852,0.5,1,0.5972525647871059,0.057130689298693055,0,48.75951713999948
B02864,personal,16,established,B,med,16500.0,0.5522897956561716,19392.57040139002,0.03915924775876044,1.495501161383926,0.5,1,0.6478384555477504,0.04090623819533074,0,19.644292927516588
B02865,personal,14,established,D,med,8000.0,0.6020523991371483,23687.90741185772,0.016944015320260613,-0.03405069946277105,1.0,1,0.7537054616051999,0.1265817241576056,0,13.959881498694749
B02866,personal,8,established,C,med,21000.0,0.4988755873188136,27434.612277177202,0.03182229327637328,0.16395699344238868,0.5,1,0.6021496535833571,0.11933678224618989,0,6.015844004780049
B02867,personal,29,loyal,B,med,10500.0,0.6050429715464063,29278.29932580402,0.018082081688280138,1.3320668089761116,0.5,1,0.6741029178235528,0.05911949707549825,0,28.04961988123453
B02868,salary_advance,10,established,D,med,19500.0,0.47577431782272783,16182.531160665545,0.04777579346432328,-0.140387609763513,0.25,1,0.5057143254117641,0.16192315006882535,0,8.864337978739579
B02869,personal,15,established,E,med,5500.0,0.5805621431903524,39620.193617993216,0.006716044471189432,-1.3352674726779856,0.25,1,0.6301390929933282,0.35,0,14.27307415363947
B02870,salary_advance,8,established,C,med,24000.0,0.5148021407724072,23173.47157334641,0.04443029946057117,0.8432301745827706,1.0,1,0.6634618953661005,0.08022193930056293,0,7.514063918857099
B02871,personal,38,loyal,C,med,12500.0,0.5855935318972867,36284.480903456286,0.016811409374052858,0.1939763153840554,0.5,1,0.6725760528517897,0.1133754434963457,0,39.71114637886358
B02872,personal,31,loyal,E,med,4000.0,0.5728167790426609,26664.12883197092,0.0071608912314665,-0.8075274117343677,0.1,1,0.594693731656502,0.20408222746334712,0,35.01951973726876
B02873,personal,16,established,C,med,5500.0,0.6591062639814368,37143.70714054704,0.008133016175483522,0.5005419293798373,0.1,1,0.6101473802569582,0.08592099504220839,0,16.533664878507967
B02874,personal,8,established,B,med,47500.0,0.5311215261687467,21456.052204430922,0.09798428998277985,1.4311330150292483,0.5,1,0.6230100771293947,0.04240541494635122,0,6.657276225940581
B02875,personal,38,loyal,E,med,3500.0,0.6370685698724431,17426.04230650839,0.010662872437960155,-1.2297425462890859,0.5,1,0.7051651109417996,0.29587761733205803,1,38.05397790634142
B02876,personal,13,established,B,med,15000.0,0.5468315530065886,34022.31898400614,0.0200909127205458,1.0223249952164812,0.25,0,0.5886670680142366,0.07434237925175813,0,14.805861011684573
B02877,personal,8,established,E,high,3000.0,0.7405295086224509,20505.458342812064,0.009028443747052776,-2.5370675157456817,0.5,1,0.7900265565489959,0.35,1,3.720036611973442
B02878,personal,6,new,E,med,11000.0,0.6174220744911678,60013.963994058046,0.009430642425257455,-0.4002866301815139,0.5,0,0.6750848681627586,0.24453510852328003,1,1.1247416048345693
B02879,personal,11,established,A,low,7500.0,0.3132591433825727,27923.1447882709,0.007011637338798177,1.8405159122425798,1.0,1,0.5518139474747012,0.029915782641114004,0,11.096686063818838
B02880,personal,7,established,E,med,11000.0,0.6886286787525445,12638.497566330872,0.049946043998521275,-0.3283240485128667,0.25,1,0.7329231739895157,0.2173277721782529,1,8.439745207556776
B02881,personal,11,established,D,med,8000.0,0.5782916916321779,19496.567932901304,0.01977413644023249,0.08993839582099193,0.25,1,0.6062449273104045,0.1627704233633726,1,10.380117709711127
B02882,personal,24,loyal,B,med,6500.0,0.5811633372955884,15527.726370482165,0.02027320679093098,1.1628662007735553,0.1,0,0.6142872176066823,0.05607927689605017,0,23.219829301740507
B02883,personal,13,established,E,med,4500.0,0.6154059139682113,48538.1482308915,0.004754553400766203,-1.7164735140606524,1.0,1,0.7227445651792437,0.35,0,11.238443516501547
B02884,personal,19,loyal,C,med,22500.0,0.3675617639565841,41169.26764607628,0.01674011579082045,0.47209480083975536,0.5,1,0.4295559082234898,0.1176192859418429,0,16.431577705532536
B02885,personal,11,established,D,low,12000.0,0.34207895990575526,26014.93791459442,0.013149328321627417,0.06421307196130824,0.5,1,0.4907172419850618,0.13430494361597484,0,10.409727883628431
B02886,personal,17,established,A,med,73500.0,0.3915024610634862,31556.678860649037,0.0759887497858364,1.8623209732487398,0.5,1,0.561356377513498,0.03218839087839316,0,18.33643983162759
B02887,salary_advance,47,loyal,E,med,17500.0,0.6393168607888412,25636.600242879802,0.036367423130114006,-0.4857408309978233,1.0,1,0.7738907505038758,0.18524307935286727,0,47.95545051737061
B02888,personal,13,established,D,med,11000.0,0.6996274506455885,43183.81830883285,0.01485105273705295,-0.38153931645012157,1.0,1,0.7708832803122275,0.13827433029586025,0,14.763870433851974
B02889,personal,20,loyal,E,med,7000.0,0.6233448892120279,35807.312222345594,0.010154849092902131,-0.5283557908236156,1.0,1,0.7951697663792298,0.20745631574781656,0,21.07548383037842
B02890,personal,6,new,E,med,26000.0,0.516514368570124,39536.779226420746,0.028305655825586622,-1.0344118036913794,0.25,1,0.5491733210943178,0.2636214077103272,0,5.694930870954695
B02891,salary_advance,37,loyal,A,med,12000.0,0.4057905463463776,24209.120248047748,0.01676188734611705,1.8774027270645783,0.5,1,0.5438088209223885,0.027730649026915553,0,37.2914266612751
B02892,personal,12,established,D,med,8000.0,0.6929086605993514,19008.51104172576,0.02430169864710747,0.02665150200081768,1.0,1,0.8313782389350435,0.14687489528401615,0,9.71969842042154
B02893,personal,29,loyal,D,med,19000.0,0.44149520456821084,38784.838803605024,0.018023384793201525,-0.15556719642652073,1.0,1,0.6811934122510205,0.1317624446302564,0,28.067003679893933
B02894,salary_advance,15,established,D,high,33500.0,0.7603162761757755,63148.04642271299,0.03361227661922736,-0.1678459011425355,0.1,1,0.804517978471515,0.17705644988112645,0,15.011869791094691
B02895,personal,23,loyal,D,high,7500.0,0.7426296379526164,49429.650783838784,0.009389981850167931,-0.16322707694539595,0.5,1,0.8168257047663274,0.1695644703254546,1,21.244175824814864
B02896,salary_advance,23,loyal,C,high,5500.0,0.7440757071728906,64209.874555998555,0.0053112500449364036,0.2761968225923061,0.5,1,0.8006768237015661,0.10960362490305077,0,22.126757976587776
B02897,personal,12,established,E,med,8000.0,0.6690801199989207,29410.808354742123,0.015166309200090154,-1.2644453442892645,0.25,1,0.7245043629460232,0.3241602509119832,1,11.077706739044197
B02898,salary_advance,29,loyal,C,med,13500.0,0.5078579260856985,15780.099490232311,0.03620637291926222,0.49127045743479986,0.5,1,0.6230481189708427,0.08346957626465729,0,25.571275098729853
B02899,personal,10,established,E,med,7500.0,0.6216961112047403,16569.966061309864,0.023449659948926106,-0.3592066916521446,0.25,1,0.6879899844739875,0.20066816940423496,0,6.379382719439713
B02900,personal,25,loyal,E,med,11000.0,0.6705656519553566,57455.35066851659,0.01069848454159556,-0.3577967064033425,0.1,1,0.6443934019757753,0.18728207917621426,0,26.461721432487902
B02901,salary_advance,13,established,C,med,9000.0,0.47857767522725914,9661.759591725291,0.03714988486443493,0.5050462563049747,1.0,1,0.6207224933174028,0.10065102318518446,0,16.931257912485727
B02902,personal,19,loyal,C,med,6000.0,0.42810494893560685,61550.68053179951,0.0034776621902208775,0.6398894801181584,0.1,1,0.5086736546709104,0.09375518615857734,0,20.922082207221358
B02903,salary_advance,12,established,D,med,11500.0,0.5481781130235607,17444.870525992363,0.030114144873216904,-0.20664721429170763,1.0,1,0.6833459443055824,0.1517794531264195,0,12.720571035756425
B02904,personal,16,established,D,med,7500.0,0.49436258596329324,77486.92431539457,0.003987467807722404,-0.14413415076625494,1.0,1,0.687713248433097,0.1295047533221165,0,15.74576518835602
B02905,salary_advance,9,established,A,med,32000.0,0.5820325698387114,25878.531764709955,0.059975846659885895,2.508623726900857,0.1,1,0.5756368578164013,0.022123728896512172,0,7.725375547088685
B02906,salary_advance,18,established,A,med,5000.0,0.399833407583865,40031.18091260118,0.004161687198878052,2.4704332586021374,0.5,1,0.45303880170577004,0.021955005786164952,0,16.00184544252101
B02907,personal,16,established,E,med,14500.0,0.6300396992982734,99885.07150106474,0.007621739250367345,-1.0540901901297357,0.25,1,0.6380593978644534,0.27203402504006174,1,15.625226995364692
B02908,salary_advance,12,established,E,med,4500.0,0.6875025098175572,22435.924139326762,0.011491099701557476,-0.5644475665885587,0.5,1,0.7155297342943181,0.22117139843668138,1,10.473464123381119
B02909,personal,15,established,E,high,25500.0,0.7379918605396292,22229.75169971691,0.07054656861806886,-1.0594032769919965,1.0,1,0.8227623420478832,0.32941961970449635,0,15.707529348770187
B02910,salary_advance,17,established,B,med,16000.0,0.5250676207694787,18358.32520989806,0.03813475102012637,1.407053939972239,1.0,1,0.6630153379646953,0.05597799926235297,0,15.641912852066646
B02911,personal,11,established,D,med,4500.0,0.6227730205836662,15506.571827811922,0.015060703636635387,-0.39852929957569416,0.25,1,0.6861859756424259,0.17567431238689585,0,9.599395111221117
B02912,personal,15,established,C,med,53000.0,0.4516334497751072,22439.916157225,0.08889134830974625,0.23967424359629974,0.1,1,0.5131200000374185,0.09734867186887686,0,14.686161437191853
B02913,salary_advance,9,established,A,med,12500.0,0.5661688860260834,19827.745540230106,0.029744140859613126,2.3469673332808836,1.0,1,0.7169308511361185,0.01811908013067736,0,11.452333572375466
B02914,personal,59,loyal,C,med,9000.0,0.6677124752227201,13525.859757645714,0.03702421623394132,0.3895352056895376,0.5,1,0.7132820908965055,0.1017560117811276,1,61.31307821588165
B02915,personal,29,loyal,B,low,44500.0,0.33695850868222177,23962.260451636485,0.05214676938423958,1.1062487217573207,0.5,1,0.4521057731324897,0.07440154193115442,1,32.40096486712635
B02916,personal,19,loyal,B,med,43000.0,0.689728412264079,34454.076942109015,0.07173394355523435,0.9204207493003932,0.5,1,0.7730912210559533,0.06346939093454664,0,23.055008968933155
B02917,salary_advance,31,loyal,C,med,12500.0,0.48841937196983104,16436.373092986214,0.03095392008060129,0.16178264830405054,0.5,1,0.615654480025658,0.11640077212953943,0,31.528649632797766
B02918,personal,5,new,B,med,59000.0,0.5913554115809084,24603.712062846946,0.11817312090330027,0.7091617317418589,1.0,1,0.7376024826006435,0.07618662620237464,0,5.246057916344796
B02919,salary_advance,4,new,E,med,4000.0,0.6172848165549712,58312.83258169506,0.0035285818988480115,-0.8497008091001859,0.1,1,0.6412995846332895,0.23911931016724502,0,4.937136979546767
B02920,salary_advance,13,established,A,med,7000.0,0.4853158371408187,12323.433264721894,0.022972567702317148,1.689879786444176,0.25,1,0.5400904033011797,0.037757518941709506,0,11.404985067960071
B02921,personal,7,established,E,med,2500.0,0.5737752047951453,77840.48827669187,0.001535659701594934,-0.5874509652091197,0.1,1,0.6152486869644465,0.18352068300048194,0,7.401981021962836
B02922,personal,14,established,E,med,7000.0,0.4969166957931721,18569.709948506734,0.01560972537265325,-0.4779677205360946,0.25,1,0.5348942105146752,0.22599360313227995,0,14.774348731320805
B02923,salary_advance,18,established,E,med,10000.0,0.6539789989785519,30046.373655386644,0.018138045722236106,-0.7384878236267917,0.1,0,0.6263054136602484,0.23254278335053463,0,17.22750712385132
B02924,personal,27,loyal,E,med,4500.0,0.574544728112504,54368.473909514025,0.00396285305710018,-0.524259410816647,1.0,0,0.5697309885934093,0.272394164641245,1,24.491306646189432
B02925,personal,8,established,D,med,7000.0,0.45594260019484123,64304.64312200404,0.004136039076924983,-0.42676432232853545,0.5,1,0.5682041472300358,0.1661328987372088,1,6.880999713843856
B02926,salary_advance,20,loyal,E,med,1500.0,0.5530991218286535,34835.81791879339,0.001984663899373613,-1.6813485579106118,0.1,0,0.5153449536280033,0.35,0,19.982093448487436
B02927,personal,16,established,E,med,7500.0,0.45449841280903197,18361.694725476093,0.015470331701546118,-0.2333323411755965,1.0,1,0.6393925550934991,0.19893472173153987,0,18.914138922705188
B02928,personal,19,loyal,D,med,11500.0,0.5197728493687045,17491.210908959678,0.028478053915439377,-0.10797423724151678,0.25,1,0.5593884783179041,0.14554550018033957,0,22.768469647517904
B02929,salary_advance,12,established,B,med,4000.0,0.562409292358677,19610.279456350054,0.009559770146919245,1.140011098611832,0.5,1,0.6242845289412121,0.05581557681181241,0,13.160624423182728
B02930,personal,35,loyal,B,med,14500.0,0.45648049390341017,76045.80224848614,0.007253268168538972,0.8229807383568256,1.0,1,0.6546335679880131,0.06674940948177847,0,33.04651634504582
B02931,personal,15,established,E,med,10000.0,0.6900793996325747,21791.384661560744,0.02638961109134455,-0.7076374310992968,0.5,1,0.7325328888783937,0.20833657743384862,0,11.398194410815327
B02932,personal,43,loyal,D,med,8000.0,0.558505787442554,32144.44969468564,0.011583249835194,-0.05855075942590687,1.0,1,0.7290272681442641,0.1480064948323226,0,40.888431126766505
B02933,salary_advance,10,established,D,med,20500.0,0.5330194077279133,15152.692606809173,0.06009326825029103,0.11538196147910226,0.1,1,0.5368433559745553,0.13067880041479255,0,10.814803794980964
B02934,salary_advance,24,loyal,A,med,54500.0,0.4702458762271894,14242.857852227484,0.1499488405597249,2.235956554475849,0.5,1,0.5802062625640856,0.019060056764130428,0,23.827140849427586
B02935,personal,15,established,E,high,2500.0,0.739053517128265,27296.553375687523,0.005640619920615789,-0.8223046804564419,0.25,1,0.7555864467281453,0.31929464406392144,0,14.316571251463458
B02936,personal,13,established,E,med,10000.0,0.46823548879391713,22502.700682554332,0.017339973817636255,-0.719760664950654,0.5,1,0.5531585348972374,0.22668396869434224,0,12.508596389983714
B02937,personal,23,loyal,E,high,4000.0,0.7484163777075782,23425.065140263017,0.010649794329653035,-0.7285841516171508,0.1,0,0.7781795414767054,0.23669927599693397,0,22.153376944864338
B02938,personal,13,established,E,high,5000.0,0.7270385921571785,11926.422550989046,0.025400135324488884,-1.4820394794361849,0.5,1,0.7987036452371398,0.34655834556572246,0,14.726329064074898
B02939,personal,3,new,D,med,12000.0,0.5667244624156916,25837.494725920857,0.021934187831575587,-0.04299637637450515,1.0,1,0.784348069285389,0.1414249983030272,1,3.2771375072584097
B02940,salary_advance,3,new,C,med,12500.0,0.6684132331616649,63076.18696529526,0.01103845711102492,0.2029033310732099,0.25,1,0.671789825794967,0.11648461016352538,1,-0.08605791831113896
B02941,personal,33,loyal,A,med,28500.0,0.4594910588085924,16828.499049265276,0.06484780736984694,1.6827618528353518,0.5,1,0.5785504393928762,0.03802344490206095,0,35.49948291088734
B02942,salary_advance,32,loyal,A,med,17500.0,0.5157257171529257,44072.41538548566,0.017065096106101744,1.7914090077269296,0.5,1,0.6391457932360364,0.034727245957346484,0,31.33332367750415
B02943,personal,46,loyal,A,med,32000.0,0.3946927678000649,4002.2025932305887,0.2629837003371805,2.797116714531808,0.25,1,0.46117111382556486,0.0170096369259946,0,43.0299046032376
B02944,personal,16,established,D,med,12000.0,0.6625547121652875,17304.29719678181,0.03828844966257902,-0.07387276754109584,1.0,1,0.784105174967391,0.15405754222735427,0,17.011232013110416
B02945,personal,8,established,E,med,3000.0,0.5123544208333468,9407.712776683667,0.013615275917627397,-0.26052956379620706,0.1,1,0.5418948027918696,0.1865011029696077,0,6.7863839350364845
B02946,personal,13,established,E,med,2000.0,0.6319998193410208,53098.929515955715,0.0019837180181165766,-1.3002263451333593,0.1,1,0.6379747148536239,0.3326376860694882,0,16.98311712744597
B02947,salary_advance,16,established,B,med,10000.0,0.5860142403737203,43622.47371557487,0.011194807600676617,1.0465781674763255,0.5,1,0.6383378508445156,0.06568742371282596,0,16.123002434493536
B02948,salary_advance,9,established,C,med,13500.0,0.6450487280142551,15231.435579509875,0.047643560269017546,0.4685342414463388,1.0,1,0.7538661553883238,0.0966992456613622,0,9.871195492982196
B02949,salary_advance,40,loyal,B,med,4000.0,0.42285417474459164,31542.856790576385,0.004468567717799125,1.4012663050106835,0.5,0,0.4376329411304457,0.05516875371259142,0,42.03813096482839
B02950,personal,56,loyal,E,med,6500.0,0.6758618857612851,52101.03984137996,0.007026574822727499,-0.7391242192383999,1.0,1,0.7998964415967006,0.2453902275093958,0,54.31779109690769
B02951,salary_advance,21,loyal,B,med,6500.0,0.41866050570927293,56752.525085993824,0.003995847590021847,1.1016041890266997,0.1,0,0.4307161872514239,0.05952017934368938,0,24.65489555681703
B02952,personal,16,established,C,low,8500.0,0.3471823956280303,21521.659733507786,0.01142666813874826,0.2051996179539418,0.1,0,0.31341594626803837,0.11892955966640865,0,13.61272538636033
B02953,salary_advance,8,established,C,med,9000.0,0.4690080669401582,7983.47533424812,0.044060516940050996,0.4890350398936867,1.0,1,0.6507800629065115,0.09690770864945628,0,10.704075551994311
B02954,personal,38,loyal,D,med,4500.0,0.6600599046700282,16412.57385369731,0.015081270400224302,-0.283265908190524,0.1,1,0.6912082562774582,0.1744146140262761,0,38.8291667889361
B02955,personal,17,established,B,med,4000.0,0.511212489120789,41002.13949821807,0.0041559822274071494,1.1893246485533984,0.5,1,0.6043267856794079,0.05628585133996435,0,15.956471276972092
B02956,personal,14,established,A,med,7500.0,0.42345974604272985,85339.42300797977,0.0031012904932806794,2.0503075789780114,0.25,1,0.44017078934911114,0.025917244909903523,0,13.44843891138509
B02957,personal,21,loyal,E,med,6500.0,0.6119120714833594,26111.242537688482,0.012693856739106694,-0.7103440262976154,1.0,1,0.7041468257265597,0.25322746193052575,1,19.754050694574854
B02958,personal,11,established,C,med,41500.0,0.5366708296258276,19268.9065828083,0.09632028735759003,0.720443979592958,0.5,1,0.6085273803909926,0.09210780293398903,0,10.733401015008917
B02959,salary_advance,17,established,E,high,3000.0,0.7316356245215508,100674.60056868257,0.0018168326975938976,-2.527850151340389,1.0,1,0.8022071164917622,0.35,0,17.517512553274823
B02960,salary_advance,7,established,B,med,10000.0,0.36178818470250984,33629.299001206266,0.00896510373017124,1.0186099494824585,0.5,1,0.42036930474183626,0.05972830098091527,0,11.057596130952911
B02961,salary_advance,29,loyal,E,med,6000.0,0.6195694666312281,13694.199072173373,0.02262160289060621,-1.1201546165417549,0.5,1,0.6772615915123888,0.3212784489790606,1,31.21549521053017
B02962,personal,15,established,D,med,10500.0,0.601010774558948,25200.038693498573,0.02086839762967324,-0.524967347899258,1.0,1,0.7090349402682815,0.16244487734722324,0,15.744567017309121
B02963,personal,31,loyal,E,med,4000.0,0.48384932162210903,46628.172879960315,0.0034589197312658447,-0.9130246617542505,1.0,1,0.7198031543690432,0.28913834069659705,0,31.07971666378024
B02964,personal,14,established,D,med,3000.0,0.4377047920620023,25881.771546818058,0.004227925349605892,-0.21561149494939602,0.1,1,0.43795067728831216,0.1376178873152824,0,13.081555760412982
B02965,personal,15,established,B,med,42500.0,0.49024278295636275,41643.40626593932,0.04169391216180542,0.8387936983678286,0.1,0,0.4608886484364017,0.06533719761207914,0,16.550903981117365
B02966,personal,8,established,E,med,19000.0,0.6585876655775955,11128.291719322759,0.0937038523190919,-1.8573132637270229,1.0,1,0.721096039040496,0.35,0,8.10474947531975
B02967,personal,24,loyal,D,med,8000.0,0.5651880510848364,12224.583223471082,0.030822485083427675,0.040520310484361166,1.0,1,0.6913042593122923,0.12700901964682476,0,23.921903296352816
B02968,personal,10,established,E,med,7000.0,0.5367776913615705,17958.68598428287,0.017435591904382847,-0.5133687688160568,0.5,1,0.5743721226957991,0.18582203268661784,0,8.767285698953842
B02969,personal,12,established,A,med,4000.0,0.4361459517706821,23035.54267874542,0.006311202907223135,1.5810486838718745,0.1,1,0.4508073258237149,0.0385452811877177,0,17.635466211471176
B02970,personal,16,established,C,med,3500.0,0.5084519522402068,32327.44540890121,0.004587386482113648,0.43176100785028515,1.0,0,0.5040311183649608,0.11329141877152187,0,16.382650859179318
B02971,salary_advance,17,established,E,med,2500.0,0.6355237566366551,38185.767042545755,0.003467280950127789,-0.8272171132734226,0.5,1,0.71831051238551,0.2249936552492749,1,17.047451796328833
B02972,personal,6,new,E,high,10500.0,0.7040908840711328,104439.43331950538,0.005898916759510803,-0.47129437903039967,0.25,1,0.7169568310063038,0.19662503709861998,1,6.821264044187097
B02973,salary_advance,14,established,A,low,7500.0,0.2770609677238821,17922.169835639455,0.009661949775918298,1.9061042383855313,0.1,0,0.31548690587194955,0.029974159646472653,0,12.444060381344604
B02974,personal,25,loyal,B,med,6500.0,0.578311009848956,22636.20852898625,0.01383852762269754,1.1143653167740242,0.5,1,0.7222452787283935,0.06759540023316453,0,26.516556688180714
B02975,salary_advance,13,established,E,med,2500.0,0.5884158715204675,18199.321940367525,0.0067357806132431015,-0.5682334624054216,1.0,1,0.6999778776960921,0.2332923296821401,0,16.402196278332667
B02976,salary_advance,14,established,C,med,3000.0,0.6106897559155957,48711.167225308935,0.003134238977947847,0.082929461616911,0.5,1,0.705869874167878,0.10472600835179084,0,14.874806601411473
B02977,salary_advance,17,established,D,med,8000.0,0.6751526902574545,50195.101240903714,0.008967046233152812,0.11489085159185203,0.5,1,0.705093304305873,0.14919982031970938,0,14.708352515349084
B02978,salary_advance,15,established,D,med,7500.0,0.5003309411741858,21031.770711061126,0.01486830769172497,-0.18798192715580553,0.1,1,0.4812302117559751,0.1503538122866214,0,14.369626791737806
B02979,salary_advance,9,established,E,high,5500.0,0.7224713701482077,83797.64703309145,0.00395157528930574,-1.3602121563216896,0.1,1,0.7587360032406865,0.35,1,11.871408886121305
B02980,personal,16,established,E,med,6500.0,0.4754577547298096,18216.909805127652,0.014137393218734712,-0.6776217153899684,0.1,1,0.5298838199294466,0.20345190817515715,0,18.58615956251913
B02981,personal,28,loyal,A,med,11500.0,0.500263239373693,47403.665518990056,0.010113541484277533,1.7891993058653743,0.5,1,0.5403434843153975,0.03678632072992424,0,27.190050706307108
B02982,personal,9,established,E,med,11000.0,0.5709336215917634,59873.38781769735,0.00874104237071009,-0.3811444870611752,0.5,1,0.6634419463570327,0.2509927059782186,0,9.08033877733575
B02983,personal,13,established,D,med,5000.0,0.5772953306968253,12722.547773032637,0.018906568512443517,-0.10325363046091905,0.5,1,0.6759954063379787,0.15536077639939294,0,14.578722499590638
B02984,personal,7,established,D,med,5000.0,0.4609594526880919,36963.92663217224,0.005196050747835586,0.14052564685357408,0.1,1,0.44736776138450185,0.12042369993880901,0,11.529125741447832
B02985,personal,27,loyal,A,med,32000.0,0.4976271189393817,6010.268351170377,0.22078975063511275,2.6181413947121257,0.1,1,0.5423507490376955,0.016952462572899254,0,27.285220902212988
B02986,personal,15,established,C,high,12000.0,0.7091658159276605,42332.771100693964,0.016752170894761838,0.008874771416961356,0.5,1,0.7275860861973975,0.11630478214413646,0,12.926247686286437
B02987,personal,10,established,B,med,10000.0,0.4218114514507234,14678.172401567215,0.023947773146340175,1.0939453535835113,0.25,0,0.408676429578116,0.07498588801102553,0,5.1318089646055585
B02988,personal,17,established,E,med,4500.0,0.6171342400281841,36757.89412507955,0.006295935757991909,-0.5981801720511966,0.1,1,0.626833686881411,0.2236338062194482,1,17.655230977844237
B02989,personal,8,established,D,med,4500.0,0.6583874029111579,40751.3304568486,0.006058581973246752,-0.2593992605024914,0.1,0,0.6766985874424778,0.14971408166719183,0,9.463191359853399
B02990,salary_advance,9,established,C,med,3500.0,0.5185264075440774,49815.23618727369,0.0030359560737294893,0.362552723110285,0.1,1,0.5180123751412012,0.09443754270693752,1,12.510404010136899
B02991,salary_advance,7,established,E,high,18000.0,0.7117230446616754,43897.75428594878,0.024319799141393345,-0.42413294184938455,0.1,0,0.6167904141978127,0.19198015019062314,0,6.984875860789237
B02992,personal,9,established,E,med,11500.0,0.5376450004463104,27743.094624515586,0.018571941320937285,-0.20371778060295764,0.25,0,0.5751972753604622,0.18436633610423106,0,9.34982669042273
B02993,personal,34,loyal,B,med,4000.0,0.49562726635205795,21823.396754147358,0.00757027380499888,1.2880509358132697,1.0,1,0.6352815955741956,0.04446828223680704,0,34.83364508206801
B02994,personal,10,established,E,med,4000.0,0.5154865998207419,25824.67911373326,0.006653668990432389,-0.8003645610918834,0.1,1,0.47987327697241666,0.2783464286015486,0,8.249745220746043
B02995,personal,21,loyal,C,med,5500.0,0.5603567800868596,14562.414906500902,0.017636511012915225,0.40008903096363835,0.5,0,0.6060253344328683,0.10397473165292193,0,17.963025161092936
B02996,salary_advance,10,established,B,med,6500.0,0.5174962281496261,23946.360474054167,0.011705764523928245,1.0587335516559326,0.1,1,0.5753750880796413,0.055228706014095595,0,11.832786994185897
B02997,personal,24,loyal,E,med,7000.0,0.6476093792819916,22928.07436416949,0.016476400587083447,-0.4244660488127444,0.5,1,0.7225920820895905,0.18103404262876824,0,24.28449671722723
B02998,salary_advance,9,established,B,med,11000.0,0.4398653181329855,17439.26981865618,0.023120800305749666,1.4454137926149562,1.0,1,0.5878543736858347,0.059171623635240735,0,7.216354578029874
B02999,personal,16,established,C,med,20500.0,0.4930713552062511,10325.209725804003,0.08157996342733739,0.0728834797113227,0.5,1,0.5354794014394874,0.11202883687669761,0,14.434978305488116
B03000,salary_advance,16,established,C,med,12500.0,0.6019128378834061,13328.836636960268,0.04704030490727593,0.1848774366607103,0.5,1,0.6622185139236983,0.11235286799157321,0,19.377930329974575
B03001,personal,59,loyal,E,high,21000.0,0.7640653328099265,4757.314689732133,0.2810649325560297,-1.6081478058002148,1.0,1,0.850977790367776,0.35,0,58.1738419788127
B03002,personal,23,loyal,D,med,20000.0,0.6269571082294603,22712.40305768109,0.046006955365402585,0.026387557986526422,0.25,0,0.6223752297817365,0.1430775212726669,0,21.11572690845038
B03003,salary_advance,11,established,B,high,41500.0,0.704235070833407,32802.96729412919,0.07424571070439152,0.7215924161453029,0.5,1,0.7359168370201045,0.07364238048423961,0,13.820952209722172
B03004,personal,23,loyal,A,med,77000.0,0.5287885313828763,6152.344878036495,0.5515067523527728,2.145345018802468,0.5,1,0.5875351304096071,0.029920786834152117,0,20.833740260230982
B03005,salary_advance,53,loyal,B,med,6500.0,0.5596058982716332,30644.029579875612,0.009891644986626192,1.317889154111613,0.1,1,0.6257044989611604,0.05905800379179013,0,52.41304392281662
B03006,personal,6,new,B,med,6500.0,0.582744145160477,25150.654810466476,0.012550491468605117,1.1262162317783488,0.5,1,0.6616490504813107,0.06252783807183568,0,0.9101495932481809
B03007,personal,10,established,E,high,3500.0,0.7548915933524116,14083.854242346057,0.01563327132893632,-1.2091045736219388,0.1,1,0.7404807829742178,0.29647915365484506,0,10.225912810840557
B03008,personal,14,established,D,med,11500.0,0.6872700612876651,21222.922697370916,0.03103407660320054,-0.12682249565295442,0.1,1,0.7097765502739988,0.14667182801820586,0,14.222828809063438
B03009,salary_advance,13,established,B,med,16500.0,0.3898713491718503,47951.352715333946,0.011179519966698833,1.570746442328864,1.0,1,0.6004783896946898,0.04342046490082865,0,11.11516849869287
B03010,personal,13,established,E,med,2500.0,0.6825288932146851,15743.707121915802,0.00903176858656038,-0.8877335503999231,0.25,1,0.6982063296466617,0.22405052199740078,0,12.770620399806576
B03011,salary_advance,8,established,B,med,26500.0,0.5348923373705564,28095.59528645771,0.04204290979836744,1.3152226289731026,0.5,0,0.5617328324090762,0.06187473757478457,0,9.877830104111874
B03012,salary_advance,35,loyal,B,med,27500.0,0.4821062433999641,32553.095656515532,0.0339392240740844,1.483317864600333,0.25,0,0.5088022723793464,0.05701215932851214,0,27.966288915660595
B03013,salary_advance,7,established,C,med,14000.0,0.3635486095021906,17116.291041734643,0.02477990374112253,0.6247236484498202,0.5,0,0.376855480372222,0.08577035735258759,0,9.779113501348672
B03014,personal,14,established,E,med,7500.0,0.4321526620450369,46842.63413849311,0.005766016765402101,-0.3287026251359748,0.5,1,0.5554251411563711,0.18737053825228467,0,13.523781588489435
B03015,salary_advance,29,loyal,E,med,4500.0,0.5465864789295642,33594.3279144866,0.006101325501148042,-0.2362951545724351,0.25,1,0.5962364093813275,0.19446118446271496,1,28.01904139106664
B03016,salary_advance,16,established,A,low,12500.0,0.3346821574858262,23422.420506023893,0.014884339015748062,2.125379294103314,0.1,0,0.38925481198832795,0.03511982034411516,0,16.37850296472218
B03017,personal,9,established,C,med,6000.0,0.5055234516739195,98694.27893474688,0.002561057525979563,0.6318625177240305,1.0,1,0.7554865715834904,0.1087536213081414,0,6.649851372266549
B03018,personal,7,established,C,med,13000.0,0.6173186678510745,46953.739989488095,0.014242995133544599,0.3406161246754489,0.25,1,0.6617527234164308,0.08707735152714473,1,9.274098263763308
B03019,personal,14,established,E,med,4500.0,0.5302195381484796,10642.508675443685,0.01868284376074427,-0.4128497482022511,0.25,0,0.5266591180031779,0.18296145543824055,1,12.37549347169559
B03020,personal,10,established,D,med,5000.0,0.5747558897565558,21719.44948090339,0.01102613677857996,0.03787162958997776,0.25,1,0.5805300558138732,0.1471554667252969,0,10.309834067550431
B03021,salary_advance,18,established,C,med,9000.0,0.43533747721628074,104469.81262758255,0.0031253344837148286,0.5147172699700329,0.1,1,0.4709244482912449,0.09016333184470321,0,17.88098839013195
B03022,personal,7,established,D,med,9000.0,0.5808230768459234,15674.65237172025,0.02779119417157669,0.39987568473357277,0.1,1,0.6104373600560039,0.13325510508145816,0,7.04926073319672
B03023,personal,25,loyal,B,med,10500.0,0.567177493395315,27902.835293173033,0.017786017137918782,1.1343402884719342,0.5,1,0.675569548909686,0.07448290484085175,0,23.32525440817858
B03024,personal,17,established,E,med,40000.0,0.4647877653373996,52946.98225978153,0.029261205927150764,-0.7824715258550916,0.5,1,0.5695730573071738,0.22144097631928775,0,18.341260568031593
B03025,personal,18,established,E,med,2000.0,0.5730326198802557,38513.991630831166,0.002479759500447505,-1.4665969654870044,0.1,1,0.5976850174050627,0.35,0,14.661488967560722
B03026,personal,36,loyal,C,med,39000.0,0.417040153530384,41691.73305895325,0.03250957442947269,0.4842808512734975,1.0,1,0.5788364449200485,0.089148866516639,0,38.016497936548696
B03027,salary_advance,12,established,E,med,2000.0,0.6869088175294786,40363.2603405041,0.0028363616307450637,-1.3972173373247618,0.25,1,0.6941377075706067,0.3448771451987949,1,12.000825592378181
B03028,personal,11,established,D,med,4500.0,0.5989442775032329,27281.551940695386,0.008232819912589888,-0.3236609949936378,0.5,1,0.6772477680679981,0.1738328359028083,0,8.275864389148449
B03029,personal,12,established,E,med,43500.0,0.5914845954349672,17400.02781900376,0.12322576036976238,-0.5091898301117628,1.0,1,0.7411128770218238,0.227224518747054,0,11.50065118602812
B03030,salary_advance,14,established,B,med,14500.0,0.5138609547266583,34170.579554081,0.018171050312799156,0.8417481922016692,0.1,1,0.612694573864789,0.06606574496619005,0,16.18581993249341
B03031,personal,15,established,A,med,18000.0,0.5104694050133209,21557.366177335964,0.03551937195022432,1.982597035486309,1.0,1,0.6530893296876383,0.020278246002447615,0,15.228319293041832
B03032,personal,10,established,E,med,6500.0,0.690792985661892,20645.586351242106,0.018123948021349347,-1.944590623903561,0.5,1,0.7773687015203807,0.35,0,8.199263766028151
B03033,personal,5,new,A,med,12000.0,0.43206581563616775,60800.879780593765,0.007106242824040075,1.9241850303184007,1.0,1,0.6420617395546032,0.02686228062836445,0,6.47072372466727
B03034,salary_advance,12,established,C,med,20500.0,0.4969857280042554,21817.16238978694,0.03891511050667365,0.11692484088097396,0.1,1,0.4804249071786325,0.119440427258377,0,14.036380532551911
B03035,salary_advance,20,loyal,B,med,6500.0,0.5107654115239854,68759.6054443469,0.0040236501667065844,1.0978086821725799,0.5,1,0.6157451811377508,0.06267536481623548,0,22.158014230860303
B03036,personal,17,established,E,med,13000.0,0.621453763571346,30983.853335638985,0.021728787891850093,-1.4148321576237166,0.5,1,0.708147020076058,0.31878485282894736,0,17.561014785864316
B03037,personal,31,loyal,B,med,47000.0,0.6973935141220916,24648.436456174593,0.110816681421887,1.3968715702263206,0.1,0,0.6815133594580539,0.040348889343591224,0,28.602533121804925
B03038,personal,48,loyal,C,med,22000.0,0.5062944006650267,9900.505068584285,0.09375343932346918,0.44147253635172423,0.5,0,0.523449035154927,0.08991536443827654,0,50.53564444341764
B03039,salary_advance,24,loyal,B,med,14000.0,0.561859507582229,86328.98210076064,0.0075930787424419105,0.688532588811713,0.25,1,0.5759637580185427,0.07225195544079017,0,24.54190037000403
B03040,personal,35,loyal,E,med,7500.0,0.6882559654528058,26815.000890071165,0.01604176632965467,-1.5373851149029538,0.25,1,0.7163325051285419,0.35,0,35.50802070438544
B03041,salary_advance,25,loyal,B,med,9500.0,0.6618475505073843,7716.152307605018,0.06790465289743738,0.8237968138474274,1.0,1,0.8377765675559542,0.06979644241259252,1,26.12854181579699
B03042,salary_advance,42,loyal,B,med,11000.0,0.41549225040482135,46316.293873431794,0.008223194568313575,1.595828323816574,0.5,1,0.5141418487262853,0.04508401762608466,0,42.25505218932095
B03043,personal,45,loyal,C,med,21000.0,0.6827535919256205,26170.667549089736,0.04565488379800208,0.16372136451681132,0.5,1,0.7401784121484408,0.11030861972917594,1,45.25199746357037
B03044,salary_advance,27,loyal,A,med,18000.0,0.4668542534082795,16119.274379118157,0.04344372852289209,1.9241993456441504,0.1,1,0.47311958187589126,0.029620833561981193,0,27.923489967526237
B03045,salary_advance,24,loyal,A,high,12000.0,0.717686581185447,44898.105458931976,0.015984785412424818,1.8828951718913625,0.5,1,0.7412934688111815,0.029822546413919945,0,25.267799329512236
B03046,personal,14,established,E,med,17000.0,0.6371328328220888,6622.294443998397,0.13629790311060017,-0.6410953827408479,0.1,1,0.6482018864584033,0.24347226167606587,0,14.987350677042958
B03047,salary_advance,16,established,A,med,4500.0,0.36161893274188595,18164.921862789906,0.007465327998794908,1.9451138587973928,0.5,1,0.5029734899926019,0.02998865361687307,0,16.94371165291222
B03048,salary_advance,13,established,D,med,22000.0,0.5306084884012663,22818.540949900806,0.04263121953640439,0.3952949643250824,0.25,0,0.5494497089558956,0.12148990656507434,0,12.681031462577378
B03049,personal,23,loyal,C,med,22000.0,0.6704840240554547,42989.16434359385,0.02859373354977786,0.4497452507878307,0.25,1,0.6990655895324882,0.08665816405913274,0,23.074935214178858
B03050,salary_advance,11,established,C,med,5500.0,0.5537017752181039,92239.0033207666,0.002751330469451873,0.4489812226027311,1.0,1,0.7883770768314651,0.10073911511492648,0,8.554781713419985
B03051,personal,14,established,D,med,3000.0,0.5568248658266806,23514.608676633525,0.0059199886492263595,0.06931575094112594,1.0,1,0.7316838681286073,0.12506652700327572,0,11.580504915736002
B03052,salary_advance,4,new,E,high,6500.0,0.7421395725623082,34647.10000378121,0.01160247952721523,-2.6301333566585083,1.0,1,0.8723119436561909,0.35,1,4.84408287992541
B03053,salary_advance,42,loyal,C,med,5500.0,0.5058263372337525,121980.1447032259,0.001900613184188208,0.5644936018102793,1.0,1,0.6564447664228182,0.09195904079414939,0,41.37539069358803
B03054,personal,14,established,E,med,33000.0,0.6213538739566409,26973.36682689999,0.0633485305837567,-1.3639464716624543,1.0,1,0.7318307342628396,0.35,0,14.880390061727205
B03055,personal,21,loyal,A,med,4500.0,0.3848156055703085,34804.76148946272,0.004146152592729442,2.0263357022156767,0.1,1,0.4125724081332625,0.025324762165278663,0,19.441770330108447
B03056,personal,36,loyal,A,med,7500.0,0.6475229309921889,13622.207935568962,0.029708974770044486,1.9860829917212004,0.25,1,0.635897544457883,0.029105552603548298,0,33.881460777150274
B03057,personal,19,loyal,B,med,4000.0,0.3883003125929037,79026.77032359637,0.0016378429360198812,1.251938332455588,0.1,1,0.4917431957654482,0.04474569621769641,0,19.61890429122876
B03058,personal,36,loyal,C,med,21000.0,0.5733259497358312,18176.103399777745,0.055199972731777756,0.16153256266111157,0.1,1,0.5211004380724396,0.10375449956006629,0,36.237184517542616
B03059,personal,8,established,E,med,6000.0,0.6618812475422169,31185.677451238153,0.010611942751237852,-1.0080149366036986,0.1,0,0.617364308926743,0.25706584666902865,1,4.6768546032031395
B03060,personal,60,loyal,D,med,18500.0,0.5778195924479081,30703.43089645303,0.029013213801027282,-0.2575810012756048,1.0,1,0.7065118160521779,0.16130453041231615,0,60.563138377441284
B03061,personal,29,loyal,A,low,79500.0,0.34467158735640335,28196.019010160053,0.080984810849126,2.342641906426033,0.1,0,0.34079556684984863,0.02079388758451664,0,28.929807587648874
B03062,personal,18,established,E,med,10000.0,0.5040151428642452,21186.669742347483,0.01982438128131223,-0.6921973865199604,1.0,1,0.6649071924110486,0.22347383960279696,1,20.136539578604914
B03063,salary_advance,36,loyal,E,med,3000.0,0.6937475847740707,30721.85085870933,0.005645392167000579,-1.6055953543860637,0.1,0,0.6848334434353665,0.33570492973485916,1,33.443655676764294
B03064,personal,8,established,B,med,4000.0,0.44103069800563993,70724.0604384707,0.0020786452553363255,1.0301655084853936,1.0,1,0.6366174385874175,0.058992954019559916,0,9.111354296721984
B03065,personal,14,established,B,low,27500.0,0.30360846592715274,94326.145293522,0.0073762094159363625,1.5005031136178935,0.25,1,0.36866747488298324,0.04741847037599556,0,16.402374633470927
B03066,personal,36,loyal,A,med,7500.0,0.5143340871637544,24432.547084616283,0.013156991097328118,2.0592156871665224,0.25,1,0.5104340259137468,0.022886175858143617,0,36.82256413984536
B03067,personal,5,new,C,med,41000.0,0.4471719870879799,21010.86977327491,0.07271653382450421,0.6883480042493285,0.5,1,0.5335417766487909,0.08029337212324897,1,2.420162745758699
B03068,salary_advance,22,loyal,A,med,30000.0,0.5438065963303074,17243.31075467701,0.07884312416378729,1.951519677234781,0.5,1,0.6710192514573614,0.03183410779555308,0,20.402051425139547
B03069,personal,22,loyal,C,med,13500.0,0.5242001493478532,117874.35918243934,0.005002997870839672,0.45293407405354186,0.1,1,0.492412742117086,0.09092984442465255,0,19.538534080624956
B03070,personal,48,loyal,E,med,7000.0,0.6286709549018872,28878.68890827269,0.012698801003660325,-1.6762956234916633,0.1,1,0.6604996847561404,0.35,1,48.00542558009273
B03071,salary_advance,6,new,C,med,38500.0,0.5517567274787198,49675.8119864255,0.035635441674202045,0.3778810415000136,1.0,1,0.7336825588549516,0.08711603402018968,0,3.7949604424271706
B03072,salary_advance,39,loyal,B,med,16000.0,0.3933293937805484,39464.758102432614,0.013288797826815297,1.3715727724194169,1.0,1,0.5512658604627937,0.05558935133273605,0,36.346773775407044
B03073,salary_advance,12,established,D,med,12500.0,0.47529880304345445,90637.28433699391,0.005462464188535423,0.21472994343374963,0.5,1,0.5927751883449003,0.12701087988410162,0,10.75553716198323
B03074,salary_advance,12,established,D,med,8500.0,0.533382929563007,23476.726484897805,0.016093083023457473,0.1691638812603849,0.5,1,0.6328844662772956,0.12614973241078453,0,12.243003549278624
B03075,salary_advance,8,established,E,med,7000.0,0.48959734904191443,14634.139939634237,0.019515902867259422,-0.6141180390183223,0.5,1,0.6390119528840167,0.24800570959975066,0,8.298591491666109
B03076,personal,9,established,E,med,6000.0,0.6836209819421609,74809.37298720806,0.00456908643024622,-1.001738743272026,1.0,1,0.7778321056291682,0.26934969942458603,1,7.449561837855165
B03077,personal,20,loyal,A,med,54500.0,0.43839443384476484,44214.96319292772,0.04503094073282967,2.23814851476607,1.0,1,0.6167657359690912,0.0219862890676214,0,17.717414450346574
B03078,personal,8,established,A,low,17500.0,0.34499710887790924,34577.40476601387,0.014550565237180605,1.8743463698801421,0.25,1,0.39649811030410886,0.03964596704446586,0,7.724487527194145
B03079,personal,24,loyal,D,med,22000.0,0.4960105273649994,62589.69610180991,0.014528791320912053,0.39735286875389647,0.25,1,0.5088535864988968,0.13451258526068618,0,27.62065385865302
B03080,personal,11,established,C,med,3000.0,0.5623565321315991,35679.506918566294,0.003940332845792283,0.28152360509292695,0.1,1,0.6217303961919814,0.10495796751166073,0,13.86505475868551
B03081,personal,8,established,E,med,15000.0,0.5756174703072636,63795.97501807794,0.011278483284881027,-0.9808580570370188,0.5,1,0.6263777778490692,0.2722311154029437,1,10.282448485734514
B03082,salary_advance,12,established,B,med,10000.0,0.5620361533737199,30810.953613195466,0.015201199775399996,0.9925748499394539,0.1,0,0.48643295460601055,0.07677937116638829,0,10.191482877284072
B03083,salary_advance,19,loyal,A,med,19000.0,0.5156598275947425,44181.96060221707,0.01847951930070539,2.5096491716141998,1.0,1,0.6780323155862016,0.018985279559434787,0,17.438072715767177
B03084,salary_advance,14,established,E,high,2000.0,0.8179520674039816,35936.732076110195,0.0037934819526329673,-1.1792307799446933,1.0,1,0.8125083967546001,0.3299379837859844,1,13.097990165933155
B03085,personal,16,established,C,med,39000.0,0.6561851127773267,22496.025895677536,0.09479903812415495,0.4638832997023938,0.25,1,0.6644889763621935,0.11132870732714807,0,16.09246622986893
B03086,personal,24,loyal,B,med,15000.0,0.36276229828538564,24029.445572631812,0.01887071724090003,0.9390222426450403,0.1,1,0.3499175146504719,0.06401304836235219,0,24.241810717774104
B03087,personal,29,loyal,B,med,10000.0,0.48845414231036155,21675.237991303475,0.018779268710003662,0.9276065148892575,1.0,1,0.6614218632443475,0.0740846581827331,0,26.99671436406759
B03088,personal,13,established,A,med,7000.0,0.46668794717203055,31132.82171958364,0.008744296880713065,1.6428176678484692,1.0,1,0.6742661032448333,0.03926655263756044,0,17.119698472181213
B03089,salary_advance,9,established,A,med,8000.0,0.5202452268512178,20937.742623342514,0.016564830195566566,2.3860182121711526,0.1,1,0.5609820664231495,0.01779913857189518,0,11.675243005952685
B03090,salary_advance,17,established,C,med,5000.0,0.4666101204836678,34191.9241861005,0.005686163857777165,0.11651632212733762,1.0,1,0.6615375604845001,0.1143065755368629,0,17.608659790750274
B03091,salary_advance,21,loyal,B,med,7000.0,0.44903296496814915,33558.51336146912,0.007805348628231168,1.423173672156358,0.1,0,0.4511349443134843,0.04279648070511048,0,21.30198958121596
B03092,salary_advance,7,established,C,med,9000.0,0.42437323256961573,30116.689739442223,0.010568224037264547,0.43423370572605935,0.25,1,0.4210768205783473,0.11610732456627018,1,5.4135526992469245
B03093,salary_advance,10,established,E,med,7500.0,0.5247437339653429,30405.6969149492,0.010786295563154575,-0.28211529293969584,0.5,1,0.5625511246475501,0.195289694201189,0,11.556242055201256
B03094,personal,11,established,D,med,8500.0,0.49936262681076327,19704.707935166392,0.017950796081564475,0.27081415688101457,0.1,1,0.49928256582628455,0.12811769659015645,0,11.772077118778487
B03095,personal,14,established,C,med,14000.0,0.5048592423902507,23038.292404747666,0.02556623725002781,0.671499528500248,0.1,1,0.5391135830207818,0.09072967189408523,0,14.428061049703139
B03096,personal,10,established,D,med,8500.0,0.43946072715829,10733.931227011934,0.029000062992184477,0.21692868541698562,0.1,1,0.4476872029635219,0.1275868902791999,0,9.903827603540098
B03097,personal,24,loyal,E,med,2500.0,0.6830826467760746,25186.712672334634,0.005650157152160996,-0.4811812094861174,1.0,1,0.8124284203536598,0.20597471218483646,0,22.367481507987222
B03098,personal,6,new,E,med,17500.0,0.6368637811565478,15643.39126560054,0.05937073778213426,-0.4635606398556775,0.25,1,0.6541136926549347,0.20671624971875893,1,5.907734626896737
B03099,personal,6,new,E,med,7000.0,0.44831347403875077,28422.00184114639,0.009201188383946818,-0.4559074201746574,0.1,0,0.46272599251635105,0.20731701081112366,0,2.498666269964859
B03100,salary_advance,13,established,D,med,10500.0,0.5911692449602755,18160.986668997237,0.028482653435525175,-0.49244395493070436,0.25,0,0.5944322514390508,0.1690906189003125,0,11.483029654265268
B03101,personal,14,established,C,med,37500.0,0.39589902629929064,8709.154221734289,0.14205563774468535,0.31353958160566875,0.5,1,0.5349060301468437,0.10110144964374647,0,13.429926129244901
B03102,salary_advance,7,established,B,med,14500.0,0.658366364941844,92859.57073184662,0.008566979343486226,0.7681120962930776,0.25,1,0.678768247786134,0.06867433136940063,0,8.945368358627537
B03103,salary_advance,11,established,B,med,10500.0,0.6628153225982303,23687.76252611102,0.0244836719649717,1.329517600887196,0.1,1,0.6596881628346649,0.059299819449575714,0,7.712594952994655
B03104,salary_advance,13,established,E,med,7000.0,0.5931050349413087,59628.076475088536,0.005802265602071529,-0.5076223481606312,0.1,1,0.5660205799671916,0.245935984613815,1,14.112493640153545
B03105,salary_advance,13,established,D,med,19000.0,0.48908383663012445,20133.807892312285,0.038461812364203284,-0.2274786862287933,0.5,0,0.5507095955567779,0.12652934190089501,0,14.660678075968589
B03106,personal,17,established,B,med,28000.0,0.4322972031778236,68457.20150039572,0.01473465832627934,1.5545694519312379,0.1,0,0.4221889564803343,0.05281686819729416,0,18.752460141838164
B03107,salary_advance,11,established,D,med,5000.0,0.5133082014966602,14279.299429338198,0.01497821502719113,0.1855041359270798,0.5,1,0.5369695453110125,0.1251356705117011,0,8.507050114199245
B03108,personal,37,loyal,C,med,13500.0,0.5378363476545832,29638.1412541682,0.020415109231126695,0.43013102925163393,1.0,1,0.6813107842117345,0.11777164383033983,0,39.04102980665525
B03109,salary_advance,21,loyal,C,med,23000.0,0.6706798866031408,14753.57668061069,0.08712936601640457,0.5748962786043507,0.25,0,0.6928127435237765,0.09861654010743601,0,20.854729233042214
B03110,personal,10,established,B,med,25500.0,0.6103062424249069,112466.28352931053,0.011531462803382617,1.1330308187216436,0.1,1,0.6107448703928468,0.07262714591825019,0,10.127507172677142
B03111,personal,17,established,B,med,6500.0,0.6087985677990551,23456.576654258388,0.014058568552086138,1.1718086807150292,0.1,1,0.5771044747753933,0.059268710921474566,0,16.713915047221306
B03112,salary_advance,17,established,A,med,11000.0,0.5168548846067446,42431.61092496017,0.011165817980861727,1.4632081005888478,0.1,1,0.4810914470483555,0.03739000007323038,0,14.46131550364204
B03113,salary_advance,32,loyal,B,med,9500.0,0.4160163278105163,34469.066736158726,0.00955483541337567,0.7765676113575479,0.25,1,0.43663913529689863,0.07756263291624378,0,30.84789461572869
B03114,personal,11,established,E,med,4000.0,0.5397115278186269,26528.274495471403,0.006781588551374498,-0.8724359774890017,0.1,1,0.5689261199610172,0.27267733987419424,1,10.368935485932008
B03115,salary_advance,25,loyal,A,med,19000.0,0.4578768891952536,35765.74695904458,0.02027000140821844,2.6752130777592544,0.25,1,0.505690910287465,0.016201372293787132,0,25.75706630268082
B03116,personal,16,established,C,med,9500.0,0.40892769399998885,56814.40128178607,0.005698105007056419,0.8563089769555172,0.1,0,0.397204528629547,0.0809727666174799,0,13.536920495208017
B03117,salary_advance,37,loyal,C,med,5500.0,0.5827700899194125,38851.938908471544,0.006874893901922865,0.29334101860761036,0.1,1,0.5951165713669526,0.1131266224883679,0,38.05460083811074
B03118,personal,33,loyal,A,med,7500.0,0.5656235657796013,29417.65197017752,0.012017095347060002,1.8238188469444112,0.5,1,0.642941579556536,0.03108135834852354,0,28.69936568776024
B03119,personal,18,established,E,med,17500.0,0.6431642863331162,35797.295179459616,0.02620164213153511,-0.5356089152590949,1.0,1,0.749557511387075,0.18129041443355795,1,17.19564984516637
B03120,personal,14,established,B,med,27000.0,0.5530272713851766,77131.82708594884,0.016132268709648193,1.4107034031886563,0.25,1,0.6175421544868211,0.04487890803816394,0,10.164617273867462
B03121,personal,21,loyal,A,low,29500.0,0.30755691842055094,21391.614850450478,0.035344569810941556,1.8782845893844913,1.0,1,0.5657652727258885,0.03337975408802768,0,21.360517316176107
B03122,personal,14,established,E,high,27000.0,0.726662316708985,9704.66719059251,0.16847462983379166,-0.9214827716810559,1.0,1,0.8308890740514909,0.21237836110667285,1,15.084382866093907
B03123,personal,41,loyal,B,med,43500.0,0.3672071350817291,14719.441737838508,0.0904331759573063,0.9817583030209609,0.25,1,0.4538438092437728,0.06000165219538747,0,39.77021262260049
B03124,personal,17,established,B,med,9500.0,0.5128001831443804,15334.064504238653,0.026474833958325276,0.7821907039613288,0.1,1,0.5081572724696224,0.05928042680249374,0,17.426839009580654
B03125,personal,13,established,A,med,5000.0,0.5157974980061303,16569.123297435814,0.012970850678773127,2.614909199586332,1.0,1,0.6669023780294077,0.01605998677871942,0,13.051958341319184
B03126,personal,12,established,E,med,16500.0,0.643432795925137,16885.34154220038,0.052395747648097186,-0.7423011176338571,0.1,1,0.6561611151282518,0.2710213509785962,0,14.25630556408146
B03127,personal,8,established,A,med,16500.0,0.376049604130735,26556.245480257057,0.019470681804932447,1.432543276993829,0.1,0,0.4477205944024807,0.03933242305028204,0,9.107603222499066
B03128,salary_advance,22,loyal,C,med,9500.0,0.4229266231761405,30824.954775413204,0.010861878385674173,0.7673460180335542,0.5,1,0.4971864049056602,0.0873228404706887,0,25.421874858209655
B03129,salary_advance,10,established,E,med,39000.0,0.651021710026531,30643.30394065083,0.06904675036621681,-0.8913641835805693,1.0,1,0.8042539240218799,0.35,0,9.17603050379914
B03130,personal,30,loyal,D,med,5500.0,0.6063640870813732,18003.962428361592,0.015436428194708278,0.2800128301657128,1.0,1,0.7521009834892978,0.13943625050720104,0,32.98838375018517
B03131,salary_advance,8,established,C,med,38000.0,0.44023658566222074,46473.848582079576,0.029997139548310625,0.3524647610997071,0.25,1,0.4661198160101205,0.11109861807669619,0,4.50468488936508
B03132,personal,17,established,E,med,9000.0,0.6623943856736505,36096.482502805025,0.013762997245413935,-1.058890193115289,0.1,1,0.6675869470939159,0.31622430010101127,0,18.316630363514218
B03133,personal,30,loyal,B,med,3500.0,0.38255627923421126,64197.51299946488,0.0017380566561445304,0.7121736188515295,1.0,1,0.6051923977013859,0.06844657702625728,0,28.60343931619256
B03134,salary_advance,5,new,B,med,25000.0,0.5825915483633052,42861.04164858648,0.028317846364417056,0.9578092554985816,0.5,1,0.6405419424588428,0.05467356067417089,0,7.338551241905558
B03135,salary_advance,49,loyal,B,med,15000.0,0.43331765745959167,22198.001311108263,0.024400713570254636,0.9882006540620124,0.25,1,0.43800484549674973,0.06687800309973868,1,46.71952444612306
B03136,salary_advance,13,established,D,med,11500.0,0.5857885714668003,55161.391985162765,0.010177058520810165,-0.19184408937987663,0.1,1,0.6316818565114183,0.1712007759002295,0,17.914957445008504
B03137,personal,17,established,E,med,11500.0,0.5690087319169888,31271.81049223163,0.017437430905679136,-0.148472068406966,0.5,1,0.684327273924232,0.18099243302191845,1,15.887225129297697
B03138,salary_advance,22,loyal,B,med,6000.0,0.6432996412446773,41726.35574464448,0.007708552900971275,0.7454566432065488,1.0,1,0.7759064729914417,0.07454017585445913,0,21.26285727497079
B03139,personal,24,loyal,C,med,6000.0,0.5621747875399539,39984.0680131937,0.0070299848849102965,0.6173216274810487,0.25,1,0.6386214060529392,0.09147854323729986,0,21.65411054966439
B03140,personal,19,loyal,B,med,4000.0,0.4393721401722466,25125.13683953358,0.005829117707608645,1.509830762240031,0.1,1,0.42639206783865113,0.04480955187962202,0,18.94717824954555
B03141,personal,28,loyal,C,med,6000.0,0.5707672911075179,28475.481827314754,0.010022083112918856,0.6719397533860894,0.25,1,0.6031548214395607,0.08387248865293093,0,32.31978206253135
B03142,salary_advance,21,loyal,E,high,4000.0,0.7800048412695393,25027.83669913821,0.010388497291316664,-0.6526966286297106,0.1,1,0.7632603392304415,0.22164959219549896,1,17.622370102169292
B03143,personal,43,loyal,D,med,7500.0,0.6438054292712204,16829.347922203924,0.023909327631383263,-0.1623210719886914,1.0,1,0.787247482013296,0.14304418827980808,0,45.11486653884124
B03144,salary_advance,21,loyal,B,med,6000.0,0.5188894754712057,8270.232258823342,0.031370913127476745,0.9160210508966367,1.0,1,0.6309914563578367,0.07332768495425317,0,25.215989020310047
B03145,salary_advance,48,loyal,A,med,11500.0,0.4018314266471904,18368.76498543281,0.02096430820701783,1.8741244849541139,0.5,1,0.5124889108663205,0.03344783157626179,0,47.56234243706204
B03146,salary_advance,26,loyal,A,med,7500.0,0.41567317216660093,30017.658707493843,0.008654763355653322,2.0478464415365516,0.5,1,0.5286794037734943,0.026424822267319244,0,23.157423050600965
B03147,salary_advance,6,new,A,med,7500.0,0.5418676625480543,48877.46269174042,0.0069289048662046,2.124685341587455,0.25,1,0.5693410970215287,0.029138700782408378,0,2.691253793816581
B03148,salary_advance,60,loyal,C,med,42500.0,0.43915040233049546,41680.74262831695,0.037315178269652985,0.8806143975793048,0.5,1,0.5428394414008244,0.08360474470620284,0,62.1798477466322
B03149,personal,11,established,C,med,59500.0,0.5325098632691504,23068.25704864437,0.11445864331268876,0.7633091755024936,0.1,1,0.566686791327218,0.08728808254536409,0,7.157758695928497
B03150,personal,37,loyal,E,high,14500.0,0.7430466796835544,18506.97285989472,0.04851404268441784,-1.0544615344029693,1.0,1,0.8635466064969456,0.25729527642742805,0,38.87069252641569
B03151,personal,16,established,C,med,3500.0,0.5616396580328359,24369.050762382027,0.006722115215875218,0.42988157316148295,1.0,1,0.7271321790306825,0.1042889488756775,0,15.689154991775085
B03152,personal,29,loyal,E,med,10000.0,0.4928841177937128,15736.630789619581,0.026100680019704725,-0.6752641014608617,0.25,0,0.5205701087101355,0.20379530108765848,0,32.90832016053829
B03153,personal,11,established,D,high,5000.0,0.7605437841159998,8405.165236484385,0.03770220268914225,-0.06253919575474984,0.25,0,0.7680865743732731,0.15028615390839642,0,14.857037701091425
B03154,personal,23,loyal,A,med,13000.0,0.598207899787952,11500.783658693997,0.056349078231179135,3.429838388872142,0.25,0,0.5899487741342904,0.015,0,23.772798180167715
B03155,personal,14,established,D,med,37500.0,0.6039412093002244,57302.97075459455,0.03293574930252419,0.3035542361904297,0.5,0,0.5851480557194884,0.13395341616083584,0,13.096169718355561
B03156,personal,39,loyal,E,high,7000.0,0.7084665227561111,74720.27086709952,0.005530923984596638,-0.4638132191803288,1.0,1,0.8183786633733356,0.21614763156860925,0,39.2351867278233
B03157,personal,20,loyal,C,med,42000.0,0.5042594589586948,40727.855011840125,0.04333417769834306,0.8077890059579054,0.1,1,0.5145890078156082,0.08999694271305846,0,18.248267275394998
B03158,salary_advance,27,loyal,D,med,12500.0,0.6279319999833423,26056.33115188255,0.025103144011459324,0.2329248134106453,0.1,1,0.666616860533569,0.13702435591567338,0,26.46901368883323
B03159,personal,5,new,E,med,3500.0,0.5963265093981881,12504.711784714573,0.01390904230625642,-1.3107441131575512,0.1,0,0.5966142424336813,0.32597259419914976,1,6.254006454165252
B03160,salary_advance,15,established,A,low,5000.0,0.331660974297279,24621.550769645262,0.005612646982181019,2.453139533390501,0.25,1,0.3597687447912132,0.018909318227522145,0,14.01037316579128
B03161,salary_advance,20,loyal,B,high,29000.0,0.728327508846244,37665.94261460638,0.0467298756081717,1.8168120262667529,0.5,1,0.7642456464505014,0.043812634506403055,0,20.906759628709196
B03162,personal,18,established,C,med,8500.0,0.4107686721010882,42464.966607982366,0.006851792571139742,0.34553662499574495,0.1,1,0.4417879244558361,0.10731416286593612,0,20.15015938448907
B03163,salary_advance,27,loyal,C,med,3500.0,0.5770177844071669,39294.74407831307,0.004282935484959867,0.35817670975245874,1.0,1,0.7191979125745351,0.09049241524455474,0,25.87943193392075
B03164,personal,13,established,E,med,3000.0,0.6132741435328612,52326.720993155905,0.002930023761727181,-0.3107894829721992,1.0,1,0.7552386521755358,0.2002537897281048,0,9.57105857971861
B03165,salary_advance,16,established,A,med,73500.0,0.5346646458896718,78325.12763036058,0.04181060478482828,1.8924818668441503,1.0,1,0.735067942464481,0.0327028586103537,0,8.894986943132345
B03166,personal,31,loyal,C,med,6000.0,0.5272635499751361,21530.756064727866,0.012244427190341687,0.7065775376645679,0.25,1,0.559676988396017,0.10204562078935757,1,30.209412536178107
B03167,personal,4,new,E,high,27500.0,0.7022888016297597,125859.51787855882,0.012787366932559779,-3.4328051429488133,0.25,1,0.7293973986845865,0.35,0,5.142961866462434
B03168,personal,22,loyal,A,med,19000.0,0.46001653505891,8857.628537945979,0.08222962960379185,2.820938515658837,0.25,0,0.46313535676470713,0.015,0,23.876423894243036
B03169,personal,13,established,D,med,5000.0,0.6082576235837354,17534.553606146386,0.014453785490403619,0.18306235697228504,0.25,1,0.659355691194211,0.1510121110237222,0,14.975016184117285
B03170,salary_advance,9,established,B,med,9500.0,0.5322539054831735,30031.440825938123,0.014030884419313118,0.693369005734817,0.25,1,0.5354949950330863,0.06785384250997979,0,6.2550507433890425
B03171,salary_advance,19,loyal,A,med,29000.0,0.47815160753325414,36386.90577464416,0.03175683743749156,1.8366948134347965,1.0,1,0.7065578511561201,0.030798846619668408,0,16.746941227031368
B03172,salary_advance,32,loyal,B,med,10500.0,0.38077356793576345,24345.453352759436,0.013685383760004168,1.2154028273115869,0.1,1,0.47030361156650724,0.04897656208101508,0,32.89034700222899
B03173,salary_advance,29,loyal,A,med,4000.0,0.6893450020424645,20482.55307275327,0.011218409469332861,1.4969086177168096,0.1,0,0.6394839516056942,0.03224442806742168,0,27.564045474752106
B03174,salary_advance,15,established,D,med,5000.0,0.624545190836771,90347.80286671607,0.002880282138488192,-0.0737234673649248,0.5,1,0.6943319793451981,0.1670947896460292,1,11.916167221216389
B03175,personal,26,loyal,E,med,16000.0,0.6284824957030731,19951.559369495393,0.042000559726606705,-0.8297953239663866,0.25,1,0.6838572592917622,0.2353603853518376,0,21.15941931761609
B03176,salary_advance,26,loyal,B,med,15000.0,0.4581561956667685,15357.27101194003,0.037291472172249825,1.0302327814731966,0.1,1,0.4575512783004855,0.0731084469692788,0,24.545562602981562
B03177,personal,15,established,B,med,11000.0,0.4033514593727029,68183.2429492785,0.005422722970706448,1.43161465227459,1.0,1,0.5873062701528003,0.049335867238341935,0,10.400469804381476
B03178,personal,11,established,E,med,4000.0,0.6814955871551995,42917.45849848404,0.005293071949412474,-0.6478025583831176,0.5,1,0.6855987156979109,0.23897696588611445,0,7.393792288256616
B03179,personal,11,established,E,med,6500.0,0.5882299556064235,49123.58142752505,0.006486183417976122,-0.7280239948197764,1.0,1,0.7299875158110594,0.22278851673506905,0,7.531472378504684
B03180,salary_advance,26,loyal,A,med,30000.0,0.541454982552544,29963.318045061955,0.04517648727506143,1.9710192603799372,0.25,0,0.5657144389346392,0.026857024881062213,0,29.88855358741246
B03181,personal,16,established,E,med,2500.0,0.4568087387138518,12622.135282064657,0.007539808844172469,-0.4572452051410914,0.25,1,0.5220155073305099,0.19815314501513936,0,19.423458644537
B03182,personal,9,established,E,high,45000.0,0.7283576962304825,28184.87718813928,0.09690804549660088,-0.410559913834402,1.0,1,0.8396498370830997,0.21196040532609933,1,8.000765815923835
B03183,personal,6,new,E,med,18000.0,0.6700595961133161,11701.494210244015,0.0858941068645809,-0.3731442729462419,0.5,1,0.7497661821993348,0.18386399775551343,0,5.839634514331999
B03184,personal,25,loyal,C,med,5500.0,0.5418135036387168,30738.428272766392,0.008078851233514808,0.3350190190095209,0.1,1,0.5250307660302573,0.10064696885989335,0,19.177198389767366
B03185,personal,12,established,E,med,12000.0,0.6890033012729029,38536.90426822209,0.017879051635215592,-1.5736380959020388,0.1,1,0.6764097924904127,0.3447357670955297,0,11.756201656548061
B03186,salary_advance,19,loyal,D,med,12500.0,0.6288215888499962,48604.9583414216,0.013476454064300605,0.2106598874583735,0.25,1,0.6147086476621367,0.12472394728005852,0,19.457370965215535
B03187,salary_advance,32,loyal,B,med,15000.0,0.38916063406648493,25570.29346408056,0.019024059824203413,0.9803680191397219,1.0,1,0.6280325563569136,0.062011202805708064,0,33.7706207995116
B03188,personal,8,established,C,high,5500.0,0.7103777913318501,40596.99403947439,0.008020047511658412,0.2232379361748293,0.25,1,0.7070058557720971,0.11914903579460448,0,4.6006810298229865
B03189,personal,16,established,B,med,45000.0,0.5616174428704684,16364.750695519606,0.12869523342881492,1.1579930525795872,0.5,1,0.5957228688158535,0.056247045705102486,0,17.07922115330872
B03190,personal,14,established,A,med,11500.0,0.4153561456858179,45782.0467826034,0.008694448317387795,1.8393922221948047,0.5,1,0.49671255529588243,0.03136643424869699,0,15.24425692130758
B03191,personal,20,loyal,A,med,29500.0,0.37541144976669205,38988.338393403166,0.02367083386227621,1.9124834466644032,0.25,1,0.45735854795146513,0.03287738041649699,0,20.67747129690773
B03192,personal,32,loyal,B,med,6500.0,0.6047725643953499,17324.177037595626,0.01890913134497417,1.3146523840739346,0.5,0,0.6010665257521765,0.055499672500550795,0,34.78453813549443
B03193,salary_advance,7,established,D,med,5500.0,0.5825056713708864,36015.311770372864,0.007413007216131217,0.20126540923279257,0.25,1,0.6557869890366872,0.1575881881376918,0,7.812404249153731
B03194,salary_advance,22,loyal,D,med,51500.0,0.6095164843642175,48988.784617301906,0.05339674374787206,0.12693093004311995,0.1,1,0.603244817275918,0.14255903539545878,1,20.621309505110403
B03195,personal,29,loyal,D,med,9000.0,0.5528345544245364,28092.425344781892,0.014759349209961263,0.417878432508402,0.25,1,0.6269824755503628,0.12829214218635474,0,27.812248792811026
B03196,personal,14,established,C,med,3500.0,0.4382852739980582,17113.41698955474,0.007469765096831566,0.585578769772898,0.25,1,0.4984487991019148,0.08162036792020345,0,12.278706715760663
B03197,personal,15,established,B,med,24000.0,0.5770116742642014,29666.261207393163,0.03890019508898571,0.8219377982456677,1.0,1,0.7270046570139481,0.06072294566105093,0,12.30426424968542
B03198,personal,20,loyal,B,med,6500.0,0.49996311924229414,36455.510685109366,0.007428598616967371,1.0230857335158503,0.25,1,0.5681718854765435,0.06465878531293817,0,19.781916616014108
B03199,salary_advance,19,loyal,C,med,23000.0,0.536588341854271,17042.905597995214,0.06034540194102811,0.6288245286239474,0.1,1,0.532850184450191,0.09923114433396303,1,20.266815834317164
B03200,salary_advance,22,loyal,B,high,48500.0,0.7198985670195437,15456.66890675811,0.188241726548974,1.5368622398422613,1.0,1,0.8406644411691174,0.047373556854194844,0,20.322110496110295
B03201,salary_advance,22,loyal,A,med,4500.0,0.5654512799819316,35842.59566018876,0.005915984210617509,2.0108725050835026,0.25,1,0.61723777806622,0.03463858255685095,0,21.297438541610166
B03202,salary_advance,9,established,A,med,10500.0,0.5999553821559249,42311.9517952539,0.01240691901727206,1.2301603840675415,0.5,1,0.6762305415976587,0.03819459517409285,0,7.786750168341465
B03203,salary_advance,28,loyal,C,high,59000.0,0.7737121791314824,87760.47796943769,0.043346218807679575,0.717986944836601,1.0,1,0.8477581793923067,0.09776200185173978,0,25.84390295083206
B03204,salary_advance,31,loyal,D,med,34500.0,0.6094640570602843,38798.99574029158,0.04516119890775165,-0.08384869250600668,1.0,1,0.6839643132373497,0.15730622964382615,0,31.54503695704012
B03205,personal,18,established,E,med,6500.0,0.6185447875094013,13835.666479022835,0.024216042916490002,-0.8575674293881075,0.5,0,0.6725417338914348,0.21371605590685808,0,21.945046875773457
B03206,personal,7,established,E,med,10000.0,0.5384758441430416,82609.58104628223,0.005431934945509521,-0.6812176235921815,1.0,1,0.6680479941210214,0.24741707901972962,0,8.80112517249568
B03207,personal,15,established,C,med,13000.0,0.5100943945834737,48061.798539692696,0.011497744104236691,0.2570751986749299,0.1,1,0.4490728096190638,0.11993017712566785,0,14.57013098410628
B03208,personal,18,established,C,low,5500.0,0.3438365983871274,8929.36786063652,0.017648704445863538,0.5198037535556334,0.5,1,0.4375148980450477,0.10113752747122318,0,16.739832018589457
B03209,personal,8,established,E,high,8000.0,0.7116372742454599,15265.344810986118,0.031078554423188697,-1.41453231794403,0.25,1,0.6892695069608125,0.35,0,7.891394601647629
B03210,personal,13,established,E,med,4500.0,0.4688703761067065,20530.007359786723,0.008564360838195118,-0.5039951083635509,0.25,1,0.5619140772832336,0.21297875020496834,0,10.219790418640462
B03211,salary_advance,7,established,B,med,5500.0,0.6246086425820655,42657.31308750345,0.006711134397897948,0.5932854653053938,0.5,1,0.6865610273936489,0.07410921438939785,0,6.572029369862493
B03212,salary_advance,22,loyal,D,med,7500.0,0.5702452961642798,7268.460370092905,0.04903422347449895,-0.1496799100976025,1.0,1,0.6928446858919848,0.15522088590998398,0,22.410052707283857
B03213,personal,18,established,C,med,22000.0,0.5565789234287212,25197.20037637949,0.04049635188475939,0.43390415305960467,1.0,1,0.7445189805341327,0.08230257749248762,0,15.585250387300817
B03214,personal,6,new,E,med,4500.0,0.58050262791415,41339.62948218519,0.00526585477892627,-0.30742829091656576,0.5,1,0.6078127927107514,0.1913399900805889,0,9.133234882075993
B03215,salary_advance,19,loyal,D,med,5000.0,0.697102119435221,5660.333951395322,0.051314855081958786,0.02657972833074329,1.0,1,0.7791468052223863,0.16618675936165253,0,20.823381876286597
B03216,personal,15,established,C,med,3000.0,0.6756312879982989,40567.28086286376,0.004163646623754783,0.05320543244889753,0.25,1,0.6354755735036528,0.11594099482404159,0,15.442263183987015
B03217,personal,21,loyal,B,med,6000.0,0.5262287747471722,43339.46360365017,0.006071011625335987,0.7922803295791006,0.25,1,0.5116550120414673,0.0708202096447752,0,22.928363770290165
B03218,personal,13,established,E,med,39500.0,0.5205959467876761,16887.70472215484,0.10147194974309758,-0.8485289142699277,0.1,1,0.5250863310210023,0.2295054471480306,1,15.334267467716204
B03219,personal,10,established,D,med,7500.0,0.6650104420899218,14266.822309961286,0.029132733083526364,-0.24261237981404754,1.0,1,0.7807485103634921,0.15951176579385648,1,11.876201378257052
B03220,personal,10,established,C,med,5500.0,0.4483987616897933,16743.050310111146,0.012274710718853336,0.46767837730710793,0.1,1,0.4660658812727185,0.10567856775564581,0,10.162677296496053
B03221,salary_advance,12,established,E,med,45000.0,0.43287790510212953,6187.869756162543,0.26233456877729816,-0.4120901833167675,1.0,1,0.6476225892075145,0.18002417473324173,0,12.434042951091326
B03222,salary_advance,16,established,E,med,2000.0,0.6836297950914041,22484.81695100781,0.005067343862756852,-1.307756840423902,0.5,1,0.7087348810256642,0.35,1,15.304231335598205
B03223,salary_advance,17,established,E,high,5500.0,0.7386483926733132,30356.864251882416,0.011152244749860006,-1.1865738456897543,0.5,1,0.752179990308399,0.34714663785010197,0,17.63785126153563
B03224,personal,14,established,E,med,18000.0,0.5521843624520587,13757.848792195045,0.060203928403979624,-0.4180508640569697,0.1,0,0.5058576957103398,0.21765358717544228,0,9.143121477975617
B03225,salary_advance,13,established,E,med,15000.0,0.6519929052202413,45918.67933286816,0.01774857516300428,-0.9684182763051384,0.25,1,0.696832631674595,0.24148199339782614,1,12.789253936561764
B03226,salary_advance,13,established,D,med,5000.0,0.5294150925475809,28464.470782935612,0.007749647747783472,0.002278104823754068,0.25,0,0.5579349688601558,0.16881526733418414,0,10.418373154111398
B03227,personal,60,loyal,A,med,18000.0,0.5489046452245172,31039.31052194966,0.02652626472661283,2.064942851172679,0.25,1,0.522569529121609,0.03438015939595173,0,58.591762446721255
B03228,salary_advance,10,established,E,high,9000.0,0.7229231577181515,21566.615846876695,0.025140354524705585,-1.0285983876886817,0.5,1,0.7627426611372896,0.3334128491366968,0,8.658877526753344
B03229,personal,12,established,D,med,11000.0,0.5553714083635227,40484.48816320623,0.012574951068030108,-0.2826048514777008,0.1,1,0.5485556149223737,0.1703062882448912,1,12.936925606094276
B03230,personal,60,loyal,A,med,8000.0,0.3583685375438704,54710.36054899837,0.004366857684087302,2.5323045542713842,0.25,1,0.4422524731216128,0.016869489524437033,0,60.344618789726354
B03231,personal,20,loyal,B,med,24000.0,0.38448422444681113,21501.215483648404,0.03576395248345006,0.8081300829757099,1.0,1,0.5625642932867307,0.06694787416756215,0,17.850227173859743
B03232,personal,7,established,D,med,7500.0,0.6694737564322794,40887.00126326942,0.010233597105250675,-0.3677232874755995,0.1,1,0.6873993338338269,0.16074407542031188,0,8.923781256576213
B03233,personal,26,loyal,C,med,12500.0,0.44232059762126,41135.01983540078,0.01120093352004717,0.24311736548076168,0.25,1,0.5223785948446487,0.11868981016590913,0,26.11799415839298
B03234,personal,9,established,C,med,39000.0,0.5846888415153928,33854.55506335244,0.05612948483207317,0.4293625083932779,0.5,1,0.6587299895994396,0.11529294378141905,0,8.136177672300656
B03235,personal,27,loyal,A,med,30500.0,0.5530431878905796,67668.75336309447,0.020772533348533323,2.09577193062744,0.25,1,0.5890979600184306,0.032754170800733104,0,26.57206045848162
B03236,salary_advance,14,established,D,med,19000.0,0.5256276067191341,18041.513374095313,0.046129373594212784,-0.18085360747724266,1.0,1,0.6437401731220558,0.15198609442850347,0,14.160117535632544
B03237,personal,12,established,E,med,4000.0,0.5905704913492513,21335.94369155025,0.009226534963518504,-0.7576102828882827,0.5,1,0.6888076621438141,0.23833410684084771,0,10.578341445465446
B03238,personal,39,loyal,E,high,2500.0,0.707344916766058,17547.59781698727,0.008397931492571831,-0.9788087327802274,1.0,1,0.8279401736290325,0.27216998479277643,1,42.16514092403909
B03239,personal,22,loyal,C,med,9000.0,0.46154587544340314,40085.17742183456,0.008635596219015308,0.5030960325098041,0.1,1,0.4590573201024281,0.08924214418040383,0,19.804026008587968
B03240,salary_advance,28,loyal,E,med,2500.0,0.5140804275614512,23158.85644998409,0.004624584521546007,-0.655687369817913,0.1,1,0.4987676651028395,0.24373628442836867,0,29.786874810475357
B03241,personal,20,loyal,D,med,12000.0,0.5482517695799773,18349.13977393484,0.029878881317301598,-0.06378262482179459,1.0,1,0.7102030428862289,0.1555973948861274,0,16.387912767130715
B03242,salary_advance,12,established,E,high,10500.0,0.7113042397121724,67153.1556378527,0.009268234736497225,-0.5586834411103524,0.1,1,0.7594045282423314,0.21351852040871222,0,10.673595267027332
B03243,personal,23,loyal,B,med,11000.0,0.6563123543901882,72782.30909619505,0.00826601499267983,1.4741235102341057,0.25,1,0.6425687193601997,0.047459352724439074,0,23.058496081766176
B03244,personal,31,loyal,D,med,5000.0,0.5645518048699922,22453.884374264595,0.0104761347647019,-0.10839638736680579,0.25,1,0.6501413296685651,0.16582013281528252,1,33.28953668704956
B03245,personal,17,established,C,med,22000.0,0.47821660936984534,12681.830280697352,0.06913280111040669,0.39693032800561595,1.0,1,0.6216182809171018,0.11439889331740759,0,17.231760070283464
B03246,personal,44,loyal,E,high,8500.0,0.721225606720772,74976.84396342687,0.006813678878549192,-1.2040920016885628,0.1,1,0.698757966632513,0.28857904264802753,1,42.27074006666935
B03247,salary_advance,26,loyal,C,med,10000.0,0.3637974025576108,34853.25443002623,0.008698312599186284,0.8815069544528455,1.0,1,0.5129349557249601,0.08204868017045695,0,27.056628794698035
B03248,salary_advance,18,established,E,med,6500.0,0.6359735576842729,33907.69662169379,0.01015951277736108,-0.8531603058607488,0.25,1,0.6575628027772228,0.26182418049301387,0,19.32586864829084
B03249,personal,18,established,E,med,2500.0,0.5835204114893787,28502.59900559202,0.004265111134944922,-0.4256484999298592,0.5,1,0.6384050067746876,0.18192028232480462,0,18.33013719684494
B03250,salary_advance,17,established,A,med,19000.0,0.584887924867755,17323.604097072628,0.05345726804411145,2.561202574256224,0.5,1,0.6642359305080484,0.0190419037065906,0,17.613431952380715
B03251,personal,8,established,B,med,3500.0,0.6580708234171613,21433.12709585032,0.008955171246748831,0.9321743772408836,1.0,1,0.798321362030511,0.07305534206855481,0,9.02178622736183
B03252,personal,15,established,D,med,7500.0,0.48284451372815906,39055.774675183646,0.007726842537112737,-0.1284125828313069,0.5,1,0.5876659681225923,0.17820128679819663,0,15.118732818990553
B03253,personal,18,established,A,med,8000.0,0.448861917967883,21032.871485210828,0.014227314556439215,3.1989419097831964,1.0,1,0.5977160048261032,0.015,0,15.747609707657356
B03254,personal,13,established,E,med,4000.0,0.5650198739777278,34137.13045524658,0.005517158457108386,-0.9151746903733177,0.25,1,0.5964608394755997,0.30505219262076094,0,13.517876110362016
B03255,salary_advance,19,loyal,A,med,7500.0,0.45292891908881944,27101.681893594432,0.010445129403478798,1.9152163820753612,0.25,1,0.5029830239397163,0.03153974428126143,0,17.08273073592205
B03256,personal,16,established,E,high,2000.0,0.700956394187263,15043.663632842512,0.007765798847218892,-1.5326744568471145,0.25,1,0.7913045257181915,0.35,1,13.646925192399012
B03257,personal,25,loyal,C,med,36500.0,0.5253641632721386,65619.08441238405,0.024352407193668598,0.15607724235205253,0.5,0,0.5026045111007146,0.11782610233680631,0,23.77637724579012
B03258,personal,23,loyal,E,med,15500.0,0.6319237267169815,37298.862536207154,0.021883638217754145,-0.9477897501805604,0.5,1,0.6820804001488486,0.2414797502048137,1,22.730889771502795
B03259,personal,18,established,C,med,3000.0,0.6435306645958575,32268.803989434717,0.004985702792134464,0.2572759150908748,0.25,0,0.6426850641352075,0.09280795884805841,0,13.006070978931291
B03260,personal,7,established,D,high,3000.0,0.7051507902607762,36507.08650125795,0.004828862406182964,0.05597025357875674,1.0,1,0.8248988677556609,0.14855688624975288,0,8.595794341989327
B03261,salary_advance,44,loyal,D,med,22000.0,0.5781984425385719,10035.755653824079,0.10562537735596043,0.4423352008164182,0.25,1,0.615915472703118,0.13252079536939865,0,42.1409040692273
B03262,personal,15,established,B,med,4000.0,0.5268932222126733,20511.709944937968,0.00856247843511626,1.0920570251263066,0.5,1,0.6056408897094364,0.04875839140444184,0,16.03110612972432
B03263,personal,15,established,E,med,7000.0,0.4840908510389607,11614.210875375678,0.024313862801599327,-0.5670989730027903,0.1,0,0.5137514941282163,0.18838626725444732,0,16.595362551747318
B03264,personal,13,established,D,med,3000.0,0.6998850273721664,28812.86941164359,0.006072677259014468,0.32685174780732407,0.5,1,0.7705510950623047,0.12291762427717207,0,12.08110606667792
B03265,personal,12,established,B,med,14500.0,0.5776113133797148,32184.868941396693,0.021685563018386096,0.8205549402713387,0.5,1,0.6751956992128201,0.0755560794170202,0,14.226561656160452
B03266,personal,38,loyal,E,med,36500.0,0.640362449840682,29077.976743754378,0.06698434129134402,-1.083221208896183,0.1,1,0.6761229795064181,0.31992878725825363,0,38.368155386556666
B03267,salary_advance,35,loyal,D,med,5000.0,0.5753474121693718,51442.70969513994,0.004660098385652366,0.0015856583256163015,0.25,1,0.5960049651643168,0.1398416381060364,0,33.62865979589251
B03268,salary_advance,20,loyal,B,med,42000.0,0.5644437995448246,11807.099501333083,0.1673191030687796,0.8038609673158339,1.0,1,0.7709997841654573,0.07106948057631433,0,22.251019394261263
B03269,personal,15,established,C,med,23000.0,0.6122920534469234,17333.771114744402,0.06770366132897378,0.6301534194283186,0.1,0,0.5816282619828808,0.08552771207600361,0,12.779048484933778
B03270,salary_advance,23,loyal,A,med,77000.0,0.560083854091357,33789.027537972746,0.10636208434964121,2.171237765921533,0.1,1,0.5685029452433651,0.01793566706890468,0,23.532261370222926
B03271,personal,17,established,D,high,11500.0,0.7207852928241602,31106.284804174233,0.022206206129673396,-0.21587979872792037,1.0,1,0.8203067272128352,0.14331505671996317,0,15.390532801868448
B03272,salary_advance,14,established,D,med,20000.0,0.5915025616824126,13049.604384319693,0.07554540151336665,0.03352895735011585,0.25,1,0.644379757158644,0.156268622197091,0,12.565845997560759
B03273,salary_advance,19,loyal,D,high,11500.0,0.7330242839079859,51952.82776019961,0.01352152781084963,-0.12259603021366383,0.5,1,0.7889102794098322,0.17990247056157146,0,17.272448726409124
B03274,salary_advance,12,established,C,med,23500.0,0.6393318825647948,62866.71739087146,0.019915544960061645,0.6799840921770333,0.1,0,0.665517113269094,0.10274761284564311,0,13.21807038201146
B03275,salary_advance,18,established,D,med,3000.0,0.5597726830470601,33998.53974509908,0.0041161523939256235,0.05288242630190837,0.5,1,0.6259585302171314,0.14444894331832178,1,15.372418805777466
B03276,personal,18,established,D,med,11000.0,0.4106932974637469,11731.240972306217,0.0320911365555579,-0.27403226282571846,1.0,1,0.6158664788694644,0.12948917498418602,0,17.455278088628678
B03277,personal,22,loyal,C,med,13000.0,0.5597678390876151,29373.52052182664,0.020644960094618994,0.3061114941114917,0.25,0,0.536944630405152,0.10382343382559207,0,23.880131735914052
B03278,personal,11,established,C,med,3500.0,0.6892598277843462,32441.326921251668,0.006196852456901433,0.5516280620903391,0.25,0,0.6857671291703645,0.11202858389765893,0,10.600171648075817
B03279,personal,24,loyal,E,med,5000.0,0.5029978062298837,23167.060112121326,0.009046569493416003,-0.163730553179261,1.0,1,0.7085966886713422,0.19507407536591329,0,24.66658956933852
B03280,salary_advance,9,established,E,med,4500.0,0.6008020883989994,56442.88638593364,0.003991659491137805,-0.42215808890890494,0.5,1,0.7567723373051286,0.22499898237922716,0,7.0384188959586025
B03281,personal,12,established,C,med,9000.0,0.5624463364448546,25241.222150240163,0.016712136592388706,0.4317241861341032,1.0,1,0.6951480951048944,0.09953486802579742,0,12.790378148810172
B03282,personal,12,established,E,high,3000.0,0.7695388915482688,85604.94205332307,0.002247355331041885,-3.025724901882585,1.0,1,0.8778611212783863,0.35,0,10.788046526654862
B03283,personal,9,established,E,med,4000.0,0.5604780736311105,41386.684100576385,0.004514157840954008,-0.6036781736616855,0.1,1,0.6350570596350622,0.2153508205581615,1,6.7171155401168665
B03284,personal,28,loyal,E,med,4000.0,0.5210755966586322,31314.736219822495,0.0055466494858394805,-0.751309499407364,0.25,1,0.5414284924782968,0.2388188834598502,0,26.972214641304078
B03285,salary_advance,9,established,B,med,16500.0,0.5551376695233884,44633.280585203596,0.017101908835437604,1.5532582230167886,0.25,1,0.5840670941832425,0.052878289117135956,0,8.72795551263856
B03286,salary_advance,11,established,D,med,5000.0,0.4985672986105702,62441.59383837493,0.0033268909656403054,-0.09093276254289673,0.5,1,0.5742080018571637,0.15596814398297407,0,8.56542958493964
B03287,personal,32,loyal,D,med,5000.0,0.39406105181592693,44111.62400549355,0.0037221958752381187,-0.16071611526723084,0.1,1,0.4028521729497755,0.159642678569628,0,33.26165540365002
B03288,personal,12,established,D,high,5000.0,0.7345076296668415,25804.153358059804,0.011860294017316619,-0.04862248525327392,0.25,1,0.7600954393403034,0.148344274544324,0,14.015671582083836
B03289,personal,14,established,E,med,7000.0,0.6841399231667329,18714.311912067107,0.021324942307386168,-0.5953724284649136,0.1,1,0.6601088148971399,0.22549002583470232,0,14.62626890704776
B03290,personal,9,established,E,high,2500.0,0.7531652194267807,14513.59339114215,0.010811204123279124,-0.4026481581535347,0.5,1,0.7929451120826306,0.20362614500363918,0,8.48317018629964
B03291,salary_advance,26,loyal,B,med,60500.0,0.6121110855920557,7027.627808899679,0.4391325409433999,0.8471104104231632,0.1,1,0.6896040205146202,0.06731248649021335,0,26.863684585002417
B03292,personal,26,loyal,D,med,5000.0,0.6314124388677856,29608.843398782556,0.008885470892987609,-0.02204043450626808,0.1,0,0.5969167613257315,0.12565788823299884,0,26.898147092796357
B03293,personal,24,loyal,D,med,5000.0,0.6078622015565014,21737.22916052508,0.011651711239036817,-0.02921745227203698,0.25,0,0.6398372981741004,0.17227607646433163,0,23.807033430394902
B03294,personal,22,loyal,D,med,7000.0,0.5759795799234786,22386.856517658114,0.01500827452142189,-0.6101576737113087,0.1,1,0.5972900144755315,0.17835651096767735,0,19.793443787679735
B03295,salary_advance,17,established,E,med,16000.0,0.6621568373318056,47376.02811965774,0.01863549601243888,-0.8037837405205311,1.0,1,0.7759024151796432,0.29502095283158275,0,18.998153291832736
B03296,salary_advance,12,established,C,med,9000.0,0.489341332375782,25294.951747972023,0.014509061054495212,0.41063689759028055,0.25,1,0.5208054724463319,0.08049479597883381,1,9.766220609917639
B03297,personal,10,established,C,med,5500.0,0.4448660381562416,76290.75218122258,0.0026726297529562066,0.3066005097858225,0.5,1,0.509060965272729,0.10449097428295795,0,10.754831059244236
B03298,personal,33,loyal,E,med,6000.0,0.5935021019668596,19629.623213283183,0.015117511312322139,-1.0281566437839498,0.5,1,0.7231045398231036,0.31425765561181135,0,36.48926220286848
B03299,personal,25,loyal,B,med,10500.0,0.6391440882377891,15771.769189054035,0.03545899451763461,1.1599414153808474,1.0,1,0.7584937441825652,0.058090945322024024,0,26.1347605319677
B03300,salary_advance,11,established,B,med,10000.0,0.39291651000729266,13471.073934555252,0.024306185727788993,1.1140476398247472,0.5,1,0.5301147334613882,0.050001280841220457,0,10.242869505829042
B03301,personal,16,established,B,med,62000.0,0.40201372915563877,40035.14937995012,0.051881183563436684,0.9746891382786231,1.0,1,0.5886396133147034,0.0714569519866029,1,19.544913440083732
B03302,personal,13,established,C,med,53500.0,0.610360292929043,50681.55571091472,0.05369191219839801,0.29988908474059767,0.1,1,0.6075727571036588,0.11457328093858357,0,12.266754377565535
B03303,salary_advance,8,established,B,med,10000.0,0.4795729997478063,19401.056591693683,0.02059909286732393,0.9870821002889959,0.1,1,0.5065154098880625,0.06468058400565654,0,8.399670055362746
B03304,salary_advance,18,established,A,med,5000.0,0.5056297539752648,14985.067943334503,0.014059266528055506,2.535025844578322,0.25,1,0.5166121702764043,0.01715165244779782,0,16.50275502125761
B03305,personal,13,established,D,med,7500.0,0.6745405662785533,62420.680775500616,0.0067539771865090595,-0.3015216008772933,1.0,1,0.8128467161045109,0.1752455547969672,1,12.561889694744638
B03306,personal,9,established,E,med,26000.0,0.6628654260657393,12115.961152281041,0.11853854639275102,-1.0456915008895566,0.5,1,0.739692725607855,0.2692461872934499,0,10.11855924112033
B03307,personal,7,established,E,med,21500.0,0.5871535774221402,46892.878465838985,0.022433758116335183,-1.5340598832214616,0.5,1,0.6920367401084081,0.35,1,6.516900134032829
B03308,personal,6,new,A,med,7000.0,0.6147038871651754,19652.508178478485,0.018245878045515734,1.7556739302323163,0.5,1,0.6694840761571933,0.034612141570554276,0,4.7505295277940345
B03309,personal,13,established,A,med,7000.0,0.5617637347725802,33469.92141940132,0.009790746379246604,1.7687872586986573,0.5,1,0.6181996759592558,0.03358438646651551,0,16.977029567944047
B03310,salary_advance,15,established,E,med,4500.0,0.597822133015516,48645.1284164907,0.004608545751208673,-0.5745997419342306,0.1,1,0.6104636877128405,0.19895544872580612,0,13.970902553277556
B03311,salary_advance,10,established,E,med,18000.0,0.5896633269846084,34959.33837282986,0.025300678778415776,-0.37732081267855666,0.5,1,0.6967935102471291,0.22921753804631292,0,8.694859386170098
B03312,personal,23,loyal,C,med,8000.0,0.5968212059094032,22870.637589020815,0.017397014070591858,0.07600896246882799,1.0,1,0.7360627025797826,0.10808357635024003,0,24.92066343869199
B03313,personal,15,established,B,med,6500.0,0.48015828982872166,57980.005287319334,0.004485783315041774,1.2242568721459834,0.1,1,0.5075164832323433,0.05804693844556206,0,14.076264498525024
B03314,personal,22,loyal,E,med,4000.0,0.4519504722810947,31539.807644254037,0.004776508440579447,-0.8873021984803101,1.0,1,0.6398303034100112,0.2531869708639062,0,19.887141603622048
B03315,personal,14,established,E,high,3000.0,0.7251306650659367,203899.03590755077,0.0008890805464557418,-1.9666195248888751,0.25,1,0.75489055087517,0.35,0,15.225569920589427
B03316,salary_advance,10,established,A,med,32000.0,0.5267557740494229,10531.909555310158,0.13337392015710556,2.517514476562161,0.5,1,0.6175991993773405,0.016910777279228153,0,10.169381174255086
B03317,personal,17,established,C,low,8500.0,0.32990426889119695,10446.686906874407,0.022369024031037445,0.31237328692007543,0.25,1,0.382673574221025,0.11732862598477066,0,14.73137509670046
B03318,personal,8,established,C,med,5500.0,0.5941179749313321,46483.06410153185,0.005858135153240757,0.45441330591856066,0.5,1,0.6387033952734273,0.08981382147101567,0,8.052542307905407
B03319,personal,22,loyal,D,high,12500.0,0.7184762947039083,26437.450373563348,0.02830881179569525,0.19489399480000685,0.1,0,0.7139678608181356,0.12711348240824877,0,22.10538449812097
B03320,personal,9,established,D,med,13500.0,0.4358777724263664,41603.31653299172,0.011786620270785414,0.46578492371802366,0.25,1,0.4419946482726306,0.12602800365523853,0,7.554555985984684
B03321,personal,27,loyal,E,med,8500.0,0.6200873057582943,14704.23035426662,0.02987089413476243,-1.1142058833409858,1.0,1,0.7759892334288288,0.30420888678393126,1,28.651163254834543
B03322,salary_advance,13,established,D,med,17500.0,0.5707186832173813,27716.218106942804,0.030029280202681294,-0.4909205668602298,0.1,1,0.5837511400898643,0.16787760181608669,0,15.64943404554381
B03323,salary_advance,29,loyal,B,med,3500.0,0.6832537861212002,34597.081736529646,0.005760091437854887,0.8551578845226053,1.0,1,0.750014681581469,0.06574881792134732,0,27.81803761725725
B03324,personal,8,established,E,high,1500.0,0.7620610335306429,19949.493548521004,0.004774939722637344,-2.270890892900242,1.0,1,0.8917694000384516,0.35,0,8.824914841329331
B03325,salary_advance,11,established,D,med,3000.0,0.4767546366464233,30561.80599452478,0.003899921987036982,0.04748238618577083,0.5,1,0.598656806196679,0.13088057290834607,0,13.034683593136076
B03326,personal,20,loyal,D,med,12000.0,0.599151937826009,12722.922929061573,0.047092318421377226,0.03583562966559278,0.5,1,0.7240502925729912,0.14092139067305703,0,18.932308693958014
B03327,salary_advance,31,loyal,C,high,39000.0,0.7515546877979783,33428.114352711964,0.07306881595447424,0.4473097680496386,0.1,1,0.7451336093242373,0.10589768133389511,0,31.927169447471904
B03328,personal,41,loyal,E,med,5000.0,0.5176772316294662,59575.304514628835,0.0036206083757291127,-0.15108180782098113,0.25,1,0.5765964697725213,0.19591859541674198,0,40.16334810460499
B03329,personal,16,established,E,med,15000.0,0.6186820212519459,13620.511301831051,0.056778523906145,-0.9958919258744972,1.0,1,0.7365017585385759,0.27807110169291666,1,17.85899518573415
B03330,salary_advance,45,loyal,E,med,9000.0,0.6670137371408226,13175.649377242611,0.0379685500526207,-1.0720318502709199,0.5,1,0.7104178357228936,0.25700341145399364,1,46.172047439609145
B03331,personal,14,established,D,med,52000.0,0.502072985111869,51764.33020856448,0.042029899612058885,0.14474704716741205,1.0,1,0.6413572627837612,0.14805172984205317,0,13.574410288186789
B03332,personal,30,loyal,D,high,8000.0,0.72468689011729,13048.118222347706,0.037026380753055414,0.09987601320375677,0.1,1,0.7552075566867592,0.1550616449732858,1,27.885183031487298
B03333,personal,9,established,E,med,3500.0,0.5968181866015129,42716.07269713495,0.004075093052826067,-1.3752815465686778,0.1,1,0.6317535997904585,0.35,0,10.105504042309033
B03334,personal,20,loyal,C,med,13500.0,0.4069822697639988,27734.756897722098,0.016508349259124137,0.4625334128337707,0.25,0,0.36577033059339403,0.09707877413344479,0,15.801525398315327
B03335,personal,4,new,E,med,17000.0,0.5513750071705817,21379.71664986853,0.036535310840822614,-0.6449501950727061,0.5,1,0.6288638042161327,0.23895624850263128,0,4.474241506339268
B03336,personal,8,established,E,med,10500.0,0.6516160739656548,60269.934241018156,0.009460173997201891,-0.461023951662115,0.5,1,0.7226178408264524,0.1915776205347719,1,6.401566638397155
B03337,salary_advance,21,loyal,E,med,13000.0,0.5584834031437901,44823.20686356048,0.013498000903433052,-1.4068948868074505,0.5,1,0.5964518688894196,0.28648941439123904,0,19.120869698059767
B03338,personal,7,established,C,med,9500.0,0.5656682250444544,31377.41343041045,0.014272071187555982,0.682767512307893,0.1,0,0.5370632783018079,0.09146880465592237,0,9.661719962939866
B03339,personal,20,loyal,E,med,9500.0,0.6656577170406022,8234.051153645678,0.0639999699002542,-0.8330510401091301,0.25,0,0.6776278402902336,0.27726500094050877,0,17.854485408612405
B03340,personal,27,loyal,D,med,5500.0,0.42744636766659627,39804.67091343919,0.004921857511142261,0.4632702548412416,1.0,1,0.6212985811619118,0.12157313568331984,0,25.73805383780729
B03341,salary_advance,12,established,D,med,7000.0,0.5331970504895281,14928.494389397458,0.020834761006204315,-0.4582684434326929,0.25,1,0.5152619599125832,0.17944891626052287,1,12.091407007942365
B03342,personal,9,established,E,med,4500.0,0.6210498447432407,23819.02542497713,0.009777633115689863,-0.3887265175479852,0.25,0,0.6198082904031189,0.19221868518308852,0,8.943075129600585
B03343,personal,12,established,B,med,6500.0,0.5837977034615456,27011.925634486244,0.011706820177157096,1.152292491749911,0.5,1,0.6875385185546052,0.06052420516139165,0,13.145549682895412
B03344,personal,9,established,C,med,3500.0,0.48822516914222186,76382.01385354927,0.0018643002518827206,0.5316182008033739,1.0,1,0.6318017326181687,0.09629660962807995,0,13.186505296704171
B03345,salary_advance,15,established,B,med,16500.0,0.5153728972918924,23405.278858047175,0.030276833618357386,1.48003994628947,0.1,1,0.5483517907206975,0.04561608817668868,0,18.08979817036596
B03346,salary_advance,17,established,C,med,23500.0,0.5067507362834371,12301.487760336817,0.08067210063442706,0.6803854946215733,0.25,1,0.540390843489299,0.08527382038316116,0,14.472432615772924
B03347,personal,13,established,C,med,5500.0,0.6191699039772752,60373.40905657916,0.00470051650924057,0.3961435843407805,0.5,1,0.7171839410236079,0.10861570453990407,0,9.867550084252077
B03348,salary_advance,41,loyal,E,med,6000.0,0.6717526547353927,40100.84631760051,0.008375791490971056,-1.0311390002261778,0.5,1,0.7217088061746125,0.30737298429585014,0,40.47069608843196
B03349,personal,11,established,E,med,3000.0,0.5501832711568682,40930.74179051053,0.003360452602916323,-0.31752499386655414,0.5,1,0.653070840279772,0.206351338868456,0,12.044747425882665
B03350,personal,35,loyal,C,med,8500.0,0.6038475680359323,61000.046285939294,0.007011885838367155,0.17509106815139175,0.1,0,0.5856354367925599,0.11281769727264367,0,38.08585169026944
B03351,personal,9,established,B,med,6500.0,0.4696229580994306,69408.51730818747,0.0036649551405105664,1.2236648203519753,0.25,1,0.4662135639114372,0.053862148564995015,1,4.831481501318503
B03352,personal,17,established,E,med,7000.0,0.6353382988224887,16474.125291532284,0.022496733579958125,-0.5062293279069283,1.0,1,0.746712285790404,0.1926167048922157,0,18.12485221384537
B03353,personal,31,loyal,B,med,41000.0,0.581396511722723,12518.409952528355,0.15868134126076458,0.6648595090561225,0.25,1,0.5597734119507392,0.07943990672368714,0,29.120340389594304
B03354,personal,30,loyal,B,high,9500.0,0.7483742812941655,42759.98797580246,0.013855545820697715,0.6257573430847523,0.25,1,0.8021790128815698,0.07081095742321883,0,27.495028240735504
B03355,personal,13,established,B,med,15500.0,0.48027034177977385,23286.82376052625,0.02663949355416611,1.1576751602807274,0.25,1,0.5126217208557489,0.05839307986741444,0,15.589986431269022
B03356,personal,22,loyal,D,med,13000.0,0.5413032513200453,24477.805752940625,0.023956880020843677,0.26625591769386653,0.5,1,0.6152942363152069,0.12407225853601359,0,18.99880300529117
B03357,personal,20,loyal,B,med,6500.0,0.44617113757370386,14517.089692751775,0.016647691649455686,1.2277869486931468,0.1,1,0.4925663535133602,0.05381510195488732,0,22.375044900123118
B03358,salary_advance,12,established,E,med,5500.0,0.5403192460417637,37091.500995893315,0.006676632502143656,-1.3548651341375244,0.25,1,0.5739091880838185,0.34305526965800553,0,12.985340110249773
B03359,salary_advance,23,loyal,E,med,2500.0,0.5698434809464296,33562.751529887326,0.0035371769730536758,-0.8640194329439418,0.1,1,0.5871970572969026,0.2683877410592042,0,18.53311448887711
B03360,personal,45,loyal,E,high,4500.0,0.7157632482855515,24697.96306826608,0.010867747164621768,-1.8833443446245268,0.1,1,0.7416495639802247,0.35,0,44.06157668698004
B03361,personal,21,loyal,B,med,26000.0,0.5851347753028686,12536.65163526483,0.10112684391660005,1.1859849751333333,1.0,1,0.746153217577842,0.05360326368357295,0,22.6276812334848
B03362,personal,22,loyal,B,med,10000.0,0.5457685013382195,52314.691343896324,0.00869367806184294,1.0736669377887358,0.5,1,0.6087430277326057,0.05273204275472526,0,22.481015751860138
B03363,personal,23,loyal,B,med,10500.0,0.47822808284316815,30965.763797074764,0.01351329730569416,1.2968275738992823,0.5,1,0.5820305146306931,0.051374631318522684,0,23.537606964456177
B03364,personal,7,established,E,med,4000.0,0.5608301822955702,49752.403430763065,0.0037574746385605155,-0.677361835706193,1.0,1,0.6643102801345787,0.2805554131977413,1,10.183683687071708
B03365,personal,21,loyal,D,med,5000.0,0.4816619045735758,8462.019302996756,0.02371685209556498,-0.16354765753466616,1.0,1,0.6607356596494368,0.13762951492963743,0,20.747804601487545
B03366,salary_advance,9,established,D,med,37000.0,0.5020303003517161,27757.260764728348,0.05576655321063849,0.22895235733768926,0.25,1,0.5369224304508141,0.13043828005715866,1,5.039271331129885
B03367,salary_advance,11,established,B,med,7000.0,0.36202649967380984,18136.93335782072,0.011643761414531516,1.793699302947656,0.25,1,0.3804318102094408,0.04105356963423208,0,10.138295450626762
B03368,personal,54,loyal,A,med,18500.0,0.6079393345312712,27443.400740807116,0.034151737106281534,2.093828127622051,0.25,1,0.6237884228219315,0.01917881196834765,0,52.96479790798689
B03369,personal,14,established,C,high,3500.0,0.7020073396442562,45196.0878912479,0.004530306720843961,0.7938084898413628,0.1,1,0.72150765420978,0.08217136345772448,0,14.14298796865023
B03370,salary_advance,10,established,C,low,6000.0,0.34740803975679146,32973.88130327787,0.005267927614609571,0.681019724803501,1.0,1,0.571134852202913,0.09209198361038304,0,13.725995095963404
B03371,personal,30,loyal,A,med,7000.0,0.5182232162073338,27172.677092197388,0.011125031041116997,1.7353826977001257,0.25,1,0.5843092122653727,0.03505423130842626,0,28.998284886246026
B03372,salary_advance,9,established,D,med,36000.0,0.5880167325155542,27092.961212265123,0.06511101476600749,0.09415754285044159,0.25,0,0.6019759184559509,0.12163903563007152,0,10.779546549364975
B03373,personal,12,established,D,med,4500.0,0.6056954975154991,11408.673201461765,0.019909047051957788,-0.3909415304822949,1.0,1,0.7118724010241394,0.17417835055819544,0,15.079286411341691
B03374,personal,32,loyal,C,med,13000.0,0.4944508546557219,16340.264742628196,0.03278129828253585,0.27097787938618895,1.0,1,0.725530425129475,0.11109383523161376,0,26.953027700678327
B03375,personal,16,established,E,high,4000.0,0.7086774745337429,49846.72865662436,0.004739043688741404,-0.9787143694195778,1.0,1,0.7947135145152411,0.2663135876665059,0,18.78328661490626
B03376,personal,6,new,D,med,11500.0,0.6144520976819653,20372.775260500126,0.028903765904045083,-0.17500936437161274,1.0,1,0.8334146495626596,0.1512464036872156,1,8.455608143976178
B03377,salary_advance,22,loyal,D,med,7500.0,0.6807179183487951,50374.001344388096,0.008445799174446442,-0.3674080437839402,1.0,1,0.7926270409579628,0.1766262296415416,1,19.77526600888758
B03378,personal,13,established,B,med,15000.0,0.4475516459512472,42383.05921289649,0.013199603044907868,1.0250078188995784,0.25,1,0.4542450707662352,0.07637590682966909,0,13.193899827769668
B03379,salary_advance,38,loyal,B,med,6500.0,0.371591787094073,43632.72890556095,0.004613025353321492,1.2936873910330178,0.25,0,0.3585233476069771,0.04386431979451199,0,39.18173842024092
B03380,personal,11,established,A,med,7000.0,0.544309378505223,32309.058357173682,0.009827392696437039,1.4295623975478253,0.5,1,0.6672017563864228,0.03635165173490376,0,13.728837923585406
B03381,salary_advance,29,loyal,E,med,15500.0,0.5235267438005622,21166.93284970092,0.03194709639215777,-0.8792828029141896,0.25,1,0.5487466476996835,0.29492317882072205,0,30.395201142149013
B03382,salary_advance,43,loyal,A,med,13000.0,0.5578340042846784,24757.06958274228,0.024410004152093292,2.6516969469220726,0.1,1,0.5705554915326793,0.016581533954171494,0,43.233858370436586
B03383,personal,10,established,E,med,3000.0,0.4403412536489347,38261.98966081916,0.00287714555327902,-1.5724754137934402,0.5,1,0.533506996996436,0.35,0,7.672161015465749
B03384,personal,14,established,E,med,5500.0,0.5860218993176389,8357.480053660378,0.03213808095215818,-1.1983080750832058,0.5,1,0.6604968262410366,0.3104276618052696,1,15.532676627791911
B03385,salary_advance,20,loyal,D,med,3000.0,0.500135072024249,53320.54608771559,0.002344945376222779,0.1291784531369099,0.5,1,0.5574241585320385,0.13257159028380405,1,18.34801805134455
B03386,personal,10,established,B,med,10500.0,0.47373101056632283,20433.56776597525,0.020285964692654278,1.3077206919698647,1.0,1,0.6961391760036135,0.04787192820841708,0,9.792970344330532
B03387,salary_advance,19,loyal,B,med,10000.0,0.5483991178702411,25656.281475209922,0.017812373368815655,0.9755734972285733,0.25,1,0.5918576818516434,0.07220189863484987,0,20.840798948447997
B03388,personal,14,established,D,med,4500.0,0.6153625723646126,25778.229664587117,0.008951777047503691,-0.2438292505215718,0.5,1,0.7308140898007899,0.14968363301628543,0,12.419710443420982
B03389,personal,14,established,E,med,6500.0,0.666651174964757,26320.20254655057,0.013719602618327933,-0.7926274346451605,1.0,1,0.7795768928395956,0.23657662517727546,0,13.793659978098587
B03390,personal,16,established,E,med,8000.0,0.6998445705526549,13062.45121244821,0.035717878631422534,-1.3759351506606998,0.5,1,0.7537467155970232,0.2763460227166301,0,15.477815365640714
B03391,salary_advance,17,established,B,med,48000.0,0.48387079525243903,29244.55754539813,0.06618267956371664,1.4826273236930105,0.25,1,0.5071140283717398,0.05293025401677211,0,19.88174677583976
B03392,salary_advance,17,established,B,high,15500.0,0.7109029659979924,37305.66786601282,0.024614213253387193,1.1486392610486398,0.5,1,0.7929420827916318,0.057175400047850135,0,15.727874995992106
B03393,personal,11,established,B,med,10500.0,0.6409139967415803,8739.00544531281,0.06417203315162931,1.3524503770923502,0.25,1,0.6687109309431669,0.05472955451727352,0,10.979874236538869
B03394,salary_advance,12,established,C,med,23500.0,0.5015472040334202,13155.139967824518,0.07466257373932057,0.7468181269811243,1.0,1,0.6468500190904041,0.08601368239778197,0,12.722675126534497
B03395,salary_advance,15,established,E,med,3000.0,0.6601731423753308,44034.37887851346,0.003748055264936766,-2.2921024585555347,0.25,1,0.6699316340314029,0.35,0,17.803808519477677
B03396,personal,16,established,E,med,8500.0,0.6021934676396807,39750.92655036236,0.010730660723199809,-1.2445829326814521,0.25,1,0.6043019400724227,0.3222893163421693,0,19.006122359083196
B03397,personal,12,established,C,med,3500.0,0.5813625513623665,31707.47319031626,0.005347763805173746,0.4648713058467087,1.0,1,0.7135120483258333,0.10556111520562435,0,13.469594350742618
B03398,salary_advance,19,loyal,C,med,3500.0,0.4504409009194132,18486.9165544508,0.0071065715969743795,0.38028297476397993,0.5,1,0.5755335159173586,0.09385628495686298,0,20.82381481987882
B03399,salary_advance,6,new,D,med,11500.0,0.49663726074967207,39878.273694667216,0.011934920884386612,-0.20884196692812684,0.25,1,0.46538361608416867,0.14207505903741896,0,4.892193334642876
B03400,personal,11,established,E,med,3500.0,0.41226581466567025,13882.781635934221,0.008661390713869151,-1.1032267648895286,0.25,1,0.5412263280336569,0.2937120520822364,1,11.385624360080078
B03401,salary_advance,14,established,B,med,16000.0,0.46742112686478526,24945.910411162007,0.02498317996340533,1.2975895674145401,1.0,1,0.6380727268058863,0.04720420669807267,0,14.555988112534283
B03402,personal,10,established,D,med,13500.0,0.6498676994478209,13113.911400570549,0.055750045851841755,0.4561926374143078,0.1,1,0.6531963315505572,0.12196588049546016,0,8.630422937957652
B03403,salary_advance,40,loyal,B,med,4000.0,0.49498716315924063,24609.773295275718,0.0067044795201243925,1.2511912229081226,0.25,1,0.5429055207317435,0.056934144555702566,0,43.19522883724571
B03404,salary_advance,16,established,D,med,7500.0,0.570410761816309,15264.49801913205,0.023355286606107754,-0.28360224878505724,1.0,1,0.6809732867469714,0.1589033664751332,0,12.715497234515293
B03405,salary_advance,18,established,C,med,13500.0,0.5691485664063635,40769.76262276156,0.015705073957180387,0.5262877588998095,0.1,1,0.5727906733369991,0.0921153563730465,0,20.583625624655348
B03406,personal,12,established,E,med,8000.0,0.5429091668002812,34140.85387199453,0.010601358884887672,-1.337764926196481,0.1,1,0.5417951833780019,0.34458025790911256,1,15.563931633930936
B03407,personal,16,established,D,med,19500.0,0.5761116366139075,19656.89469585175,0.047626109005669374,-0.12982798084619354,0.25,1,0.5993418603329008,0.15448529326869698,0,15.466615322335809
B03408,personal,8,established,E,high,3000.0,0.7521889947205505,49004.36080043028,0.0038373574434723877,-2.527929578593109,0.5,1,0.8077413958169305,0.35,1,8.688093401312338
B03409,personal,14,established,E,med,12000.0,0.6754287705438821,15899.23945102474,0.04248182893429844,-1.568116139134555,0.5,1,0.7277445413620881,0.35,0,13.852293014077148
B03410,salary_advance,9,established,C,med,8000.0,0.6558936208071775,26386.12393266361,0.016571680440345418,0.027688155747988608,0.25,0,0.6615002551624718,0.11587018368081659,0,6.340566219485043
B03411,personal,14,established,A,med,5000.0,0.5883649418772526,19184.31447856357,0.012778776087592458,2.375118146274932,0.5,1,0.6549989014468217,0.015650377404547017,0,16.25708161720632
B03412,personal,4,new,E,high,6500.0,0.7236515386215899,40469.5238552238,0.009685755586243813,-2.1507430734248643,0.5,1,0.7381833032774441,0.35,1,8.058922889065798
B03413,personal,8,established,E,med,3500.0,0.5675066735024081,38326.366189310036,0.004318770502633855,-1.2435805925398629,0.1,1,0.5711872706417052,0.340990666727101,1,8.096952001734694
B03414,personal,36,loyal,C,med,6000.0,0.5030596325623923,55054.34662017307,0.004568754907156238,0.6167747966928101,0.25,1,0.5640646410059658,0.08481809592787301,0,38.18146950395303
B03415,personal,25,loyal,A,med,7500.0,0.6598082711509948,28159.539206076337,0.014644421787285046,2.169422906014603,0.25,1,0.7399925021207712,0.030515644448191555,0,25.052402834148758
B03416,salary_advance,33,loyal,B,med,25000.0,0.5540102858632772,5282.8541161512285,0.21847813136081196,0.9521724969880735,1.0,1,0.7140171499794196,0.06809166610309078,0,32.43327739378322
B03417,salary_advance,35,loyal,B,med,47500.0,0.5205893663565974,21226.853670093235,0.09707827047074315,1.4521418523041563,0.1,1,0.5848528110336063,0.05568541127594955,0,38.441220484035505
B03418,personal,23,loyal,D,med,51000.0,0.4813056993961888,63633.34077161605,0.032145871922321406,0.06239624932352278,0.25,0,0.5161983583826459,0.1570621960156919,0,21.982058715634288
B03419,salary_advance,12,established,E,med,5000.0,0.5691272877792584,22499.60307149197,0.01053958014968215,-0.16062158893937672,1.0,1,0.6909419907609452,0.18156524432037457,0,12.084539412424697
B03420,salary_advance,9,established,C,med,9000.0,0.6142799351639951,9370.81250901114,0.049164354844360554,0.4321843520677564,1.0,1,0.7738394813213851,0.08723415465108812,0,11.521942832799285
B03421,personal,30,loyal,D,med,18500.0,0.581815205374861,34445.46128644611,0.026040153761540407,-0.25828939062610423,0.1,0,0.6217718432472941,0.17109552149301357,0,29.068620330049935
B03422,salary_advance,17,established,B,med,6500.0,0.46705005774125163,35890.6700958126,0.007048780289356983,1.074269338717745,0.25,0,0.4817390159818004,0.07380126780809924,0,18.600224694160612
B03423,personal,60,loyal,E,med,5500.0,0.6054354349681338,18034.476424013366,0.01538670901793271,-1.2062718989455838,0.5,1,0.6759646893082059,0.3243576337376552,0,59.939757920997494
B03424,personal,13,established,B,med,6000.0,0.6415519575369459,23489.011433495692,0.01365642737569796,0.8899870325668338,0.5,1,0.6526291883441228,0.07774876621691562,0,8.15237472962578
B03425,personal,48,loyal,C,med,9000.0,0.6090947659354865,16881.729721992167,0.027060086968250942,0.43931301230275216,1.0,1,0.7610965769652921,0.084586657970456,0,50.05305443369487
B03426,personal,15,established,E,med,11500.0,0.6342356502956948,35861.27618524887,0.01694889946824377,-0.21472086860086348,1.0,1,0.7748101761627391,0.2092141594698221,1,10.516355850531376
B03427,salary_advance,34,loyal,E,med,4000.0,0.652413323732897,27753.845814496497,0.007835710746702185,-0.8929845601864218,0.5,1,0.7259266705691672,0.23872738313043304,0,33.64547698013862
B03428,salary_advance,41,loyal,D,med,3000.0,0.4566325847492101,14169.168633228463,0.008056799177305821,-0.22978867199786968,0.5,1,0.547889093051125,0.12967409541295305,0,38.742379570978244
B03429,salary_advance,9,established,B,med,16500.0,0.5241851204828891,26762.33841198778,0.02693167276971289,1.5486514731331784,0.5,1,0.5914367999500463,0.040348243112725744,0,7.577910148867037
B03430,personal,12,established,D,med,11500.0,0.6723055139389816,17976.787030468495,0.03584026350757369,-0.2085989980333654,1.0,1,0.769523161332267,0.12027660213076707,1,10.665159548736916
B03431,personal,9,established,C,med,5500.0,0.5259201105041756,60089.07848241998,0.004011489665046801,0.27839846587282113,1.0,1,0.6135956737044799,0.09980371133490637,0,8.762802001591373
B03432,salary_advance,8,established,E,med,4500.0,0.6917318154821743,43981.91269466567,0.0058978660752349804,-0.5295320133153465,0.5,0,0.6680578064346877,0.2756543412298322,0,6.076429082961057
B03433,personal,23,loyal,C,med,38000.0,0.6019462909893903,25153.349833671484,0.07578168583526215,0.3709453637745492,0.1,1,0.6588918953038092,0.10226479483614478,0,25.648721466804822
B03434,personal,14,established,E,high,8000.0,0.7082366267211984,28129.81387968421,0.016784958235662742,-1.3721520481199794,0.5,1,0.7534270649045495,0.2998864077722222,1,13.147032856724344
B03435,personal,16,established,D,med,12500.0,0.5674668209484102,46984.6825961938,0.012580935725404817,0.09988225428788719,0.25,0,0.5481220636449923,0.13226197575586016,0,17.073179752373214
B03436,personal,22,loyal,B,med,14500.0,0.6163158109252653,24453.149141064154,0.03045476612870131,0.7706408972702048,0.1,1,0.6243433043506971,0.0698032648164328,0,19.059656288697095
B03437,personal,5,new,D,med,34500.0,0.4254119659554172,40827.693339248166,0.029956612830391822,-0.029385272814982266,0.1,1,0.4294056370967912,0.16173912809483745,0,0.8588221342714206
B03438,personal,33,loyal,E,med,4500.0,0.5937785328813876,60631.047221236164,0.00367249058090705,-0.5035848304901618,0.5,1,0.6816959563004691,0.18162380107623333,0,29.729037060891837
B03439,personal,13,established,E,med,4500.0,0.6525093696624255,20537.64584628771,0.011914267850111885,-0.3420509841005016,1.0,1,0.7492072167483211,0.18714841019914025,0,13.170614718392109
B03440,personal,22,loyal,B,med,10000.0,0.5516800259992389,66528.10743268621,0.006910362743514513,0.9371941459816314,1.0,1,0.6755318597105702,0.059040642810956105,0,24.24646102285336
B03441,personal,23,loyal,D,med,21000.0,0.6673098916716839,56687.799476359636,0.02060041704233815,0.18856240472190158,0.25,1,0.7073969578325328,0.17215598090821435,0,23.910489407202842
B03442,personal,34,loyal,D,med,5000.0,0.5473473124194913,30844.30290056805,0.007393954757544153,0.11269461765988997,0.5,1,0.6129029024085024,0.139404253515607,0,31.87500710752039
B03443,personal,15,established,A,med,7500.0,0.42825736988553076,21075.1183593969,0.012700325170848356,1.9034676086255564,0.1,1,0.4449564995978557,0.031075308175544856,0,12.614695096767626
B03444,salary_advance,5,new,E,med,4000.0,0.45462964689329205,30633.86409940505,0.004946918062290435,-0.9509891188661246,1.0,1,0.6282798550888798,0.26199929121183385,1,6.325663027037257
B03445,personal,16,established,B,med,15000.0,0.4893453707663136,23518.07391445846,0.026009005485854938,1.0804184680889826,0.5,1,0.5624396206931858,0.05724880173413016,0,18.438311997101614
B03446,salary_advance,18,established,E,med,9500.0,0.6548730149899264,17395.650439886827,0.029802917611995768,-0.8046806635049305,0.5,1,0.7197285136642847,0.22615369307922356,0,18.92702909976779
B03447,salary_advance,9,established,B,med,10000.0,0.5946218571775297,36053.21633400935,0.013744077913159193,1.0047810857714143,0.5,1,0.6595005288404372,0.05883821848905401,0,2.909493428734069
B03448,personal,17,established,C,med,6000.0,0.39801569590446223,15322.255148575088,0.012988156509764039,0.7081525581239733,1.0,1,0.5871678385022603,0.10431437159159075,0,15.527171046229547
B03449,salary_advance,13,established,D,med,11500.0,0.6831799299788408,22332.425854696085,0.029316747935172558,-0.16036515505704574,0.1,1,0.7209491680052411,0.1484788629717358,0,16.882209378449932
B03450,salary_advance,7,established,E,med,2500.0,0.510171741021042,22494.566460983962,0.004724953448813193,-0.8674768528621063,0.25,1,0.576418749706463,0.20067875773216873,0,5.06829975496832
B03451,personal,23,loyal,E,med,7500.0,0.6363891278960379,12696.825731140443,0.03132619233794098,-1.5704332038034177,0.25,0,0.6353738849893368,0.3452404507483187,0,25.13389894240131
B03452,personal,12,established,E,med,4000.0,0.5463874266293066,38644.49503575319,0.004712938855618795,-0.6151135089253357,0.5,0,0.49927284215482837,0.24268870384419952,0,10.568446243365717
B03453,personal,13,established,C,med,39500.0,0.5827682979098043,23728.07150171534,0.0808442852374706,0.5262186479523238,1.0,1,0.7277925151785574,0.09236162467119317,0,13.197518678519373
B03454,salary_advance,12,established,E,med,6500.0,0.6135755317689421,54960.15903554645,0.00604716978396214,-0.7276281570995785,0.25,1,0.639420599445836,0.23118567649212104,0,8.229696608125844
B03455,salary_advance,32,loyal,C,med,14500.0,0.5957770006669976,23516.10650179609,0.030612942201308075,0.846948580923728,0.1,1,0.6306478270923207,0.0875091957238128,0,33.24998081095246
B03456,salary_advance,16,established,E,high,3500.0,0.7764356649030714,21512.138871444084,0.01052709837997591,-1.1264297979108453,0.25,1,0.8147681213088274,0.2770564911539184,0,13.747780908546146
B03457,salary_advance,17,established,D,med,5000.0,0.601667243687376,16357.577209053816,0.01532590564395943,0.11611180789603598,1.0,1,0.7692196640848875,0.14138519201682279,0,17.586907990960647
B03458,personal,12,established,E,med,8500.0,0.5703636520307535,27486.934545420587,0.014698168185598057,-1.1470439041987308,0.5,1,0.6300803274468034,0.2839005295246006,0,13.877006685211171
B03459,salary_advance,21,loyal,C,med,9500.0,0.5817151046746463,27572.468278762022,0.01670232977372403,0.6720194981055729,0.1,1,0.5385190407522572,0.0923867251605049,0,17.285774237005533
B03460,personal,34,loyal,D,high,19500.0,0.7438007610232957,40456.05913128547,0.029876272247391554,-0.101079469607532,0.25,1,0.7526371187006882,0.14520033295712542,0,33.932323252043304
B03461,salary_advance,23,loyal,E,med,7000.0,0.6508273403683872,27913.352699005303,0.013600991825503212,-0.4403661362375999,0.1,1,0.6973572906414047,0.1881736645834063,0,23.66791291863201
B03462,personal,23,loyal,E,med,7500.0,0.670749426636913,85106.16299440351,0.004925828834224825,-0.25887347788894055,0.1,0,0.6867629631557465,0.18893617429110932,1,22.913494858741522
B03463,personal,22,loyal,E,med,17500.0,0.43916653881528694,34576.1527059239,0.01852291687528417,-0.5341568622419931,0.1,1,0.487709245026979,0.22552350086024317,0,22.80715656924643
B03464,salary_advance,7,established,E,med,6000.0,0.6532312335509036,15634.56830175554,0.020890606665409338,-0.9639247002374128,0.1,0,0.6102205513100664,0.2678657056801671,0,4.789958208067136
B03465,salary_advance,10,established,B,med,47500.0,0.4749388857999032,14923.434048295145,0.12597411673975384,1.4327458252894174,0.5,1,0.5954100630199297,0.043580888459814254,0,12.270778854093063
B03466,personal,14,established,E,med,7500.0,0.5232288472472274,36103.26588166394,0.009057851735668115,-0.3601748644509248,0.1,1,0.5675866953654118,0.22201207563267328,0,11.348366845742344
B03467,personal,11,established,E,med,3000.0,0.6673906517841782,15366.107279033995,0.010858160750556312,-2.2022254490736652,0.25,1,0.6700297577624751,0.35,0,12.55071761284431
B03468,personal,9,established,E,med,17000.0,0.6086444627767915,37315.512783711114,0.02310691339724821,-0.6232808075946856,1.0,1,0.7557788355624607,0.2093442588511616,0,9.581819114513193
B03469,salary_advance,5,new,B,med,3500.0,0.4613907062253586,44028.89820722988,0.0030564537109773007,0.9147117138182644,0.5,1,0.5125462440904704,0.06443657038624533,0,5.631711288669692
B03470,personal,7,established,E,med,4000.0,0.6281170703560809,44616.46306419944,0.004692715253651787,-0.7613586332573764,1.0,1,0.7740912802196314,0.2691163366043114,0,8.014896542494915
B03471,personal,14,established,B,med,4000.0,0.4821146441058879,16679.688695110246,0.009634765031060859,1.497743878133629,0.1,0,0.4671677408530614,0.044968920707101505,0,14.768774481203288
B03472,personal,15,established,E,med,6500.0,0.6758325579827884,44658.91123940509,0.008197153910557814,-0.8566620549615891,0.1,1,0.6822430734195786,0.25042062674099086,0,12.60665905383698
B03473,personal,10,established,C,med,13500.0,0.5658448080384414,32126.100585850876,0.019814898087059156,0.5034080558164551,0.5,1,0.6097376615758382,0.09879813311703074,0,9.714807704389905
B03474,personal,17,established,B,med,4000.0,0.5568715560101617,19257.78968080888,0.00963889704270519,1.0366385845910118,0.5,1,0.5810848338592758,0.06720277710949023,0,16.229676142066165
B03475,personal,12,established,C,med,5500.0,0.6398007127167341,24645.001248336128,0.011898639824508063,0.4501939723114331,0.25,1,0.6829680765834545,0.10054639156881227,0,11.71745915554743
B03476,salary_advance,29,loyal,E,med,4000.0,0.6551138980021997,34863.78421162817,0.006263556991074792,-0.6244939746410306,1.0,1,0.7878687310623553,0.2518768941587028,1,28.54324944250511
B03477,salary_advance,15,established,E,med,4500.0,0.6012329548158964,18581.688698274775,0.012133577400685564,-0.5924685769215646,0.5,1,0.6918991664333456,0.2483370844326547,1,16.7445732025041
B03478,salary_advance,24,loyal,A,low,4500.0,0.28784564631945625,31761.898779814506,0.0033984780984944152,1.9200709903865816,0.25,1,0.34343294593635554,0.03382067590861756,0,23.552051818455976
B03479,personal,18,established,E,med,4000.0,0.6614350603214153,59580.34827169981,0.003700521393984486,-0.8046114563319774,0.5,1,0.6973133427319178,0.2870259460925545,0,18.958471032047164
B03480,personal,7,established,B,med,25000.0,0.4310806734474148,45717.2456261166,0.019644331675041635,0.9756765139022048,0.1,1,0.4222304537001572,0.06735480995362177,0,8.097480508803176
B03481,salary_advance,15,established,D,med,12000.0,0.564534408811048,28144.08272815937,0.020058724750912096,-0.0802847218149439,0.1,0,0.6032045372451362,0.1640759491209301,0,19.55605168005028
B03482,salary_advance,8,established,C,med,5500.0,0.5819718907852639,30600.708301323164,0.008716697469332074,0.4914373192191511,0.5,1,0.680245463113967,0.1123405510704415,0,7.121987958217444
B03483,personal,15,established,E,high,3500.0,0.7532697385275225,20011.559970723953,0.010978837934604352,-1.3861072770209515,0.5,1,0.7777337575592459,0.35,0,15.017841806979174
B03484,salary_advance,10,established,E,high,3000.0,0.7448258624167532,20323.984620994797,0.009161907424975904,-0.2582675747124983,1.0,1,0.8617497241681181,0.19106997594297703,0,13.301442705296179
B03485,salary_advance,20,loyal,D,med,7500.0,0.4836015229967498,11551.170322881202,0.02616626224221221,-0.12530638043972187,0.25,0,0.48478942517479606,0.16814783199641808,0,22.002237193666083
B03486,salary_advance,7,established,C,med,9000.0,0.4126897706522038,30887.607975804487,0.010020760695733068,0.5755996505581735,0.25,1,0.4393648242721558,0.11965613643361085,1,4.228372329424822
B03487,salary_advance,16,established,C,med,39000.0,0.5771664483044314,39158.55270188002,0.04790245878774127,0.4431975797158825,1.0,1,0.7383025152584137,0.09468971864959788,0,14.747801910739348
B03488,personal,22,loyal,B,med,14500.0,0.5507169639158995,25875.091916097866,0.025717770081338753,0.8626498962456344,0.5,1,0.6595453639518151,0.07198864770661938,0,20.785736282839977
B03489,personal,27,loyal,D,med,8000.0,0.45178088646385167,16605.208541268155,0.01813811954809487,-0.09052250309267279,0.1,1,0.4785776539809453,0.1473884485790442,0,27.302712342389057
B03490,personal,10,established,E,med,4000.0,0.613279160652323,27899.684556874232,0.007327193483760692,-0.9302300712945782,0.5,1,0.6178531945805544,0.2564476714165967,0,10.43342371946564
B03491,personal,16,established,C,med,12500.0,0.6128066244337707,56273.02177270152,0.011343628148556998,0.18272908554430772,1.0,1,0.7247194190645682,0.09503633262089535,0,16.586701079232732
B03492,salary_advance,18,established,E,med,29000.0,0.48569630583906126,44085.6631451687,0.026624666358750913,-0.6795889030070345,0.1,0,0.5370713409422143,0.2657839224957265,0,18.069185847670557
B03493,personal,38,loyal,A,med,4000.0,0.40126128476312123,26470.57717456757,0.005052921993564053,1.4784225264225883,1.0,1,0.6613319759264836,0.038770065081548365,0,36.06353462130766
B03494,personal,7,established,D,med,19500.0,0.5095610239935843,82957.74999412944,0.009981426256717076,-0.11452238658911257,1.0,1,0.650918112321005,0.15746874901272478,1,7.589915846155737
B03495,salary_advance,9,established,C,med,5000.0,0.542243556241686,118692.85018334672,0.0019035250628129446,0.02386489029504396,0.25,1,0.5970069613831199,0.11572367785895768,0,8.823910580191889
B03496,salary_advance,60,loyal,B,med,15500.0,0.5808266711134004,20659.314498752476,0.03631458586069956,1.2121756227502112,0.1,1,0.6229234903997968,0.060811235507094025,0,59.45876935889326
B03497,salary_advance,14,established,C,med,5500.0,0.5201164729190902,23500.180418983513,0.010144037726706709,0.2736355005682836,1.0,1,0.7238020871868699,0.10429388970010689,0,13.346544879640472
B03498,personal,5,new,E,med,6500.0,0.6678184033209874,39392.55880306785,0.009182824864815925,-2.0080517168351966,0.1,1,0.7019235266370584,0.35,0,7.280756754797849
B03499,salary_advance,11,established,E,high,4000.0,0.7898402821917955,16282.773672924535,0.01616924114726974,-0.7114298993894336,0.1,1,0.8070630458528685,0.23755466189384444,0,12.307098706169779
B03500,personal,3,new,B,med,9500.0,0.437581267391295,42917.022814009106,0.008071820472093953,0.7077087038646149,0.1,1,0.44297982672440395,0.07539242591451685,1,-0.6566336172585614
B03501,personal,18,established,D,med,12500.0,0.49702327379459277,28447.26300977609,0.01819973249065983,0.08388434784458265,0.1,1,0.5455537497602341,0.12374593119615068,0,13.79499949922483
B03502,personal,25,loyal,E,med,8000.0,0.696577982301819,33004.56516512272,0.014070336003859278,-1.2815678023634414,1.0,1,0.817021659879496,0.33516879167057234,1,24.987672238676385
B03503,salary_advance,9,established,C,med,14000.0,0.6309820072807204,19604.397564351235,0.03755002788249166,0.7021120667151661,0.5,1,0.7086670090992663,0.09306295493926693,0,10.075200491307388
B03504,salary_advance,12,established,D,med,3000.0,0.6157755413646635,17444.211504843726,0.008824926555059271,-0.2092588198697488,1.0,1,0.7248470216546203,0.1486928685522852,1,12.925710846984368
B03505,personal,27,loyal,D,high,10500.0,0.7469934768207321,9027.168160569161,0.07240579554872612,-0.47449995250878196,1.0,1,0.8545942659827631,0.17575832099494018,0,24.95997102115796
B03506,personal,6,new,E,med,3500.0,0.657290134754488,60878.143219737656,0.003149071448266024,-1.144872725633846,0.25,0,0.6510723437937064,0.3050560566580196,0,5.490854768497001
B03507,salary_advance,7,established,B,low,16000.0,0.31734179389549066,45152.25687150889,0.009371013127090105,1.3499294713186873,0.1,1,0.25906629458880664,0.053831994584098666,0,4.775443674228353
B03508,salary_advance,14,established,E,med,3000.0,0.6583889441150871,38962.20892654557,0.004224535532343215,-1.6154983720053502,1.0,1,0.8228481197822504,0.35,1,12.91579128787152
B03509,personal,10,established,E,med,6500.0,0.5519841134184851,32584.089073551386,0.009175993660385566,-0.8375320744394902,0.5,1,0.6523510082983469,0.22290842278267653,0,8.017621569608007
B03510,salary_advance,13,established,C,med,9000.0,0.6749801160514459,7575.50081644177,0.0668252963473858,0.47012676591124236,0.25,0,0.6875480073300834,0.09558237248624916,0,13.984459856072489
B03511,salary_advance,8,established,A,med,74000.0,0.5781128044625239,17798.94302214958,0.2002944195290582,1.9283630689034967,0.1,1,0.5831430784896345,0.03687175712061337,0,9.962772525058325
B03512,salary_advance,18,established,C,med,14500.0,0.3717459129122112,23368.76254376489,0.019221941138774856,0.9038581963503189,0.5,1,0.5355230634261429,0.09344189843716669,0,18.03330662817596
B03513,salary_advance,15,established,D,high,2500.0,0.711713839969231,14842.641597765538,0.00998971211988155,-0.4960246155328025,0.1,1,0.7479956111964752,0.1783828093098422,1,11.71084323151182
B03514,salary_advance,22,loyal,A,med,19000.0,0.5607680926129016,10599.50864505161,0.08376641248538155,2.279353454106815,0.5,1,0.631071401712716,0.020871624134652437,0,26.138107650206482
B03515,salary_advance,18,established,E,med,3500.0,0.5906602417852248,15716.249135266076,0.010961642461333205,-1.0051233997049724,0.25,1,0.6399731406964486,0.2914235818066533,0,16.593452194356605
B03516,personal,18,established,C,med,5500.0,0.5455685279760204,27640.258265136763,0.009046668073445807,0.2653361653551545,0.25,0,0.572368714911215,0.10791695692394422,0,18.305252742585726
B03517,personal,7,established,C,med,9000.0,0.6743877584116493,27644.150788055358,0.01829648603375735,0.48778464575221486,0.25,1,0.6534376093011929,0.08878980934454266,0,8.781847068932297
B03518,personal,21,loyal,E,med,17500.0,0.3979869481476664,44317.61729873064,0.01309631853181716,-0.481115583200441,0.5,1,0.5322313412758967,0.2051550281723552,1,24.020793917377954
B03519,salary_advance,13,established,B,med,44000.0,0.5647460473032578,83679.46078391641,0.0247460426654257,1.0475930518882537,1.0,1,0.7226118346519819,0.07885250404721746,0,14.330674894605075
B03520,personal,15,established,D,med,30500.0,0.6902521251836998,39228.89360603918,0.04472190410960643,-0.5138901289409595,1.0,1,0.7438831254397521,0.1737017935076494,0,18.51806640272293
B03521,salary_advance,29,loyal,B,med,7000.0,0.49407723545180776,24427.08102458079,0.011798860469255244,1.4451424275179643,0.1,0,0.5378702767144575,0.05712882008769564,1,28.00695475189616
B03522,personal,11,established,E,high,1500.0,0.7130212902561848,72415.78515657794,0.001230776702749416,-1.8395954925862088,0.1,0,0.7055492156730501,0.35,1,10.419800084822379
B03523,personal,34,loyal,C,med,23500.0,0.5433033091877892,11270.39848723767,0.0944038475389816,0.7349760902288746,0.25,1,0.596642322969085,0.08526573811299872,0,32.76671262159472
B03524,personal,36,loyal,D,med,5000.0,0.49391663459000396,8575.25745732016,0.023999115918106644,-0.012106672693605103,0.25,1,0.5158788350211186,0.174930089090685,0,34.36983382653601
B03525,personal,24,loyal,B,med,11000.0,0.4173032367765898,16519.58828178708,0.023156023050946502,1.5497037829678217,0.25,1,0.4338913620766704,0.0444275982189169,0,25.374836478458516
B03526,personal,9,established,D,med,49500.0,0.6368816029759167,42053.71868557297,0.06247097033007278,-0.04398072977095047,0.1,1,0.6680100413503756,0.1409720231870976,0,11.372144168756353
B03527,personal,4,new,B,med,6000.0,0.4626474247031816,29516.601259850468,0.007837071426859892,0.8992295337201192,0.5,1,0.5317409816150198,0.07895587737153884,1,3.377410534992038
B03528,salary_advance,29,loyal,B,med,10500.0,0.3607126686641609,14464.056110635483,0.021821236219421287,1.257612765033052,0.5,1,0.5160653788220917,0.052403977463595194,0,26.991431397634155
B03529,personal,17,established,D,med,19500.0,0.5868947860274794,18035.51242121944,0.05287923098722642,-0.1275084590481573,0.1,1,0.6126550828346257,0.16611500432284698,0,16.19205594921275
B03530,personal,10,established,B,med,14500.0,0.47864758867616086,13591.285234247034,0.04255416808262354,0.787669309614295,1.0,1,0.6250091108592252,0.07584268414133097,0,8.275152791705274
B03531,personal,31,loyal,B,med,45500.0,0.39488042544440516,13591.099032557284,0.11016437617664694,1.1940584645271217,0.5,1,0.5421294400942758,0.06381787211538033,0,29.23796436516922
B03532,personal,10,established,C,med,13500.0,0.5496135413054666,63138.232988763164,0.009793039885653637,0.4719100044912137,0.25,1,0.5992968797079854,0.08239379043466906,0,10.612135462473514
B03533,personal,13,established,E,high,3000.0,0.7360922620330278,24862.371809904456,0.007401669756822937,-2.2923013746251835,1.0,1,0.7992500216822382,0.35,1,13.123047191975063
B03534,salary_advance,21,loyal,D,med,19000.0,0.5776276312982908,71201.57006099458,0.01284490050016441,-0.23256049076439778,0.1,0,0.5932773820784252,0.14019602003303722,0,16.683600558774284
B03535,salary_advance,8,established,A,med,17000.0,0.3849658415990981,16489.714334230204,0.033073239750831734,1.7341058465059236,0.1,1,0.4609378405192468,0.036178036510436634,0,8.03124735946526
B03536,personal,15,established,E,med,24000.0,0.6724670824301834,35246.40288703262,0.03815805457285903,-1.2559458554352658,0.1,1,0.690184001282142,0.2765025945083417,0,12.807329757512942
B03537,personal,29,loyal,B,med,10500.0,0.6095795549761021,30482.117012341045,0.01749819772649463,1.282461150065807,1.0,1,0.7323908402255985,0.04770372494119179,0,25.10885286956216
B03538,personal,18,established,B,high,9500.0,0.7339789648177721,43644.1645545328,0.013313731318071198,0.7064526567796688,0.5,1,0.8016443925978329,0.07131843565624128,0,13.679184443240874
B03539,personal,32,loyal,E,high,4500.0,0.7175995274618167,30946.081963625194,0.00869576391332796,-0.32575236158202936,1.0,1,0.8639639204069345,0.21397001398245696,1,31.148253206518394
B03540,salary_advance,30,loyal,E,med,3500.0,0.5324991890834894,46249.03446544562,0.0033581731008616835,-1.2452316271167247,0.25,0,0.5654102375094214,0.29107780687694507,1,26.93557700936359
B03541,personal,16,established,E,med,43000.0,0.6724051423233623,36490.55309953837,0.06602946667921375,-0.5689125979479266,0.5,1,0.748527387140867,0.18102681878386198,0,16.731783387001453
B03542,salary_advance,4,new,A,med,76000.0,0.5012888930829592,14761.835703053617,0.21507011187879113,2.078015043633011,1.0,1,0.6685815922058438,0.028496544066711888,0,2.553075919689258
B03543,personal,8,established,E,med,6500.0,0.505564115518018,40255.14579183708,0.006802788161667944,-0.8632772922093546,1.0,1,0.677154181397411,0.3072109027701023,0,7.429662427137142
B03544,personal,25,loyal,E,med,31500.0,0.6142464352515506,25420.101384015106,0.0634299945612822,-0.3942573445992704,0.25,1,0.6329289600533329,0.18508157852830173,0,27.42568387076931
B03545,personal,7,established,E,high,6000.0,0.7782955567574457,17549.91229529221,0.022173773397324174,-0.9975824103098268,0.1,1,0.7636230436901807,0.27730629244306854,0,8.382758279779216
B03546,personal,13,established,B,med,26000.0,0.629358226569942,39406.567814189824,0.034603609665557374,1.2147844765495195,0.1,0,0.6217115397378352,0.06667314701217476,0,13.273708103982976
B03547,salary_advance,19,loyal,C,med,13500.0,0.44352711483806373,44661.0573782032,0.011172328500138528,0.5070842883748936,0.1,0,0.4808412180981231,0.10916611657112742,0,20.574445452722607
B03548,personal,36,loyal,D,med,11500.0,0.5811115193857004,20620.461935636493,0.027007083602179564,-0.22590622894913892,0.1,0,0.5880398195140484,0.1759302655147851,0,39.10488028061268
B03549,salary_advance,11,established,A,med,17500.0,0.5370598584648623,22185.391149848627,0.03530306444923487,1.763474017195351,0.5,1,0.6483294501022627,0.032726250487109664,0,11.840530421895958
B03550,salary_advance,11,established,B,med,15000.0,0.3556696277163743,12545.07998058353,0.03543915505788493,0.9294940879355368,1.0,1,0.5911941910278872,0.07435249358116613,0,10.781369238238991
B03551,personal,15,established,E,med,15500.0,0.44360286882340544,9970.640261394434,0.05746742675246857,-0.9192902417102595,0.5,0,0.474737882807673,0.22745797564754094,0,18.77038470646031
B03552,personal,19,loyal,E,med,6500.0,0.6228599408489656,23546.452157927255,0.014328378037464623,-0.8235839110617803,0.5,1,0.7072801490353503,0.23263265404767017,0,20.179358251363073
B03553,personal,15,established,B,med,26000.0,0.5321806435771033,41590.621044990854,0.027723992383677024,1.1581699648799733,1.0,1,0.5923763060114978,0.07111246241076605,0,16.357191800190858
B03554,personal,29,loyal,D,med,5500.0,0.3690588274718848,19627.832590881164,0.008617964403765414,0.4167881637417159,1.0,1,0.6164302906627342,0.12357844817035132,1,25.470667014906653
B03555,salary_advance,10,established,E,med,3500.0,0.6680275495118477,58999.6337436644,0.003302416578620626,-1.1990640198561127,1.0,1,0.8047611898535811,0.32845683238582996,0,5.8367315550257
B03556,personal,17,established,E,high,6500.0,0.7459736800096213,24033.628221440198,0.016812654042447556,-1.783115686893549,0.5,1,0.7931417869579207,0.35,1,21.72078112769427
B03557,salary_advance,21,loyal,D,med,11000.0,0.5613863868134576,24087.417102034455,0.021364025280604784,-0.3660387151997586,0.5,1,0.6696076034860486,0.158410803872797,0,20.610221101121574
B03558,salary_advance,13,established,E,med,27000.0,0.6172685327406409,22948.30965053253,0.060520980404071396,-0.8894845881030299,0.1,1,0.6083512937012067,0.24124627274160576,0,12.18033413342078
B03559,personal,26,loyal,E,high,3000.0,0.7006670335258997,46160.32378615093,0.0037947471770990618,-1.6460769709014365,0.5,1,0.7380385883755947,0.35,1,26.323638374779467
B03560,salary_advance,17,established,E,med,2500.0,0.643579340341101,15876.56158263126,0.00844509237972597,-0.7495069866484961,0.25,1,0.6516935936431385,0.20579178880057344,1,18.581933770123708
B03561,personal,25,loyal,E,med,7000.0,0.4279207493324182,25061.094632699278,0.009960476218978755,-0.5190805616438536,0.25,1,0.44849907134522565,0.19849479608838072,0,24.63686438930973
B03562,salary_advance,18,established,E,med,19500.0,0.48767600484663565,19909.36346575821,0.039804060498405444,-0.11268128838457048,0.25,1,0.5324059625365525,0.1916806330256666,0,17.9304348900943
B03563,personal,20,loyal,A,med,76000.0,0.4358830674777584,19754.5194865394,0.1397448701586247,2.0929100451277125,0.5,1,0.5712414176959109,0.02878067517806281,0,20.642323065142094
B03564,salary_advance,11,established,D,med,20500.0,0.477976261957595,27428.417486378807,0.029769955968102325,0.08315672790172618,1.0,1,0.6861892794298019,0.13730467511151473,0,10.474089719178805
B03565,salary_advance,11,established,C,med,8500.0,0.6928759447643136,25277.55659902238,0.019415924384098508,0.18242516225578548,0.25,1,0.7384509381171693,0.10835118349567907,0,8.5576932700448
B03566,salary_advance,32,loyal,B,med,26500.0,0.5710468972978519,47974.22729131121,0.026286236785888123,1.2592553637989425,0.5,1,0.6448694495549203,0.042443344349227835,0,33.51951125129417
B03567,personal,23,loyal,C,med,5000.0,0.44649852071170615,26744.234326342048,0.006956304974986736,0.16268192893343997,0.5,1,0.534800767756547,0.10692822828267645,0,27.058185241410836
B03568,salary_advance,9,established,B,med,41500.0,0.5083840898136913,36506.77576503399,0.04815987188939797,0.7501529638867084,0.5,1,0.5613111655913349,0.06359350129195333,0,13.69394444087289
B03569,personal,18,established,C,med,8500.0,0.6611110671857833,29584.780346927375,0.01582864568984027,0.2806148769517333,1.0,1,0.7795392410201626,0.11636961920691731,0,20.337420022790205
B03570,salary_advance,4,new,D,med,8000.0,0.49781282125193566,58224.84601619456,0.005699889941755275,0.12258856559924342,1.0,1,0.677141167830579,0.13627054120019438,0,4.182503796915798
B03571,personal,11,established,A,med,13000.0,0.5332417999510274,22781.139716116362,0.02535775750521113,2.7664660844189584,1.0,1,0.672783657446385,0.015,0,10.338414114766891
B03572,personal,27,loyal,B,med,26500.0,0.6417278768701586,22816.420053815527,0.0621109296760433,1.3111258440443518,1.0,1,0.7161253374502634,0.052537056563298844,0,25.107308941480976
B03573,personal,15,established,E,high,3500.0,0.7347901325835926,40528.9261173526,0.005287921719160856,-1.0817219847067305,0.25,1,0.7934069710734105,0.34069755180743405,1,13.0661240717112
B03574,personal,17,established,D,med,3500.0,0.5710859656013978,22611.15023851774,0.007366575260878614,0.37022218618916386,0.25,1,0.5689117865335798,0.13930981661020367,0,17.141029385442657
B03575,personal,3,new,E,high,8500.0,0.738083747122233,35387.55298180815,0.014773819516342695,-1.1417368066597202,0.1,0,0.7482878170333319,0.32872393912747105,0,3.1411199781003067
B03576,salary_advance,13,established,B,med,42000.0,0.4773879034509188,97329.06345871816,0.01716709893943349,0.7962507640598536,0.25,0,0.4871587926591386,0.07564539350908957,0,15.807787472665513
B03577,personal,19,loyal,E,high,9000.0,0.8159673483312776,15702.512894686488,0.038973094010675335,-0.9751874171082698,0.25,1,0.8556246218347999,0.29726099106370657,1,19.527654313802074
B03578,salary_advance,21,loyal,E,med,4500.0,0.6124612111005434,62468.5654570147,0.003676616430718971,-0.3577794480839789,1.0,1,0.752495081987751,0.21532586728457914,0,18.171891827384062
B03579,personal,27,loyal,B,med,14000.0,0.6405257748047655,20522.68942779354,0.03641238509381381,0.743907562490127,1.0,1,0.7693312811796379,0.06103070683507109,0,26.173799677070157
B03580,salary_advance,14,established,B,med,4000.0,0.4709963307997252,56146.704282035185,0.0027962242653568423,1.3476691135980254,0.25,1,0.4330576459670792,0.06161769291413921,0,14.172594626860201
B03581,salary_advance,15,established,B,med,6000.0,0.5759652326509396,39235.02886961766,0.0073399363941458505,0.8526443487530131,1.0,0,0.5961916925974317,0.06872537514093861,0,15.160454627136318
B03582,personal,7,established,B,med,3500.0,0.5802102652374971,37428.21881325099,0.004521401215269434,0.8541173345352181,0.5,1,0.6549729818648087,0.06873763525841643,0,7.1109502298528735
B03583,salary_advance,14,established,B,med,9500.0,0.44002573062791644,24759.64202901592,0.014069415987740459,0.7238185587638459,0.1,1,0.461171647344532,0.0780972445983301,0,15.801150604803667
B03584,salary_advance,8,established,C,med,5500.0,0.447271398018199,23440.56158649709,0.008745498268114485,0.5224960990323319,1.0,1,0.6114856318004923,0.1001004410647081,0,8.578510516667095
B03585,salary_advance,5,new,D,med,2500.0,0.5700673963559315,18086.04329208879,0.0065666126631155185,-0.5036932742584369,0.5,1,0.6913931452273614,0.17674632759651923,0,3.360072876116813
B03586,personal,9,established,B,med,6000.0,0.6357453398519061,26996.211567394796,0.011774713986530985,0.813001808716797,0.5,1,0.6574429138475034,0.0735241781501855,0,9.808495669511013
B03587,personal,37,loyal,B,low,16500.0,0.32716964409491667,24314.999555446433,0.018501265426909892,1.4248792328266413,0.25,1,0.3533321504210053,0.05057708341961736,0,41.1460271264499
B03588,salary_advance,14,established,C,med,5500.0,0.5177052547498208,29883.448349916955,0.007940234082601355,0.2868843086702248,0.25,1,0.5417558775968015,0.11804595278176802,1,12.749235854149584
B03589,personal,18,established,D,med,5000.0,0.6947632165326171,12383.74115635708,0.023376188980391666,-0.11692604177865809,1.0,1,0.8750694220550527,0.16199064363150098,1,14.871654111824245
B03590,salary_advance,12,established,A,med,12000.0,0.3613777541536179,27240.355637971497,0.013266264176444085,1.941405811722237,1.0,1,0.6051605768283516,0.029346671494355183,0,10.165281418280061
B03591,personal,6,new,D,med,12000.0,0.6863833686229388,53877.010365500275,0.012739819154153719,-0.020421779816222816,0.5,1,0.7176775494472382,0.1572829298917957,0,5.266363082122099
B03592,salary_advance,27,loyal,C,med,24000.0,0.4179552436438707,45216.92280429511,0.018486673471913913,0.8256858703659691,1.0,1,0.6493059278382814,0.08759415924291968,0,25.423259277756895
B03593,personal,4,new,D,med,8500.0,0.4716193923926542,27245.699660759892,0.012261154620274224,0.13422590775289506,0.5,1,0.5664074603517864,0.1462118965569238,0,4.14303430456628
B03594,personal,12,established,D,med,11500.0,0.5587653632519909,110120.4401469074,0.004862707344813766,-0.09780625595415364,0.25,1,0.5908217174961593,0.16074124797388448,0,13.035930535206404
B03595,salary_advance,15,established,E,high,17500.0,0.7559265975381628,19583.75514241808,0.05629119373308492,-0.47034032274309523,0.25,1,0.8001141155792877,0.2210811853674511,0,13.061852566786346
B03596,salary_advance,18,established,C,med,14000.0,0.4702497975511815,25650.808650820505,0.02138820538868909,0.7279655755235219,0.25,1,0.5319491925103922,0.09211234650765877,1,21.035858772972617
B03597,salary_advance,11,established,D,med,8500.0,0.38693896929831834,12115.207391382432,0.022622953207932454,0.31124498997767847,0.1,0,0.4305359028348984,0.15934870139048846,0,10.49292032456357
B03598,salary_advance,5,new,A,med,4500.0,0.35041614564872137,21547.187543979275,0.006098524661284069,1.8422497564744962,0.1,0,0.34841511458908325,0.03980276888870077,0,4.210912571452397
B03599,personal,10,established,B,med,6000.0,0.6208184925527439,71919.14430138632,0.004316086478665021,0.7884485502923761,0.5,1,0.6369164102564576,0.07702352242089097,0,12.353769930665363
B03600,personal,10,established,E,med,4500.0,0.4610613726755981,22004.12797088133,0.007857526323340329,-0.5954822864430015,1.0,1,0.5971171955369241,0.19300646838093846,0,7.906407380800234
B03601,personal,10,established,B,med,9500.0,0.6468503068233017,11610.821658002438,0.04410452949143096,0.7290602191903756,0.5,1,0.7115351191799096,0.07879215669703638,0,11.848867086351339
B03602,personal,28,loyal,B,med,41000.0,0.5402632822659628,43460.13611700399,0.04247339545307642,0.7078658347309799,0.1,0,0.5164455739992118,0.07933230877237073,0,27.44249238042384
B03603,personal,8,established,B,med,6500.0,0.5045934964277048,33325.08291829908,0.008201674333467008,1.3094263019455128,0.1,0,0.5042939809235186,0.05539387720279574,0,9.493688066373137
B03604,salary_advance,19,loyal,C,med,8500.0,0.5841410332188568,42482.832677752376,0.0097396180790311,0.22554578717096063,1.0,1,0.6726743686434881,0.10941287596606047,1,20.27816674274331
B03605,personal,17,established,D,med,52500.0,0.48085598322453815,22848.0694997715,0.09207539072954911,0.18867614835952437,0.1,1,0.4561257937431562,0.14411207413464056,0,16.101397128982896
B03606,personal,27,loyal,C,med,13000.0,0.5639179674374124,15461.090777457915,0.03951280929552727,0.3009063509075077,0.5,1,0.6572273903788868,0.09413120684162034,0,27.365016072849507
B03607,personal,15,established,C,med,5000.0,0.44245879935449367,24318.85327127248,0.007580860454557357,0.05847942305829942,0.5,1,0.4892870144736631,0.10962412071296906,0,15.47991786458825
B03608,personal,25,loyal,E,high,44000.0,0.713127639808839,36503.548079782704,0.07163142991609456,-0.48519894900394933,1.0,1,0.7911475835450192,0.19657365864107146,0,26.828766030078505
B03609,personal,14,established,C,med,5500.0,0.4362682903297087,25853.989040851477,0.007734059893755739,0.5759116679131766,1.0,1,0.6732779124547115,0.08196758959894548,0,12.121369558715903
B03610,salary_advance,20,loyal,B,med,4000.0,0.555888441664381,33302.08695430397,0.005564100156116871,1.167964275849497,0.5,0,0.5268840914009854,0.04826845730641768,0,17.736280938931827
B03611,personal,7,established,B,med,10500.0,0.4054762884949485,20025.263725980858,0.017717207487897985,1.2852236169217952,1.0,1,0.5942561088905868,0.047970920864330566,0,4.576393510822937
B03612,personal,3,new,D,med,4500.0,0.5309955329334954,33989.36943091111,0.005858400087557117,-0.3600258519867806,0.25,1,0.5741136565343411,0.16683854477500093,0,6.01809916781315
B03613,salary_advance,20,loyal,C,med,21500.0,0.5137414719107586,26858.626523355957,0.03427031049805767,0.33816049175186497,0.25,1,0.567142629353359,0.11047324029310666,0,19.40760310235551
B03614,personal,20,loyal,B,high,6500.0,0.775585570580733,18247.244222384226,0.023023139582681484,1.189294377944037,0.25,1,0.769578130941441,0.05195761902021893,0,20.077654193183168
B03615,salary_advance,21,loyal,D,med,20000.0,0.5668923635373736,29055.77638293752,0.03251747925932041,-0.044204381599684206,0.1,1,0.5865303820644755,0.13666189592888506,0,21.54777993463861
B03616,personal,12,established,B,med,4000.0,0.4352300434548702,21748.9186867748,0.006670523865622911,1.0849845350839589,0.5,1,0.49101532720324215,0.06163166846631468,0,9.604736276379866
B03617,personal,37,loyal,B,med,48000.0,0.45651621617390076,37776.42301831478,0.04833874461354611,1.4828419974137028,0.1,0,0.4796388124009361,0.05174579402094476,0,38.20019604877881
B03618,personal,12,established,B,med,4000.0,0.3641476451509467,43487.82536240928,0.0027911845987261424,1.2572789011344085,1.0,1,0.5584426582670364,0.06610773980259395,0,12.206607915892974
B03619,salary_advance,20,loyal,B,med,45000.0,0.49908715126049963,35448.839151801214,0.052796561523842614,1.1266229846794933,0.1,0,0.514588491520227,0.06091283453805898,0,19.341321238099532
B03620,salary_advance,22,loyal,D,high,3000.0,0.7233279407917679,10946.301587785181,0.016519916224465234,0.2635036174022339,0.25,0,0.751709357041738,0.12024135302425852,0,22.143087050233344
B03621,personal,42,loyal,C,med,22500.0,0.5757304345268179,15825.47220001189,0.06821247107792289,0.5091877263053626,1.0,1,0.7386199778916336,0.09446576249925488,0,39.455053653426106
B03622,personal,13,established,C,med,22000.0,0.63676073714714,18956.13156211725,0.061584014699640956,0.38006889507920627,1.0,1,0.7069863956690936,0.11396437411500979,1,9.511121050918307
B03623,salary_advance,11,established,D,med,11500.0,0.4885427716219176,17361.79316193282,0.02696650158411496,-0.21014164518787604,0.5,1,0.5451793495042339,0.17323854387758328,1,15.448141108772866
B03624,salary_advance,7,established,B,med,4500.0,0.4723285998848707,19958.974359542688,0.008874365073380698,1.6831162889252158,1.0,1,0.6807282291512577,0.046010997784388,0,9.150280419549958
B03625,personal,38,loyal,B,med,15000.0,0.5399703717112484,44751.78721796489,0.015082368919740201,0.980084167568543,1.0,1,0.7235948441278253,0.051349890304319065,0,38.8879806637984
B03626,salary_advance,20,loyal,D,med,11500.0,0.501878761174319,39508.058439026965,0.012173899835337863,-0.1422229553220049,1.0,1,0.6600111236567652,0.15260873787603216,0,20.677446224239958
B03627,salary_advance,21,loyal,A,med,13000.0,0.49354528472498427,21308.935454687853,0.025091542446548678,2.6328736764657767,0.5,1,0.5749090936664112,0.018216122533932715,0,19.74267913872612
B03628,salary_advance,60,loyal,B,med,14500.0,0.5881085418883639,37252.9536393361,0.01907583386975803,0.8473892751701768,0.1,1,0.6608330794057587,0.07417737531299551,0,59.75870747685938
B03629,personal,19,loyal,E,med,41500.0,0.6511543756323847,32236.77397668404,0.06985528030888181,-0.6941030428499863,0.25,1,0.7377496398915849,0.20572517239038007,0,19.187281674994964
B03630,personal,8,established,E,med,39500.0,0.5919662819901583,26421.34945898879,0.07374928677440007,-0.8302541227472741,0.5,1,0.7426677900306783,0.21599011303403615,1,8.067046917048058
B03631,salary_advance,14,established,A,med,11500.0,0.5937572703158033,50590.727446265926,0.011247463967720505,1.8377835971653447,1.0,1,0.7246902550230431,0.03764556401647116,0,13.310452283580705
B03632,personal,9,established,A,med,4500.0,0.4596804650821062,18700.153865625172,0.009218115297043677,1.8249849162168217,0.5,1,0.5634726469255048,0.03033124787692655,0,3.691086594845265
B03633,personal,13,established,B,med,6500.0,0.48365689869313055,27695.29287694009,0.00945939879709951,1.0094850534809183,0.5,1,0.5759044705442462,0.0511107438852777,0,12.633390368499116
B03634,personal,13,established,B,med,16000.0,0.6473869981117611,15093.612857007534,0.05718860502959461,1.3193086485871355,0.25,1,0.7311963951231963,0.05770761777593747,0,14.305817019170524
B03635,personal,11,established,B,med,65000.0,0.40235455886303645,15496.799533345595,0.14063681487814064,1.216615458798611,0.25,0,0.39361192637946235,0.05922971100954091,0,9.753690378872662
B03636,salary_advance,7,established,B,med,10000.0,0.3584090368206445,12728.250315054582,0.023465455970588075,0.9069161527640661,0.5,1,0.42401407190071627,0.06989782944422201,1,7.681491625010815
B03637,personal,39,loyal,B,med,3500.0,0.4450973715515363,15642.996172409457,0.008298925939233003,0.7290417878109258,0.5,1,0.47185886661030846,0.07196642251045761,0,39.234112247047015
B03638,salary_advance,19,loyal,B,med,10500.0,0.546655095413521,28161.337585683534,0.0169851026085493,1.2898631944766077,0.1,1,0.5497859676383808,0.051495117881101074,0,16.54938082570815
B03639,personal,14,established,C,med,9500.0,0.6572356972776366,22779.89667962545,0.022840823248487362,0.7360154431432946,0.1,1,0.6120499771265747,0.0959311314172952,0,12.665171014945328
B03640,personal,24,loyal,D,med,45500.0,0.5152301665499595,23192.188312264516,0.08423444229863818,-0.34159800652639816,0.1,1,0.5027386618665433,0.14781444073693067,0,24.44158762860761
B03641,personal,21,loyal,B,med,15500.0,0.6856644653663341,22821.54408945641,0.038807625415700354,1.13195872931211,0.5,1,0.7342744366304348,0.047572389581132225,0,22.370595349743617
B03642,salary_advance,19,loyal,A,med,4500.0,0.47273615600359264,71325.44704514684,0.002485453170579315,2.2086168472970176,1.0,1,0.6601686953365831,0.022499865046961377,0,17.27672812246173
B03643,personal,23,loyal,D,med,5000.0,0.5463700686900099,14393.77237643437,0.015816159192584,0.19362757167096906,0.1,1,0.5605695458865733,0.12254149179707666,0,24.963206969884535
B03644,personal,17,established,D,med,3000.0,0.49760812233080626,13571.790290374962,0.009166221104295047,-0.313247785321797,0.5,1,0.5871954068941746,0.16684100973960045,0,16.504811590987504
B03645,salary_advance,23,loyal,B,med,15500.0,0.695659373246036,16899.132598891887,0.05317196125409717,1.2265463092386661,0.1,1,0.7269142471415446,0.06030491266936803,0,22.14308139619731
B03646,personal,24,loyal,E,med,11500.0,0.5681517480583148,25860.13417804597,0.021054753807817506,-0.2496575504081362,1.0,1,0.7148068326713877,0.19396241175854484,0,25.9385082633412
B03647,personal,17,established,E,med,2000.0,0.5093680187623875,35707.79252368319,0.0023774830028326414,-1.3168186166275062,1.0,1,0.7123836964207519,0.3454977573541175,0,15.527332068344775
B03648,personal,14,established,B,high,6500.0,0.739360638361493,37806.00334457965,0.010593212109611361,1.147719040105178,0.25,1,0.7191814397934504,0.06347700671904244,0,13.047821576999208
B03649,salary_advance,38,loyal,C,med,37500.0,0.591824650817601,45231.592645609024,0.04088850128041078,0.29904873997656706,0.1,1,0.6686052738402599,0.11780561407378132,0,35.99889826762481
B03650,personal,12,established,D,med,20000.0,0.6426368312543548,25348.34253575426,0.042253704908444205,0.0184485787202093,0.5,1,0.7105503371398971,0.14012464698628257,1,12.33815988142202
B03651,personal,20,loyal,D,high,7500.0,0.7259428366189368,21634.042269870635,0.020972237514702268,-0.2101250410080655,0.5,1,0.7792796684966874,0.13998343938145277,1,22.644923481255276
B03652,personal,20,loyal,A,med,11500.0,0.5524918471410579,66065.59441428314,0.008014328156800943,1.6767548149129992,1.0,1,0.7006257022144439,0.032944220008552454,0,18.03694455765933
B03653,personal,11,established,B,med,60500.0,0.6207315901953999,5817.846137020535,0.5379175890062036,0.8531761582840144,0.1,0,0.606872181299534,0.06135057560667256,0,13.074304721447266
B03654,personal,10,established,D,med,11500.0,0.5843376640142579,27848.028762905356,0.020108793556437493,-0.24073954115370055,0.1,1,0.5785830319353448,0.16552961824401455,0,7.7818055195388265
B03655,personal,13,established,E,med,24500.0,0.6962612489325839,34081.289561445796,0.04171008202827682,-1.179897364762752,0.25,1,0.7636207272660085,0.31815893486504404,0,9.527332960901827
B03656,personal,12,established,D,med,2500.0,0.5778981781160267,75397.25905708926,0.0015968147288087922,-0.3469298048582003,0.5,1,0.6653746593106773,0.15154955360384484,0,12.539964550169188
B03657,personal,7,established,C,med,5500.0,0.5381888993055638,10793.383705031962,0.02285380738078618,0.5701526999497136,0.1,1,0.5310052589962402,0.09332123460163282,1,6.897400786467204
B03658,salary_advance,11,established,C,med,3500.0,0.5520839522095115,21352.504079257826,0.007541246003906836,0.5386357040797652,0.25,1,0.6483953500071333,0.08400590703517336,0,7.388053002295982
B03659,personal,19,loyal,C,med,22500.0,0.5016897218165537,12750.354949665887,0.07377584640737297,0.509098044451987,0.1,0,0.5037571625819676,0.08369935616586693,0,19.26941610682231
B03660,personal,32,loyal,C,med,14000.0,0.5868749779355279,10006.07810498855,0.06842715668157373,0.6116987594698118,1.0,1,0.7603316049374378,0.0821304562748599,0,29.960846359456106
B03661,salary_advance,22,loyal,A,med,7000.0,0.5481186743008118,24040.87700496463,0.013299676766205835,1.5087962314981596,0.1,1,0.517655522702728,0.037307190976362745,0,21.4349970048277
B03662,salary_advance,3,new,D,med,49500.0,0.6485860551477961,42540.06287129907,0.0628917142313325,-0.041859204065044286,0.5,1,0.7185326088888228,0.15796862896500408,0,3.0681594720510743
B03663,salary_advance,23,loyal,B,med,45500.0,0.5752503150224417,52223.26026576993,0.04176601448013664,1.2000134504595026,1.0,1,0.763807205948257,0.0549293384217225,0,22.964581343022523
B03664,personal,12,established,E,high,4000.0,0.785657381216522,20079.806871619323,0.013042246641773654,-0.9869192077450982,0.5,1,0.8366890006432387,0.30177987344702795,0,8.50149870193187
B03665,personal,21,loyal,A,med,19000.0,0.5462360995452278,38816.06290326529,0.02228133817783949,2.9538507769753255,0.1,1,0.5865795000948314,0.015,0,23.68825101617402
B03666,personal,16,established,D,med,11000.0,0.560282848623484,24131.051060499318,0.021283474555275607,-0.28385931931625463,0.25,1,0.6289578487549219,0.16526383777792766,0,15.295051051975245
B03667,personal,14,established,D,med,3000.0,0.6055018308410995,36538.27347410075,0.00414292858740503,0.20359300788397736,0.25,1,0.6676785384904157,0.15550687393140816,0,12.575701529877277
B03668,personal,15,established,B,med,13500.0,0.6719841892774923,50764.9475332447,0.014891815114003714,0.5664655247862109,0.1,1,0.6814164694079169,0.07412716958947968,0,12.49284624995152
B03669,personal,16,established,E,med,4500.0,0.49806877378041675,24177.391945355597,0.007725224895629628,-0.4107905124005407,1.0,1,0.6788417794741667,0.22129151090538007,0,15.058575960659477
B03670,personal,34,loyal,D,high,38500.0,0.7329543349724961,48646.53734854114,0.048339757624577276,0.4078247942494629,0.1,1,0.7523482565623397,0.13028145837085237,0,37.19482935355398
B03671,personal,16,established,D,med,20000.0,0.4923117624193326,13805.674629778894,0.059433502964234504,-0.00432472534322486,0.5,1,0.5685250910438286,0.15690338066096995,0,18.515331631429
B03672,personal,29,loyal,E,med,30500.0,0.6759289116547459,38602.82673826798,0.044504149798078436,-0.514038092573377,1.0,1,0.7861795295446541,0.1958182777185141,0,31.392764860306386
B03673,personal,27,loyal,C,med,14500.0,0.5305778886522164,47501.677255131115,0.013496680240250716,0.8385894255396384,0.1,1,0.5263841326658615,0.09122523673107216,0,26.31142946778891
B03674,salary_advance,23,loyal,E,med,4000.0,0.6084716126676432,44874.05484606813,0.00451984719421864,-0.899221838258731,0.5,1,0.6604393939995845,0.25276384457402007,0,24.196556285903807
B03675,salary_advance,6,new,A,low,12000.0,0.34877521621021057,14019.973609238717,0.024877023732796388,2.1027084424166143,1.0,1,0.5808253885186923,0.0242883565587679,0,7.125357492607744
B03676,personal,30,loyal,B,med,15500.0,0.601285746813,24023.88806392961,0.032328686939989255,1.192970884978393,0.1,1,0.6046715572418295,0.05354173137881569,0,30.167115832265697
B03677,personal,12,established,C,med,6000.0,0.4083695631518977,31767.41384805353,0.00642749147137326,0.6391223576533764,0.5,1,0.5434227412635904,0.08100401256190468,0,9.660897710601542
B03678,personal,24,loyal,E,med,8000.0,0.4944442891524526,34326.702959884125,0.009602714437412075,-1.3366421124332417,1.0,1,0.6576394454947514,0.30877603650065,0,23.345939929973014
B03679,personal,9,established,E,high,4000.0,0.7152895399218303,28673.590089350822,0.008315311961202979,-0.7925286732930206,0.5,1,0.7695290408592325,0.27690833798877,1,7.195408573303594
B03680,salary_advance,8,established,A,med,7000.0,0.661766208510102,59044.84123477922,0.006537917288363812,1.739345120805054,0.25,1,0.6750277513361432,0.0324690336821607,0,5.065543165736321
B03681,personal,48,loyal,A,low,13000.0,0.3225484857752761,13192.380329417856,0.026487071895384663,4.551241397039601,0.5,1,0.47252625771095313,0.015,0,46.831481334933706
B03682,personal,9,established,B,med,15500.0,0.6094590938397227,23573.112515077,0.03339474139047821,1.1946924650570308,0.5,1,0.683901358179064,0.04599859117960809,0,10.23692172594497
B03683,personal,30,loyal,B,med,11000.0,0.5808845948268623,10633.081803466184,0.05007744274894786,1.4369434102509508,0.1,1,0.5883523426187596,0.0466735266545204,0,26.784050444731758
B03684,personal,17,established,C,med,13500.0,0.5313316130432716,37861.37891844712,0.0157878049281095,0.5249742281141881,0.25,1,0.5475162925018845,0.0816889819057929,0,18.807927020265144
B03685,personal,13,established,E,high,6500.0,0.7255622785760046,36499.020226187735,0.010767765777267426,-0.8474971957101705,0.5,1,0.7827350563603074,0.2215424475485047,1,14.821522830745558
B03686,personal,16,established,B,med,25000.0,0.5044730694948428,169690.56492899734,0.006193541531830878,0.9951740832003304,0.25,1,0.566818126278265,0.0652354798391982,0,14.844472074322574
B03687,salary_advance,8,established,E,med,9500.0,0.6578837903800419,47310.98611564762,0.011008535440607578,-0.7512073370969291,0.1,1,0.7033128739493062,0.2683661462300245,1,11.18995581272867
B03688,personal,16,established,E,med,5500.0,0.5113577205748849,32281.539962216666,0.007260257375303006,-1.2105851651398536,0.5,1,0.617380039554053,0.33071775453037006,1,16.19735656104673
B03689,personal,9,established,E,med,5500.0,0.5197679137225315,30951.981281482233,0.00769666272054401,-1.2735293254384898,1.0,1,0.6800457514685105,0.34499069060048204,0,10.682443349475472
B03690,personal,13,established,B,med,10000.0,0.6351302127968947,22603.589479050777,0.023415536626219605,0.975722646501593,0.5,1,0.6546650386163959,0.0660598118180131,1,12.763260043837334
B03691,personal,27,loyal,C,med,3500.0,0.6038794994716918,28904.952658386424,0.006093472034389961,0.3425859450724981,1.0,1,0.6901799448492291,0.1051240434940036,0,24.99916484035525
B03692,personal,18,established,D,med,12500.0,0.550042596776021,31317.64415974141,0.018295151301479188,0.10085809990438051,0.1,1,0.5912542956026308,0.14590854098083622,1,19.010401344892866
B03693,personal,7,established,D,high,5000.0,0.7373304813911551,9130.560512682907,0.033647554658471676,-0.015403937050684434,1.0,1,0.8557669097742905,0.133381752660367,0,4.869903426984481
B03694,salary_advance,26,loyal,E,high,18000.0,0.7535752193329011,29980.5007637875,0.03770326713037032,-0.37571654119822484,0.5,1,0.7636997475478753,0.20497658453291615,0,25.695413944112346
B03695,personal,16,established,E,med,16500.0,0.6471235963902429,28440.096090075487,0.031286636381903384,-0.670730906017404,1.0,1,0.7253130113190742,0.2602852124278735,1,13.497133787415368
B03696,personal,12,established,E,med,7000.0,0.45259321562398686,70594.48485292234,0.003739848936698675,-0.6204262062534526,0.1,1,0.4463024122836417,0.19799933862201005,0,12.282044360822992
B03697,personal,24,loyal,E,med,15000.0,0.6072563256706267,25023.74697769939,0.030334002648154584,-1.0052714472253608,0.5,1,0.659549695245324,0.2592853839025898,1,23.109736708586738
B03698,personal,14,established,E,med,10500.0,0.509335852614586,17658.103086508276,0.025238773884963744,-0.5042100953003512,0.5,1,0.6174292420157294,0.18949793755879996,1,13.444800252545884
B03699,personal,8,established,E,med,3500.0,0.6277984996960718,31185.004870590827,0.00587166481148664,-1.0813064563962387,0.25,1,0.647405305379957,0.24956494946472085,0,6.601406386959415
B03700,salary_advance,45,loyal,B,med,16000.0,0.4133986201744875,28026.098365955066,0.019667316978456854,1.3276756288669924,0.5,1,0.4936548289217968,0.04747402334157274,0,47.76990247461015
B03701,personal,16,established,C,med,58500.0,0.4191554505995113,25038.49344030949,0.08160965541093515,0.6609710639668241,0.5,1,0.5402659814499142,0.10278944043618708,0,13.473024975531057
B03702,personal,15,established,E,med,2000.0,0.41046544327427203,13313.79712149852,0.005138346828337336,-1.2936391226398898,1.0,1,0.6547614637219509,0.297915667496282,1,16.71565579695806
B03703,salary_advance,13,established,D,med,5000.0,0.5841135910067476,24690.881283690862,0.00985710716936779,0.05336823575199934,0.1,1,0.5755431724387513,0.16157122271062244,0,14.891142168182915
B03704,personal,31,loyal,A,low,19000.0,0.25984264490035586,19563.961823083253,0.021029356160714042,2.2560598813167037,0.5,1,0.3849419976678348,0.02225531833730095,0,31.781216885543866
B03705,personal,12,established,E,med,6000.0,0.5964266195016764,23883.31019063359,0.012486263728542524,-0.980762897678293,0.25,0,0.6230871859322181,0.3431594264692808,0,13.131198144148897
B03706,personal,7,established,C,med,13500.0,0.6132035829308149,40242.715003161735,0.017142333233306134,0.42663781779506577,0.1,1,0.6233791202115007,0.09407074563875946,0,7.0185263433277445
B03707,salary_advance,11,established,C,med,9000.0,0.4731048225411265,18564.698261860874,0.01911308290072245,0.4555219340028843,0.5,1,0.6080893592220853,0.0989638331093182,0,10.05769535715654
B03708,personal,34,loyal,A,med,27500.0,0.3921259626087757,23820.98358243027,0.037723966961125434,1.4928875578409073,0.25,1,0.4111728863882732,0.03895995015315692,0,33.49854132634864
B03709,salary_advance,25,loyal,B,med,4000.0,0.5112295084332795,36230.72272066502,0.004703462237236282,1.0454668413574062,0.1,1,0.4957833874069263,0.05776879515363804,0,21.801081947934595
B03710,salary_advance,14,established,D,med,8000.0,0.49243467074404745,23198.171589068665,0.014151536867273058,-0.08129547792375019,0.1,1,0.574525209001848,0.17796852610123468,0,16.68368261607817
B03711,salary_advance,34,loyal,C,med,24000.0,0.5479679588894396,112989.73953082888,0.00969942865900542,0.8167641214728851,1.0,1,0.7008582153043582,0.0814304007003496,0,37.685644344957176
B03712,salary_advance,24,loyal,C,med,9500.0,0.4269276212935634,30849.52325298651,0.010955902432776962,0.8313699439537359,0.25,0,0.43801183197558713,0.08687981476969037,0,23.727033302485466
B03713,salary_advance,14,established,C,med,8500.0,0.5420450665551257,13588.19435011656,0.028256041893203212,0.25830481771717617,1.0,1,0.724518718862206,0.09824331811744354,0,14.040647954504015
B03714,salary_advance,15,established,E,med,2500.0,0.5874882159673835,16956.109516367298,0.007218246509224009,-0.9691114553240175,1.0,1,0.7787310567558421,0.29358597121636076,0,15.2042934131983
B03715,salary_advance,19,loyal,A,med,7500.0,0.47732067986936294,16043.127862030567,0.018595215813519857,1.9930886075978922,1.0,1,0.6244367861353709,0.025584731618113712,0,19.993716896444504
B03716,salary_advance,10,established,A,med,11000.0,0.6595058105391173,17089.773839245037,0.03537478018614303,1.4164335878643248,0.1,0,0.6947732806816527,0.03899424498980409,0,11.087035017590054
B03717,salary_advance,16,established,E,med,6500.0,0.6229545552606875,36146.59256882987,0.009335145955744945,-0.6941890268698575,1.0,1,0.7521871947615067,0.23611028772838946,0,14.25086921284792
B03718,salary_advance,19,loyal,C,med,13500.0,0.59547942381357,14638.638711935244,0.04576343230904855,0.44927436781624663,1.0,1,0.7238148272985304,0.10455547654720734,0,19.84082836766484
B03719,personal,6,new,D,med,11500.0,0.5169408237139218,22422.873024338965,0.02209358373425684,-0.22508566935421595,0.5,1,0.5535097761076506,0.167887251707263,1,5.87444918055792
B03720,salary_advance,14,established,E,med,16000.0,0.6327612956677457,50438.537738586325,0.01672692677828294,-0.8065188004995824,0.25,1,0.6526270783420026,0.2676016123883436,0,15.836262665186723
B03721,personal,13,established,E,med,11000.0,0.6329975584060166,20213.890892432835,0.028705396945097807,-1.8667962677622671,0.1,0,0.635619320831162,0.35,0,12.383888814335773
B03722,salary_advance,28,loyal,D,med,5000.0,0.5697193569802886,38922.1045876097,0.0060989267647161395,0.07940734808766392,1.0,1,0.7473001051134185,0.161509830704231,0,30.698517078642926
B03723,personal,5,new,E,med,2500.0,0.6606506285941036,10661.201051872164,0.01290994766481794,-0.7064023402511919,1.0,1,0.8076913301436288,0.20131280030702212,0,4.947374919041577
B03724,salary_advance,13,established,E,med,14500.0,0.58307454053194,21942.084100651708,0.03210945687341681,-1.091233333364019,0.25,1,0.633605621414178,0.34363223910929075,0,11.475830713919608
B03725,salary_advance,12,established,D,med,5500.0,0.5057915261742724,16526.658733645298,0.014027101297327703,0.5269777640854788,0.25,1,0.5523305088822917,0.12286395967943976,0,13.375627616726357
B03726,salary_advance,27,loyal,A,med,12000.0,0.4337509519606725,31725.435699649064,0.013672025061123763,1.9128563033163397,0.5,0,0.42349760860839575,0.029861687123591957,0,26.966959413587613
B03727,personal,16,established,B,med,6000.0,0.47526704881827775,15227.709334636282,0.01560533624506662,0.8421161461652679,1.0,1,0.6277721487413488,0.05918532923749453,0,13.304037584563883
B03728,salary_advance,44,loyal,B,med,14000.0,0.5529105820697794,83978.09618506448,0.0076813166176872725,0.6233143468412815,0.25,1,0.6214984345574818,0.07328147489589823,0,43.087041656801134
B03729,salary_advance,23,loyal,E,med,3500.0,0.5885983603816745,10919.858684696861,0.01572131350184722,-1.0904116965211967,0.1,1,0.5702151388451079,0.280410206302365,1,24.099099128421194
B03730,salary_advance,13,established,C,med,6500.0,0.6639109131860822,50245.668798072766,0.007157202200937197,1.0657023406590476,0.5,1,0.7193204729221288,0.0828890302142553,0,15.559990647758099
B03731,salary_advance,18,established,C,high,9000.0,0.7766445696590126,43610.46384913413,0.013356506118790672,0.4963921690645581,0.5,1,0.8050688311105407,0.09802437327659738,0,16.275105297547768
B03732,personal,13,established,C,med,13500.0,0.4891777020312543,31901.98894146419,0.01725048917153512,0.4243511092180204,0.5,1,0.6365193013347143,0.09506725303687515,0,11.147404897560603
B03733,personal,26,loyal,A,med,8000.0,0.4943048304395771,27720.799348986362,0.011887700259928996,2.336102800302514,0.25,1,0.5303402886516262,0.02006522651607646,0,28.635420070868264
B03734,personal,7,established,E,med,9500.0,0.699776353842009,74624.73270613233,0.0074236730018160954,-0.8248116295306533,0.5,1,0.7787270304569794,0.21461666103819868,0,7.434430002254403
B03735,salary_advance,10,established,E,med,4500.0,0.6564294539067498,104718.40183759015,0.0023506952063383018,-2.5248159331220426,0.5,1,0.7133510956562671,0.35,0,7.315840158800533
B03736,personal,21,loyal,E,med,6500.0,0.5027221483091389,24004.661543526738,0.011343956249512266,-0.653454577809757,1.0,1,0.6960684201858671,0.22125393973985397,1,20.402029715254166
B03737,salary_advance,32,loyal,B,med,10500.0,0.6784287498105609,29341.93955207082,0.02023128549599733,1.236045068267821,0.1,1,0.6221263899579009,0.07339552190100376,0,29.06013534162008
B03738,salary_advance,4,new,D,med,5000.0,0.633161503867039,19854.379276296277,0.013287612249499977,0.026925901748040493,0.25,1,0.6552142195842211,0.15075962313412036,0,3.4375601980056523
B03739,personal,35,loyal,E,med,4000.0,0.6424577387719262,14141.824060150482,0.015143207741785703,-0.8156361295986817,0.5,1,0.6884730021552407,0.27245173874744494,0,32.717647826012744
B03740,personal,15,established,E,high,13000.0,0.7625972876676671,34707.53241461823,0.02380310567086047,-1.4197173831764305,0.5,1,0.8462956541318021,0.347611231860066,1,14.406606243160297
B03741,personal,5,new,E,med,2500.0,0.671619812124746,30862.351489653032,0.004533704900599214,-0.7046090158173954,0.5,1,0.756742412261391,0.20347151248564255,0,5.007618152938401
B03742,salary_advance,3,new,E,med,24000.0,0.6260186522081927,11096.42532330789,0.11283249045857122,-1.2460946698818056,0.25,1,0.6751565295074102,0.2948681129229163,1,0.7704383421788035
B03743,personal,7,established,B,med,3500.0,0.44301068574295716,34572.05901382467,0.0037374531252736044,0.5206334182545254,0.5,1,0.5268612062166456,0.07959038964842526,0,7.539752740146815
B03744,personal,16,established,E,med,7000.0,0.5424756724065655,31436.562935613947,0.010066117688669742,-0.41142688862626897,0.1,1,0.5986972656265093,0.2118636940505014,1,18.927238126558105
B03745,salary_advance,15,established,D,med,11000.0,0.6912455251565707,19328.102846834252,0.03278344162460349,-0.2771178843317118,1.0,1,0.767533496388811,0.16490346644075007,1,14.165469310264857
B03746,personal,23,loyal,E,med,18000.0,0.6523305760525732,18646.477561127987,0.05247617738369602,-0.35827640292300655,0.25,1,0.6871594409496521,0.20544726488192702,0,26.303207369576626
B03747,salary_advance,12,established,C,med,6000.0,0.5197134422294082,33964.762600771086,0.007650773955617305,0.6131227265805943,0.25,1,0.5839933721339929,0.0910594453100908,0,11.869666240492695
B03748,personal,8,established,D,high,5000.0,0.7244054043714782,65178.49813699255,0.004630907335734904,0.042609223760035765,0.25,1,0.7576696765198203,0.13237272551061668,0,10.960145038953991
B03749,personal,13,established,C,med,12500.0,0.5396960222529091,33493.865991311584,0.016784666083613016,0.2019572698625939,0.1,1,0.560917543431877,0.10460214382787483,0,13.644437492709725
B03750,personal,16,established,D,med,5000.0,0.6530783648330581,41326.794184476355,0.0065844929595173605,0.18012944380581153,0.25,0,0.6875679585829797,0.1292208851347462,0,16.877369309619716
B03751,personal,18,established,D,med,12000.0,0.5918279810725097,17022.512020288665,0.03476737043082279,-0.07219553659670648,0.5,0,0.5811145508119013,0.14536474034979627,0,16.26347738576073
B03752,personal,10,established,E,high,15000.0,0.7832334642828032,21421.496062128972,0.045703709372771135,-1.0331305834580906,0.5,1,0.85837879101441,0.3129182266920778,0,10.129382642121959
B03753,salary_advance,26,loyal,D,med,3000.0,0.6369114618977182,37586.838382774986,0.004236266531728279,0.01961987326873782,0.5,0,0.687782082210301,0.12741745724803696,0,28.439409686569164
B03754,personal,11,established,E,med,18000.0,0.593584753223675,12745.203878715682,0.06985977927920244,-0.3946749051389369,0.25,1,0.6009984478783947,0.20227913152515312,0,11.643384367950015
B03755,personal,10,established,A,med,4500.0,0.45917287055445455,30150.625073614166,0.005710986954250896,2.065195238088322,0.5,1,0.5323192980964837,0.03525390362332187,0,8.718544071001377
B03756,personal,12,established,E,med,23000.0,0.6390345899624879,35290.9793671753,0.03470621443187612,-1.3488363204168115,0.1,1,0.6592631801690984,0.35,1,11.986927943976603
B03757,personal,29,loyal,D,med,50000.0,0.4980404039698015,26339.006203274705,0.07878688868740116,-0.018976503316890492,0.5,1,0.6039507039348299,0.15894801741107714,1,29.664671870499177
B03758,salary_advance,15,established,C,med,13500.0,0.41116744446602416,32069.304895217017,0.014423866576954285,0.4482670601104887,0.25,1,0.4473324022455437,0.10955999161208059,0,15.714048056928771
B03759,personal,11,established,E,med,46000.0,0.6176771164614285,27772.480970989287,0.08525569905843623,-0.30333275327249254,0.1,0,0.6382863179325665,0.2214125803283383,0,8.508791808229901
B03760,salary_advance,27,loyal,A,med,29000.0,0.43312190074711826,19107.020625257483,0.05478150051061474,1.8239695414377377,0.1,1,0.5026220372817488,0.035755525607086995,0,28.455998526662324
B03761,personal,53,loyal,D,med,3000.0,0.5110989003170594,14073.393086451726,0.009079169770527615,0.09150206949713369,0.25,1,0.5644876760739853,0.14519658554374312,0,52.049436198936384
B03762,personal,18,established,D,med,3000.0,0.5703334662784133,25599.48870701939,0.005569773998279384,-0.2345413991506094,0.1,0,0.5559200046759877,0.1671333964290072,0,17.13667449343782
B03763,personal,32,loyal,B,med,4000.0,0.5158938024377303,55131.59825745497,0.0031191658912105543,1.2146285136163173,0.1,0,0.5275759650262825,0.049803075309878715,0,33.32933293035873
B03764,personal,29,loyal,A,med,12500.0,0.47044872026950674,47259.52037340765,0.010369355135404245,2.210711662918376,0.5,1,0.5401556683897563,0.020626604204095123,0,28.93137932418807
B03765,salary_advance,11,established,B,med,17500.0,0.6577240211807918,22249.331394855606,0.043110547782292716,1.7574983739483279,1.0,1,0.8037091584171472,0.04294934150828423,0,13.268595181766052
B03766,personal,16,established,D,med,7500.0,0.6351247452390404,21996.5864459369,0.018046116689515862,-0.13665388410914364,0.1,1,0.6319805765130031,0.13763206325020083,0,16.16230727727228
B03767,personal,8,established,D,high,12000.0,0.7560927931039441,21123.853653072383,0.03579331714381449,-0.04951421173240328,1.0,1,0.8143492819348579,0.16164578880338681,0,8.087868188667032
B03768,salary_advance,14,established,C,med,9000.0,0.5051699926415014,21125.346869445315,0.017934734838797668,0.39671924478420395,1.0,1,0.6802015063826272,0.11156948455689317,0,11.184944558554772
B03769,salary_advance,11,established,C,med,3500.0,0.6211025782879178,31516.36402263743,0.005747963773269982,0.4969994084625855,0.5,1,0.6997306721279544,0.11058478280636169,0,10.38754589020709
B03770,salary_advance,13,established,E,med,4500.0,0.5537651234744714,48127.77669343274,0.00431480395667775,-0.4973481143478149,1.0,1,0.7529848565558955,0.18931597744065934,0,10.008078996291982
B03771,salary_advance,10,established,B,med,66000.0,0.45165073570270375,93390.516179828,0.02659883624137653,1.286593798855439,0.25,1,0.4857323512369921,0.04687711595188291,0,11.07750197899611
B03772,salary_advance,14,established,C,high,9000.0,0.7357259500675469,17044.517277817136,0.03237372191636088,0.5566091277227865,1.0,1,0.8563428763429,0.09829076976211414,0,15.630118432357548
B03773,salary_advance,22,loyal,B,med,6000.0,0.45684188448726987,38489.82466016535,0.005934579963936204,0.7051438111846863,0.25,1,0.470060671533617,0.07993551664441854,0,23.46138968464572
B03774,salary_advance,15,established,E,med,4000.0,0.3919950977351058,36253.235869097814,0.0036042308899037405,-0.9211453765590728,0.25,0,0.3840191798741748,0.23117636774061023,1,14.765575369251668
B03775,personal,5,new,E,med,46500.0,0.5175086719068016,22440.87763773019,0.08936130466961938,-0.28771379150938753,0.5,1,0.6414251073468941,0.2201719789855912,0,4.493133403390292
B03776,salary_advance,10,established,E,med,3000.0,0.4509463911245393,15301.328183944195,0.007367765492372762,-1.5432123032208054,0.1,1,0.4602187943645277,0.35,0,12.90046530535129
B03777,personal,7,established,E,med,10500.0,0.5003404049367293,31302.561281636357,0.013986007419030983,-0.581649344032232,0.25,1,0.5306141108510017,0.1892880375623757,0,7.397026426330936
B03778,salary_advance,18,established,D,med,3000.0,0.49217635813807076,86330.12444924921,0.0014252740896586044,-0.21309770647919868,0.5,0,0.46663048037688093,0.16040910103478523,0,15.393348839180554
B03779,salary_advance,21,loyal,B,med,4000.0,0.5241612624116665,31193.83965930527,0.005601119410504147,1.036995193087619,0.1,1,0.5244214470266915,0.07631390488057498,0,21.97052611508105
B03780,personal,18,established,A,low,17500.0,0.29110588235880963,17448.738209158924,0.024330092335870256,1.8798500249452958,0.25,1,0.3998426132471696,0.023594075180825975,0,15.378270859711112
B03781,salary_advance,10,established,C,med,15000.0,0.6413830095935001,24673.955429202448,0.03249291603416785,0.9219074656654371,0.1,1,0.6394463127253603,0.08255417376837094,0,8.955541833727098
B03782,salary_advance,18,established,A,low,17500.0,0.3089759857527341,14370.090617753956,0.03135609866412689,1.7984020726356134,0.25,0,0.3179426571597365,0.030313996142874777,0,15.576785904066856
B03783,personal,12,established,C,med,6000.0,0.5243103713205742,27178.477134656674,0.009645690756013682,0.6452121731035768,0.1,1,0.48410863140464067,0.09040074942045657,0,12.969331642731463
B03784,personal,8,established,B,med,64000.0,0.4821881579260336,39178.14775906286,0.06564042260039266,1.1250534896876154,0.1,1,0.547920911055915,0.05428483566611327,0,3.839790999363652
B03785,salary_advance,24,loyal,A,med,13000.0,0.5376617540756549,18380.94765254963,0.031688621895826566,2.607127352943106,0.5,0,0.4740725536914875,0.023723708575001334,0,25.165718862178355
B03786,salary_advance,25,loyal,D,med,50000.0,0.6008520716641033,4489.131270112488,0.5576914881657485,0.018163167697745064,0.25,1,0.6469005376884964,0.14224767309162265,0,23.94807684529281
B03787,personal,27,loyal,D,med,4500.0,0.6943461837134308,31328.533980567612,0.008311267263704212,-0.3971044341315033,0.1,1,0.6591391971527664,0.17240536820687632,0,27.780446519057183
B03788,personal,11,established,C,med,9500.0,0.4990414503444867,20417.46807943673,0.019349827313829098,0.6688109004773214,0.1,1,0.5374680636546746,0.08213749708701411,0,10.375739197149084
B03789,salary_advance,31,loyal,C,med,6000.0,0.4857409750394899,17803.166093216696,0.013641982906191202,0.7463215459377541,0.1,0,0.47733337856287916,0.08159070855158894,0,31.92732733730606
B03790,personal,12,established,D,med,12500.0,0.5971879275603236,17718.84635906419,0.035107858901723174,0.22035383280696072,0.5,1,0.6406937687087924,0.12339679919065166,0,14.140171356234918
B03791,personal,23,loyal,D,med,12500.0,0.6583991044090397,33528.07944564091,0.020455463353873975,0.15133310789263937,0.1,1,0.6870341341806809,0.13437483963349775,0,22.063205060626974
B03792,personal,12,established,E,med,7000.0,0.6741699195437392,21496.63624641426,0.01829429413479112,-0.5962587170247173,0.1,0,0.6662556089499121,0.21527943882641604,0,13.682109780687096
B03793,personal,14,established,A,med,4000.0,0.5254796746235485,44879.890386776795,0.0039028591654669265,1.6207646687750252,1.0,1,0.7203371320558338,0.032792147686299795,0,11.653363391595208
B03794,personal,4,new,E,med,3000.0,0.6649749728031057,45426.38655773555,0.003659629475249715,-1.4498611138199142,0.1,1,0.6969729706892445,0.35,0,6.021160933272736
B03795,salary_advance,13,established,B,med,4000.0,0.5162243080715476,23182.486893655405,0.007422619072170211,1.0363922592415442,0.5,1,0.5769440975985685,0.06978902426515902,0,13.9587075656098
B03796,salary_advance,17,established,B,med,24500.0,0.5661182227107914,20201.733847584972,0.05721413386699838,0.8742282857304499,0.25,1,0.5747636317084441,0.0663860261470047,0,16.153346238513848
B03797,salary_advance,13,established,E,high,3500.0,0.7972707034393406,28860.803635943037,0.00805720074314011,-1.2290132975702441,0.25,1,0.7883624232276883,0.3419938541025697,0,14.967289386559532
B03798,personal,43,loyal,E,med,2500.0,0.5656706277489869,24835.609022943765,0.004745124121531895,-0.4307803299935937,0.25,1,0.5977878562796942,0.1932422273320766,0,44.96605599881721
B03799,personal,8,established,E,med,6500.0,0.5654448080177886,10261.122002813165,0.029848841506708444,-0.6626905609498676,1.0,1,0.6696849981518441,0.21936442379923038,0,6.443589286342525
B03800,personal,12,established,C,med,3500.0,0.49835020597030893,77092.17506175723,0.0018854331622057316,0.5645841133165913,0.25,1,0.5020127366430674,0.10902152662161833,0,11.696581056051855
B03801,personal,9,established,D,med,45500.0,0.6189060314016913,39850.2780287401,0.058887553240464525,-0.367035105930551,1.0,1,0.7557781760689495,0.1482062069176969,0,8.63268629203216
B03802,personal,12,established,D,med,5000.0,0.3620092788838453,20849.457905643965,0.007234586156511235,-0.08558980661080533,0.5,1,0.4445553554121636,0.13841148177260706,0,8.485992659255997
B03803,personal,28,loyal,E,med,25500.0,0.6150866003520676,9376.75687676873,0.13939350704361675,-1.0576473569847278,0.1,1,0.6125469846939473,0.32824455234668576,1,29.22830678548754
B03804,personal,37,loyal,A,med,19000.0,0.538390977330218,24361.57745944587,0.034991674171834804,2.7259117167153137,0.1,1,0.5250238871363023,0.020989550761823003,0,39.80120876826569
B03805,personal,11,established,D,med,8000.0,0.5171769024306492,19469.66221039078,0.01770881271049605,0.07119561873949704,1.0,1,0.6542262835525166,0.17981263687869162,1,9.871006165373982
B03806,salary_advance,11,established,B,med,9500.0,0.5460614332730723,26021.664975264124,0.01661302745560107,0.8490008972969438,0.25,1,0.6125312661065341,0.0748757878615705,0,11.091515508030593
B03807,salary_advance,8,established,D,high,11500.0,0.7610577355534542,8183.46745183211,0.0891244452140852,-0.19062548856522243,1.0,1,0.8582008647194108,0.17231852597713607,0,7.958237882435377
B03808,salary_advance,33,loyal,D,med,12500.0,0.5966244076325043,20749.2285563837,0.029952138040299333,0.0973726729321488,0.25,1,0.6353217941157228,0.14677122902158407,1,30.620856549665454
B03809,salary_advance,30,loyal,A,low,5000.0,0.25258033808596253,21456.28639951718,0.004904940471813702,2.6626846549535315,0.25,1,0.3626271847484116,0.020391783433168463,0,30.664106776222788
B03810,personal,15,established,E,med,19000.0,0.5246187000697862,24203.404843184653,0.034319397642286406,-1.916721607006629,1.0,1,0.6966899920708526,0.35,1,13.900994035363187
B03811,personal,7,established,D,med,8500.0,0.5307046256625505,23625.591176879967,0.01591138074372695,0.27864706843077663,0.25,1,0.5871436325220712,0.1303432010921932,0,6.99320485136898
B03812,personal,8,established,E,med,5500.0,0.5562514013311632,27687.545166448268,0.009208059342595535,-1.2115038911078932,0.1,0,0.5342152726341557,0.3315338989755997,1,6.936087210005041
B03813,personal,18,established,E,med,7000.0,0.5993639649322929,62109.085288551054,0.005629272721044031,-0.4050011543970049,0.5,1,0.6629465925292566,0.20142441420889826,0,17.132735515802658
B03814,personal,22,loyal,D,med,11500.0,0.5480597740267549,20266.857533519233,0.025915411367564443,-0.23809446767402087,0.1,1,0.5905563461314423,0.1499013375741452,0,24.867424220646132
B03815,personal,5,new,E,high,5500.0,0.7371494462391739,16299.066647638118,0.020728804302949478,-1.3359776834192478,1.0,1,0.8794994784166746,0.32875949682441996,0,4.720383265448829
B03816,personal,13,established,D,med,8000.0,0.4557966031610265,10404.234994716533,0.029205838032460733,0.03544172970632749,1.0,1,0.5976538349865534,0.12914486881866974,0,13.133187278967366
B03817,personal,40,loyal,E,med,1500.0,0.6495825161917143,20310.41044860635,0.003997842127781119,-2.1680291473060658,0.25,1,0.6301856984526274,0.35,0,41.1439883931455
B03818,salary_advance,14,established,C,med,8000.0,0.5835586117880758,12447.95948681041,0.0312532407369739,0.034511518081302706,0.5,1,0.5702048322569669,0.11134500202485072,0,11.85988296437889
B03819,salary_advance,37,loyal,C,med,6000.0,0.5690966712295754,45617.78594159946,0.0062376621254497215,0.6597100246500249,0.1,1,0.5819041304731172,0.08133854591087099,0,36.09314647829518
B03820,salary_advance,23,loyal,E,med,17000.0,0.6119179953377345,25518.06197485545,0.03397138182290851,-0.6092765464060127,1.0,1,0.7237443794864383,0.21053604816418645,0,26.027962484780133
B03821,salary_advance,9,established,A,low,7500.0,0.26360079799827035,45103.076658390964,0.0036527552210403108,1.8632187214493836,0.5,1,0.32452611572238255,0.03331128356296356,0,7.392518811878787
B03822,personal,13,established,E,med,42500.0,0.6075956383029392,60242.50113080559,0.0357206486881598,-0.5944583747973149,0.25,1,0.6866362942567715,0.2294623232821408,0,14.632147049511707
B03823,personal,15,established,D,med,11500.0,0.5649889601002105,16717.613997902936,0.03238786070172979,-0.237484242464837,0.25,1,0.5620557277035737,0.17222778848730919,0,13.4833466319972
B03824,salary_advance,9,established,D,med,11500.0,0.6600934255016552,22224.534869780357,0.0284635667958378,-0.24221916391470266,0.25,1,0.7144746118408003,0.16346760815383357,1,7.389384563340621
B03825,personal,9,established,D,med,34500.0,0.6383738875959422,55961.97609810381,0.03279592778533996,-0.08156612043058602,1.0,1,0.7742558027307119,0.13378052300118556,0,11.815206556682053
B03826,personal,37,loyal,B,med,7000.0,0.5153086498772143,29853.867313123694,0.010068937108735434,1.7081440935060495,0.25,1,0.6097509452612491,0.042275108133202094,0,35.0594924436605
B03827,personal,9,established,A,med,13000.0,0.49101753109303303,35840.379843650335,0.014841797464330155,2.4730158039234746,0.25,1,0.5616240070133756,0.019505955051504438,0,10.47558742608944
B03828,salary_advance,29,loyal,B,med,4000.0,0.6312128264704093,47483.5048933206,0.004431102463115219,1.4956392037006583,0.25,1,0.679401230328433,0.04163203762837026,0,27.284815316382204
B03829,salary_advance,12,established,B,med,4000.0,0.6146787665031012,44050.106960176716,0.004651360378146933,1.437993766971771,0.1,1,0.628118971644996,0.045206127101706434,0,9.985796193352314
B03830,personal,16,established,A,med,11500.0,0.5173205471882605,33714.98763136415,0.014704603478114647,1.716427481477082,0.5,1,0.6051685236517574,0.033282486082742195,0,13.793366688596565
B03831,salary_advance,22,loyal,B,high,15000.0,0.718895354425639,57988.43173833612,0.015496525187763822,0.998871076766457,0.25,1,0.7080963341364032,0.061304292373138725,0,22.975735053074562
B03832,personal,11,established,A,med,28000.0,0.43349903752195706,25911.965522173134,0.039035933161934426,1.5702508736118699,0.25,1,0.49424053235726517,0.03845391475298161,0,8.996621721537597
B03833,personal,22,loyal,B,med,6500.0,0.39511346853085205,35799.09594159363,0.005978357548564513,1.1924011323904034,1.0,1,0.56258974620464,0.05433901939660794,0,20.549045039409183
B03834,personal,5,new,D,med,11500.0,0.5783047210906347,24410.84604620924,0.02270337906339197,-0.20601264068842803,0.5,1,0.7061284838112808,0.17850254042012753,0,3.3923813074021165
B03835,personal,20,loyal,C,med,6000.0,0.49510200512165,47160.097307188735,0.005249162251475892,0.7503410344514679,0.5,1,0.6070952049141298,0.08496498755453444,0,22.364332163296822
B03836,salary_advance,4,new,E,med,1500.0,0.41631385529228404,18298.592972841547,0.002843892532544509,-1.8214169633678243,0.5,1,0.5125754365645089,0.35,0,2.625029912969347
B03837,personal,14,established,D,med,3000.0,0.4905513652420909,10661.869035977481,0.011502471179930347,0.2921192604461498,0.5,1,0.5708513361790818,0.13394234834414706,0,14.303668286434165
B03838,salary_advance,26,loyal,E,med,6500.0,0.6475125296381771,38569.17391191231,0.009093685914949965,-0.7937475204462964,0.1,1,0.6968330858265582,0.30325375608485344,0,27.645367700182067
B03839,personal,23,loyal,E,med,5500.0,0.6293216447266465,15350.814401927406,0.018789823107376247,-1.2252691516111076,0.5,1,0.7142554353341694,0.33745698154267956,0,25.45261141445035
B03840,salary_advance,8,established,C,med,5500.0,0.4647498156617956,14536.478625787586,0.014653502932989872,0.5428786890252248,0.1,1,0.5234631144828317,0.10156265225452754,0,11.082712500453992
B03841,salary_advance,8,established,E,med,2500.0,0.6094949507194406,53944.523990275535,0.002353864773301306,-0.7640785952000543,1.0,1,0.7819182352343736,0.22729553598595775,0,6.9458303870594165
B03842,salary_advance,11,established,D,med,8500.0,0.564420481821277,45773.18659577967,0.00873432397924712,0.34288624869662226,0.25,1,0.6194450769999231,0.122652168629039,0,9.88613575840577
B03843,personal,18,established,C,med,20500.0,0.6280888572710294,22284.008621556022,0.048150453959769586,0.13843451934986478,1.0,1,0.6918272089433449,0.11752422235586393,0,15.499095554428223
B03844,salary_advance,5,new,C,med,3000.0,0.49172530664678116,5039.1630209130835,0.024395187484809816,0.18304960081713484,0.25,0,0.49218131722314457,0.10191180540569407,0,5.481929547224421
B03845,personal,16,established,E,med,9500.0,0.6984444211165322,36072.35554475996,0.015328501794986788,-0.9041214070421014,1.0,1,0.8136375310055164,0.3094806778828073,0,17.98276734917381
B03846,salary_advance,19,loyal,A,med,17000.0,0.3852708416028323,38730.306254857016,0.014092332638575485,1.6486823824811987,0.5,1,0.5294089106584263,0.032648681524098395,0,16.315227686312404
B03847,salary_advance,14,established,D,med,8500.0,0.5053734081054738,35747.87958927478,0.010013819976298055,0.26076476353392103,1.0,1,0.733004389438699,0.12391988430296069,0,11.599083588375022
B03848,personal,21,loyal,B,med,3500.0,0.6870845042200284,34855.61143431614,0.005749422799305049,0.841075680171162,1.0,1,0.767967211287342,0.06617637635085702,0,19.089264461152993
B03849,personal,18,established,E,med,24500.0,0.5361654404508982,24348.753964680705,0.04495799288847122,-1.1964396139469966,1.0,1,0.7073310899387069,0.35,0,16.934958436821038
B03850,personal,12,established,E,med,7500.0,0.5143845219203931,21466.352128712624,0.014976476872855901,-0.17832755679598694,0.25,0,0.4825351435744361,0.188623522105408,0,11.78970057829238
B03851,personal,5,new,C,med,9500.0,0.408532177370653,14641.437487220308,0.022089450394976357,0.7472944832701202,0.1,1,0.43022699145942445,0.08660399034575661,0,1.901260999730221
B03852,personal,17,established,C,med,25000.0,0.44120779675845356,18332.520319833213,0.05013947312629012,0.9701776318087014,0.1,1,0.46654583712379066,0.08034296485073021,0,15.303260976509064
B03853,personal,9,established,E,med,16000.0,0.6219500575727526,32106.58932480088,0.025828552981483024,-0.7972926829243939,0.1,0,0.6200938496617924,0.2457886417167942,1,8.005038001734919
B03854,personal,11,established,E,med,10500.0,0.6679235261465019,32398.254374290027,0.018039030085583007,-0.5455581905748454,0.1,1,0.7036590102852904,0.2687155082384598,1,11.274361612886278
B03855,personal,21,loyal,E,med,17000.0,0.598131038374199,41539.64294727828,0.02039864197771031,-0.5886867300638188,0.5,1,0.7288905899139096,0.23367206436811697,0,20.57363715996071
B03856,salary_advance,35,loyal,C,med,5000.0,0.5286993220459363,12412.543458634245,0.017747481402175528,0.09358708173911823,0.25,1,0.5864863944464175,0.11767522096098422,0,35.694758426685866
B03857,personal,16,established,E,med,8000.0,0.5219235780412649,10801.344492569426,0.0322134945577261,-1.399067540706529,0.1,0,0.5470492219411642,0.35,0,18.22739145920799
B03858,salary_advance,22,loyal,C,med,6000.0,0.46535287889162413,21832.657716016623,0.010657265939506697,0.6118241275915259,0.1,0,0.49674143283299627,0.08762971154537287,0,21.81959945121503
B03859,personal,7,established,C,med,23000.0,0.3844117633605955,15352.42613625284,0.04799171196583531,0.633138398182844,0.1,1,0.4230901879722643,0.08504212941812574,0,5.364575192371651
B03860,personal,18,established,E,med,6500.0,0.6710159983618764,29800.87698443402,0.01219652023336541,-0.7850528638010786,0.25,1,0.7210168245864612,0.20080415477265298,0,19.173308416693928
B03861,personal,15,established,D,med,3000.0,0.6492101644350728,13089.528787450365,0.012399418171903666,-0.09060628266117694,0.25,0,0.6551395392499944,0.1590979709168566,0,15.223175812484609
B03862,salary_advance,32,loyal,B,med,9000.0,0.5358945632875606,51489.216605399546,0.007805924210226224,0.5295015923686432,1.0,1,0.7268081442498248,0.07885989863561167,1,33.18571290217536
B03863,personal,12,established,B,med,15000.0,0.5598057617451007,17117.67446010405,0.04087922128746467,1.0551187315982191,0.25,1,0.5999493652400487,0.044122411279452364,0,12.403344987606902
B03864,salary_advance,14,established,D,med,7500.0,0.6618833637778929,64600.073834226336,0.006403662996156039,-0.26159183680442133,0.1,0,0.6930750389751315,0.16393326874051345,0,12.346761906350773
B03865,personal,29,loyal,D,med,11500.0,0.5841620755046885,35895.45690214077,0.015595900911681644,-0.1752161076508515,0.1,1,0.6212001148830966,0.14623383977247048,0,27.49746485560363
B03866,personal,15,established,E,high,2500.0,0.7308989012883045,15057.362790303254,0.010112700780054508,-0.8460211282923613,0.1,0,0.7511144250502552,0.22968112955273431,1,14.549757664334784
B03867,personal,8,established,E,med,3500.0,0.5170711842576927,85144.89731382081,0.0017712444726543466,-1.1375095200784877,0.1,0,0.5210666009325304,0.2144038785837861,0,5.906871606424064
B03868,salary_advance,60,loyal,B,med,10500.0,0.47303420027698695,31132.22617356729,0.013295063543955238,1.2791849914469697,1.0,1,0.6832895401341842,0.04675576113247091,0,59.100127129244264
B03869,personal,9,established,D,med,7500.0,0.5273909707662155,29477.00283496756,0.011182254809768805,-0.13511079633047862,1.0,1,0.688860281531625,0.15300786249874526,0,10.872886426726595
B03870,personal,15,established,D,med,12000.0,0.6256040499533513,25955.358776717916,0.02410307849470072,0.05480985982330186,0.5,1,0.6360034287686247,0.1254599538412079,0,15.794413393665469
B03871,personal,19,loyal,B,med,71000.0,0.35329034007814336,34773.272082697295,0.06011229469071985,1.6746411561953969,1.0,1,0.5444074399570913,0.040490943151224715,0,17.569225481584432
B03872,personal,19,loyal,B,med,17000.0,0.6322077037661897,35917.550838566065,0.024935652889054045,1.7320807259278714,0.5,1,0.6611198302515243,0.044643769955431366,0,22.004185154706878
B03873,personal,14,established,E,med,4500.0,0.6998628600725079,16718.385591994607,0.015698200707421218,-1.6462343078348034,1.0,1,0.8039011374256843,0.35,1,17.247530016177617
B03874,salary_advance,14,established,B,med,10000.0,0.6875253741474032,23921.82980990305,0.023950417519997592,0.9978346730955673,0.1,0,0.6820532380487595,0.0762657600389485,0,13.669057573944746
B03875,personal,14,established,D,med,37000.0,0.554610335253974,28670.830521302054,0.05964419246345895,0.2256469257111892,0.25,1,0.5999040224655837,0.13878348521341538,0,16.876361056346745
B03876,personal,8,established,D,med,10500.0,0.5339228196931979,37067.92263371932,0.012603416486214674,-0.4615909991459365,0.1,1,0.5179851755554492,0.17357824487720883,0,10.086699633953947
B03877,salary_advance,53,loyal,B,med,25500.0,0.5827759248569115,37415.079689198115,0.033098922963899706,1.0776836870279425,0.1,1,0.587887606610562,0.06597890646863355,0,56.30457824914324
B03878,personal,14,established,E,high,3000.0,0.7400413564138395,29451.43712779859,0.006281878140636897,-1.7263832352207857,1.0,1,0.8599794941908876,0.35,0,17.47074171972877
B03879,personal,22,loyal,A,med,17500.0,0.4134406297016265,19877.07575172982,0.03033314654424127,1.8626423427763994,0.5,1,0.5489094279525627,0.03080944147239237,0,18.542595260105834
B03880,salary_advance,13,established,B,low,6000.0,0.33272131773065666,19324.41206083332,0.00860883417004483,0.8649440970719076,0.5,1,0.4297624883679462,0.06575540069618893,0,7.305354512789875
B03881,salary_advance,13,established,E,med,10500.0,0.41467654772831053,13970.194548896714,0.02597257883505473,-0.5151977448326591,0.1,1,0.42989063856469084,0.21712140801412677,0,16.81318990481428
B03882,salary_advance,12,established,D,med,19000.0,0.6009569054161822,37269.50237189449,0.025530662866049984,-0.23541022181952387,0.5,0,0.6146657374934592,0.1391766120417826,0,11.652125035371505
B03883,personal,7,established,E,high,20000.0,0.7767016840527464,19172.123428924104,0.06752005387163429,-1.7031464755474404,1.0,1,0.861159066503954,0.35,0,7.646135545977478
B03884,salary_advance,15,established,D,med,3000.0,0.4347732023597635,24210.338371595353,0.004489540745843713,0.03604275016374586,0.25,1,0.45232799956733244,0.12667867566659566,1,15.598541594960494
B03885,personal,13,established,E,med,17500.0,0.5667731796370081,30661.379621024847,0.026957176438897085,-0.482731977240583,1.0,1,0.6999012337973685,0.2104690061546592,1,9.811450293042263
B03886,salary_advance,31,loyal,E,med,2500.0,0.56360478076627,26961.462013012977,0.004355018381531677,-0.5751103871237591,0.5,1,0.6548527523409049,0.2178364529511407,0,28.254345697149887
B03887,salary_advance,8,established,B,med,10500.0,0.697133620580999,26820.284802113354,0.02274367787326064,1.126702233709778,0.5,1,0.7680898953154917,0.06895578495348118,1,6.509833673070048
B03888,salary_advance,11,established,A,high,17000.0,0.7061766371380825,16354.705684704506,0.06116997284444614,1.6267971896944755,0.5,1,0.7827721411003306,0.03485579495140655,0,12.817655916269224
B03889,personal,10,established,D,med,8000.0,0.6076978003766278,31190.673633644084,0.012988878396032875,-0.027360490044477766,0.5,0,0.6148124493768926,0.12752022106926755,0,5.928514968959413
B03890,personal,36,loyal,D,med,5000.0,0.6492797039199407,22650.659294548786,0.011943723423174254,0.09435311715363204,0.25,1,0.6855378386749352,0.14165478580655733,0,34.69981419683741
B03891,salary_advance,10,established,B,med,14500.0,0.6142756075940806,25654.64058937668,0.02893237540879337,0.7849846021317938,1.0,1,0.7123850720966818,0.06997737440527065,0,9.364486318768028
B03892,personal,22,loyal,C,med,13000.0,0.42069397982003376,50862.575163455214,0.008960454912223186,0.380361037504957,1.0,1,0.6552982094242811,0.09851518770130595,1,23.561752398386965
B03893,personal,28,loyal,E,med,6500.0,0.6621854648170068,35522.621812225145,0.010097334463052048,-0.6821792162311863,0.25,1,0.6866911602952731,0.18262510803185839,0,28.12682841879432
B03894,salary_advance,15,established,E,med,7500.0,0.48221731454103317,19654.40798360942,0.015334260988144907,-0.3026779865872612,0.25,0,0.4895150028484563,0.18256026985310803,0,14.696501943701538
B03895,salary_advance,7,established,D,med,12000.0,0.5514039450173444,24787.563656799928,0.022245185232881035,0.053563993251969144,1.0,1,0.6877719652793289,0.16598751141371865,0,8.248266190095082
B03896,personal,7,established,C,med,8500.0,0.6615299155170414,64840.798939593835,0.007226679772938029,0.24818659447669594,0.1,0,0.6720326617404131,0.10290533139121519,0,8.260071778783225
B03897,personal,26,loyal,C,med,3500.0,0.5574585695407795,22718.60909205168,0.00715677980654246,0.4093367178764682,1.0,1,0.6723027899163313,0.1197625499697891,0,27.20335683122091
B03898,personal,8,established,D,med,8500.0,0.661434214578425,27499.81850314279,0.01703705433326795,0.21036937998711588,0.25,1,0.6876340985691678,0.12049788583756295,0,4.664518130220558
B03899,personal,20,loyal,E,high,8500.0,0.7335062747783575,38765.271592749115,0.013402897059332165,-1.1248279832839216,0.25,1,0.7025325887242905,0.24811175927198909,0,20.794946917659857
B03900,personal,17,established,B,med,6000.0,0.3624804102873961,30283.410046888133,0.00598480174006434,0.6652177440849291,0.5,1,0.5090351397504399,0.07588313294200878,1,15.757924719455024
B03901,salary_advance,20,loyal,B,low,6000.0,0.32103931238615524,21915.513296757585,0.007324476229211872,0.7534158840085123,0.1,0,0.3251674495123756,0.07018352694188353,0,17.91605257977346
B03902,salary_advance,21,loyal,A,med,56000.0,0.5441176261357092,17874.290791194995,0.14205965530582873,3.302709054150154,0.25,1,0.6464983331198357,0.015,0,21.130346951710145
B03903,personal,9,established,E,med,18000.0,0.6979206816183747,26754.168769879656,0.03912964111993494,-0.387634370176413,0.1,1,0.7078687635988213,0.19661545920914608,0,8.646902105622662
B03904,personal,9,established,D,med,13000.0,0.5805887484870885,38634.87478542153,0.016279880488487608,0.32345849510937236,0.5,1,0.6683841019621761,0.14214330857095347,0,8.118925801796818
B03905,salary_advance,24,loyal,A,med,32000.0,0.45698249584964445,55630.957433006995,0.02190542901225268,3.579219162208502,0.5,1,0.49611915620855473,0.015,0,25.707493620685856
B03906,salary_advance,11,established,C,med,57000.0,0.627084685200584,12016.731534103108,0.2478754099023892,0.5440916295031788,0.5,1,0.7038914294962311,0.08824981005044484,0,9.11182551563926
B03907,salary_advance,3,new,D,med,8000.0,0.651645526210651,70935.86089912862,0.006124269802334029,-0.0676305392760167,0.5,1,0.7202419623994143,0.1327440660039317,0,2.307975867404599
B03908,personal,23,loyal,E,med,4500.0,0.5642004080391398,22956.927481849976,0.009216179002262008,-0.5869218947506514,0.25,1,0.5879549070678818,0.183724688796105,0,21.595498194743893
B03909,salary_advance,9,established,A,med,17500.0,0.5785998311937052,44741.406311993676,0.018859295897112372,1.878266367208985,0.25,1,0.6722198760953229,0.03285611956697392,0,7.633932243728018
B03910,personal,21,loyal,E,med,28500.0,0.5732457613132348,17932.241944835147,0.07592239092619764,-0.7591015861765701,1.0,1,0.7891048711199475,0.23966050955729706,1,19.13282832009511
B03911,personal,35,loyal,B,med,14500.0,0.5505007143871467,11092.653444644731,0.05996656855253504,0.827120916848122,0.5,1,0.6524238895402417,0.058683372889846444,0,35.889784099140115
B03912,salary_advance,16,established,D,med,3000.0,0.5929760574343421,13067.448982834103,0.011344525970855099,-0.12355532130838148,0.25,1,0.6209593295429549,0.15547946360796497,0,15.768097263362977
B03913,personal,28,loyal,C,med,37000.0,0.4691220655976533,22425.944128861367,0.06449938936563614,0.21066373742197775,1.0,1,0.6573126142915817,0.10341217268663269,0,27.63678506850224
B03914,personal,17,established,E,med,7500.0,0.5723375995162558,35891.33691923506,0.00996649972951979,-1.4239322686100582,0.5,1,0.677911456619633,0.35,1,15.777022182810878
B03915,personal,39,loyal,B,high,11500.0,0.7013866313139475,27368.714989577868,0.024559508497147033,1.7431272217338951,0.25,1,0.7122720102166606,0.043470309493812066,0,39.74927324513696
B03916,personal,9,established,E,med,46500.0,0.49413664489753906,23444.025215006797,0.0816745196875275,-0.2777973059182766,0.25,1,0.5151234006337903,0.18326041930394835,0,10.69809458973827
B03917,personal,16,established,E,med,8500.0,0.6663426614135861,49757.31789778386,0.009485895511307537,-1.2150896588930336,1.0,1,0.8119068843457359,0.32288471077244013,0,17.54166386276441
B03918,salary_advance,23,loyal,A,med,30000.0,0.5362002543041321,26932.585829039515,0.049772444586994036,2.0026905970400914,0.25,0,0.6084145637581733,0.027077485052931394,0,28.24994427814828
B03919,personal,14,established,E,med,30500.0,0.5880563204405567,31378.6049507262,0.04763255568988654,-0.5041368130373036,0.25,0,0.5995298654319516,0.20400416204855973,0,15.767080272590913
B03920,personal,30,loyal,C,med,3500.0,0.5992496730723821,148905.1830517909,0.0011737748214266028,0.7346072917307213,0.25,1,0.6576829867737599,0.08786968017721385,0,28.968340953342494
B03921,salary_advance,12,established,B,med,26000.0,0.5456525507189298,26784.504830780716,0.04413922156461564,1.191416382134366,0.1,1,0.546020384212298,0.06047871590455696,1,9.11778116922289
B03922,personal,51,loyal,B,med,9500.0,0.43948459538282325,18348.171228124,0.018962396870635806,0.87403433057432,0.25,0,0.4384952777356481,0.07190341836015297,0,50.9613362398954
B03923,salary_advance,52,loyal,E,med,13000.0,0.6914105962268992,35049.894136040326,0.02137033975067788,-1.4466355504990354,0.25,0,0.6735353806826796,0.35,0,53.563281858638334
B03924,personal,19,loyal,B,med,25500.0,0.46087870191149727,40285.58221211491,0.024310614065480993,1.0953567009777871,0.25,1,0.4940882339342671,0.050760749389486416,0,18.33702855863303
B03925,personal,22,loyal,C,high,21500.0,0.7115339622828268,31746.59968513751,0.04015647959363104,0.2993862373348718,0.25,1,0.6850119317135256,0.10297210642447673,0,24.50174108598921
B03926,personal,31,loyal,D,med,20500.0,0.607010706251963,29328.113915120204,0.03535776716435284,0.07097130319666739,0.1,0,0.6374809958840818,0.14751928869343595,0,30.405298931156196
B03927,salary_advance,8,established,D,med,21000.0,0.48752297454702787,60792.823683209914,0.014033978910128014,0.24092505102477768,0.25,1,0.5551241973346308,0.13256340613584525,0,7.97294377546128
B03928,personal,7,established,E,med,3000.0,0.6799236041460726,56754.25819214802,0.002995033438037872,-1.6100327939410817,1.0,1,0.7903462883200452,0.35,0,6.850428847704805
B03929,salary_advance,32,loyal,C,med,10000.0,0.43318370374256726,25225.08882032274,0.014310610454407673,0.9421709146618027,0.1,1,0.4392600677101043,0.08478810024006377,0,29.17952555789061
B03930,personal,19,loyal,E,med,2500.0,0.643796004587926,18884.145582876576,0.007102474773553073,-0.9643913737093103,0.1,0,0.6183604591878085,0.2882159744991073,0,19.94167752669061
B03931,personal,14,established,D,med,18500.0,0.5590106529878832,34066.22024795929,0.025298024956983963,-0.2858397095566313,1.0,1,0.7184179379602296,0.16910194182012295,0,12.059675047353457
B03932,personal,16,established,C,med,12500.0,0.4749205046999295,18824.63480686152,0.026279864875896917,0.15626443153821068,1.0,1,0.6573853784080391,0.10757178568455752,0,20.100670633992824
B03933,personal,4,new,C,med,14000.0,0.4515302196475105,43775.908791840724,0.012033679500758074,0.7240370879876142,1.0,1,0.6508886345601703,0.099784480344578,0,3.448941143932225
B03934,personal,14,established,E,high,4000.0,0.8073046956054379,33969.928349538146,0.007921758398571111,-0.8196131598597145,0.1,1,0.8260055339840842,0.2713505557739851,0,14.68461387517087
B03935,personal,10,established,B,med,16500.0,0.5121142198078935,116834.89591627795,0.0060269412380051365,1.4515873718459888,0.1,1,0.5394641045971696,0.059295114687981876,0,7.8730022282638386
B03936,personal,27,loyal,B,med,10500.0,0.4648614895288733,60494.836456781835,0.006723777220694752,1.3468532535151474,0.25,1,0.5658687066539274,0.06787506329632871,0,31.82143355960747
B03937,salary_advance,28,loyal,C,med,54000.0,0.4892398149393061,14863.92962003367,0.148115553794037,0.3205902575094639,0.5,1,0.6130016435749327,0.09401718400017268,0,28.329845107966662
B03938,personal,22,loyal,E,med,16500.0,0.6443891259227996,20224.827748213753,0.043809275370570396,-0.7087492664026028,0.5,1,0.7360282970944458,0.1993737252305583,0,23.66087333253684
B03939,personal,20,loyal,E,med,6000.0,0.5510082551664287,9389.312150186672,0.02934231210725452,-1.043816182230421,0.1,1,0.6529778861609334,0.20714255155749997,0,22.828677410478406
B03940,personal,7,established,D,med,21500.0,0.4469078213527826,8301.89645586802,0.09644902834513641,0.27175385153313936,1.0,1,0.6308839108696973,0.13087589131968824,1,7.024830069422374
B03941,personal,22,loyal,E,med,4500.0,0.5830637179853971,28641.29329556578,0.0076340440352382745,-0.33728414954081387,0.25,1,0.6536324554849782,0.1954724015901322,0,26.860189341196367
B03942,personal,23,loyal,B,med,4000.0,0.4911902726290782,13963.317083745547,0.011725730347193413,1.5993568052817153,0.1,1,0.47622666526352,0.041297199412904245,0,20.639851502701276
B03943,personal,32,loyal,D,med,11000.0,0.537273289333158,66346.8890963108,0.007423113908281901,-0.2795238298282704,0.25,0,0.5595183496458481,0.14851135695434003,1,32.19975837136792
B03944,personal,52,loyal,E,med,10500.0,0.5046160088027238,50861.091569926364,0.008681272738618547,-0.5006709800519722,0.25,0,0.5577823483403932,0.19976164913989386,0,53.6210294157263
B03945,salary_advance,6,new,C,med,3500.0,0.5007388616423855,23171.493218200114,0.006302953084222526,0.5836263512443136,0.5,1,0.5268634135943933,0.09377608345765052,0,8.516738655678116
B03946,personal,13,established,E,med,4000.0,0.5597071039700675,22458.58348167317,0.008307248531900272,-0.6860468571594233,1.0,1,0.7572548624501062,0.2498427143672053,1,12.48458142060556
B03947,personal,10,established,D,med,8000.0,0.5070925616197841,60897.97039120565,0.005551280372315046,0.008549993368803353,0.1,0,0.456962554488837,0.14600063774566854,0,11.499271394571535
B03948,salary_advance,18,established,B,med,4000.0,0.5344219258714965,69080.93110217937,0.002578723811548995,1.3359893300585213,1.0,1,0.7057330920839265,0.05540843777049199,0,21.664658626950413
B03949,personal,16,established,D,high,8000.0,0.7571163468138878,16107.997239900236,0.031335008548361576,0.11722933166872415,0.1,1,0.8073812901234555,0.12805521516184648,0,17.6905906353233
B03950,personal,14,established,D,med,8000.0,0.6878607862667545,15008.15911606426,0.030554970397423803,0.12096446070272407,0.5,1,0.71835636876552,0.15115157346178626,0,14.262884991822933
B03951,salary_advance,28,loyal,B,high,43500.0,0.7049182267272246,22797.35658843012,0.11208881003260893,0.9551467089084181,0.1,0,0.6979182840649819,0.07466701757072361,0,29.305849277251735
B03952,salary_advance,8,established,E,med,3500.0,0.580672450728897,34103.50479680552,0.004966140551780645,-1.3430989902853931,1.0,1,0.6964315095070401,0.30229229962221194,0,7.900054393677188
B03953,salary_advance,9,established,C,med,6000.0,0.6915739194860151,20281.827945345696,0.01704910231340165,0.7418377499304902,0.1,1,0.699608917329887,0.0977764098353797,0,10.2922291206013
B03954,personal,9,established,D,med,3000.0,0.5843876243395005,34500.10996097788,0.0042346794329096715,0.1599315767258961,1.0,1,0.6960997624741254,0.14778175264100435,0,8.403426349644162
B03955,personal,13,established,B,med,6000.0,0.622206023694216,78642.24099724431,0.0039559276020378065,0.8928973269834208,0.1,1,0.63794449339932,0.07662291450781662,0,17.417944211691793
B03956,salary_advance,8,established,B,med,15000.0,0.5683803758607165,12415.274916053859,0.057225915223769956,0.955810801137119,0.25,1,0.6295339674914937,0.07107241330360219,0,6.426681628818773
B03957,salary_advance,16,established,D,med,8500.0,0.5297718716816202,21054.682606048427,0.01782287972684426,0.14805136839448585,0.1,1,0.5681862322147205,0.15748623698329228,0,16.11743041775965
B03958,personal,15,established,B,med,6500.0,0.5886689460709984,12545.965847592312,0.025415527960300496,1.0323928915106901,0.1,1,0.6518378499228878,0.05105095328004195,0,14.586427028587673
B03959,personal,10,established,E,med,32500.0,0.6317134910816974,16981.475516991355,0.10075041496253045,-0.29263069761272065,0.5,1,0.7321342530359153,0.203415872558584,0,11.189804967846953
B03960,personal,26,loyal,C,med,23000.0,0.3627207262385217,22877.92908383567,0.030388009454129384,0.647157104077705,1.0,1,0.5497569738708137,0.0815467489875562,0,28.182022093862486
B03961,personal,15,established,E,med,3000.0,0.574010257243582,18034.355549615862,0.007957177283995167,-0.31114943047935617,0.25,1,0.6466949931432948,0.20241855170535508,1,15.912899863179415
B03962,salary_advance,29,loyal,B,med,6500.0,0.5976154453742204,35810.18615873032,0.009039561112849762,1.2117578049232116,0.1,1,0.6506826075918029,0.05668248070539211,0,24.601853866466566
B03963,personal,14,established,D,med,18000.0,0.6099002573708435,29232.195185649685,0.031295986505501056,-0.3764897826377621,0.5,1,0.7149765703625411,0.15890172372274913,1,17.918822754184117
B03964,personal,16,established,A,med,17000.0,0.5396358841377884,31712.31893609329,0.02410685168548506,1.6475516089415674,1.0,1,0.643396923459864,0.03644248768390514,0,13.62861602059308
B03965,personal,12,established,A,med,52500.0,0.4045809440988274,22727.16584470645,0.07788219800598864,2.017362737225639,1.0,1,0.5799182295684328,0.03352062732749139,0,13.591266965934357
B03966,personal,16,established,B,med,3500.0,0.5515156288969244,23907.932988142427,0.006728257318385369,0.8739382541860049,0.1,1,0.5388728224069903,0.07080567778713424,0,15.195110707280927
B03967,personal,24,loyal,A,med,29500.0,0.4711123619104382,22183.858278508473,0.052206933910672965,1.9412966494140282,1.0,1,0.7042295643570456,0.02810432568714391,0,26.844911516897874
B03968,personal,13,established,E,med,2000.0,0.6281996184649739,23464.366929791715,0.00446208230224596,-1.539214480859047,0.5,1,0.6566584053346539,0.35,0,11.808482218399455
B03969,personal,21,loyal,E,med,3500.0,0.557925407408764,33875.76432963419,0.004803677409138281,-1.0213777432749946,0.25,1,0.589131749612081,0.30248511066204314,0,21.05146251525247
B03970,salary_advance,10,established,D,med,12000.0,0.6566473748268795,9340.173648278073,0.07030355104243026,0.02843943336878696,0.5,1,0.6823620067371737,0.17342029306918766,0,9.525819460257233
B03971,personal,24,loyal,B,med,13500.0,0.5769013794139183,31519.690652276116,0.020590749414407437,0.44123096525887745,1.0,1,0.7016724694259613,0.07612649304934159,0,28.13062696612914
B03972,personal,11,established,E,med,3000.0,0.6088010028660213,16683.87878640524,0.009122593892286297,-0.19820741809966577,0.5,1,0.6808474449971826,0.22944971308943846,0,11.614714514934718
B03973,personal,26,loyal,E,high,3500.0,0.797547085090932,22328.703850597627,0.010417886384030413,-1.2421352496329536,1.0,1,0.8784780530260672,0.3287987615973044,0,24.81584292105665
B03974,personal,17,established,B,med,26000.0,0.5618096818560405,11397.586549928736,0.10679930398911501,1.1515917063236467,0.25,1,0.6095071264409079,0.06345780797208808,0,17.625329782250034
B03975,personal,37,loyal,A,med,8000.0,0.575846384726877,22086.692622525996,0.017381397766471594,2.5541982333569364,0.5,1,0.6898238177702938,0.01735260420212019,0,37.09771737011192
B03976,personal,8,established,B,med,6500.0,0.5357801947667417,31345.820450660376,0.009258467891185932,1.2809876791726227,0.25,1,0.6114743804979518,0.05268171038380247,0,6.993165105406827
B03977,personal,7,established,B,med,6500.0,0.48190181116949926,34592.64604254437,0.007545827728696428,1.0855232687864715,0.1,0,0.47069533868349883,0.06333913906281936,0,4.830546021749946
B03978,personal,11,established,C,med,3000.0,0.44883299705639856,14009.874274971218,0.008009225997449585,0.22611960514560306,0.1,1,0.4620565353669469,0.10437177983273252,0,11.976197381827635
B03979,salary_advance,7,established,E,med,17500.0,0.6133898615342642,33686.79635012805,0.02655422831268237,-0.492997370727137,0.1,1,0.6389832139815917,0.18215655060575517,0,6.610177063789076
B03980,personal,7,established,D,low,3000.0,0.3104557779106198,50356.19150643837,0.0015412989377429683,0.07252805263596762,0.1,0,0.2996921918711039,0.15657132096700388,0,7.238745184532849
B03981,personal,23,loyal,A,med,13000.0,0.48520752240861686,20505.952282919992,0.025633605079982417,2.5055880368415036,0.1,1,0.5196922601931379,0.015328385050344303,0,20.231996161396015
B03982,personal,16,established,E,med,11000.0,0.6166007463347076,26916.700604950394,0.020998760550275733,-0.35198811250705603,1.0,1,0.7651803611007986,0.1923745355851622,0,14.391568901809931
B03983,personal,12,established,E,med,2500.0,0.5682645953002188,8623.95770330407,0.013727856910621726,-0.45495724782394165,0.25,1,0.6032759467894697,0.18711536067825718,0,9.032901764347512
B03984,personal,13,established,B,med,15500.0,0.505849750836044,16426.17321468611,0.03977732688903966,1.1073036591039138,0.1,1,0.5349791791914748,0.05288432854635349,0,12.726434209211062
B03985,personal,11,established,B,med,6500.0,0.3920612193641362,31219.123522965237,0.006802448943386273,1.1736860507455957,0.25,1,0.4411641405738025,0.07572905425340497,0,10.125479467684373
B03986,personal,40,loyal,D,high,18000.0,0.7126058347490678,45501.79580096446,0.02349157287767849,-0.44790180577480354,0.25,1,0.7561132418907283,0.17329410123609967,0,38.8896547861649
B03987,personal,10,established,D,med,18500.0,0.5445116730222416,19349.02317116296,0.04338490312835954,-0.26148461323742256,0.1,0,0.501702437916201,0.14839396223947976,0,7.292655612507623
B03988,salary_advance,7,established,D,med,19000.0,0.477827427331719,116793.45822571103,0.006477760867506121,-0.15190549590143454,0.5,1,0.5495357497295685,0.15460555713064184,1,6.843276752937533
B03989,salary_advance,25,loyal,B,med,9500.0,0.5815392674182411,31972.75145841393,0.014399300415905227,0.8196893790610903,0.1,0,0.576334106478373,0.06836884335601917,0,26.14363037486206
B03990,salary_advance,14,established,B,med,27500.0,0.5122953387705175,13355.101402110735,0.08790724353194006,1.4536866709514928,0.25,1,0.5526031843018373,0.0458836591041995,0,14.47797193262074
B03991,personal,50,loyal,E,med,11000.0,0.5531893180822366,54608.80929861726,0.009285868246442248,-0.40402752112809104,1.0,1,0.75329773479898,0.19259020281713254,0,50.014109716662226
B03992,personal,12,established,B,med,10000.0,0.4707060129782288,13505.89151789098,0.029043251998254128,1.0896648122369366,0.1,1,0.47090518419421046,0.06350554472685434,0,14.543084980537946
B03993,personal,26,loyal,C,med,3500.0,0.5424942924554896,32229.416292891394,0.004909412585330736,0.5016512489213085,0.1,1,0.5534171542520541,0.09578273765946733,0,26.786332612981454
B03994,personal,29,loyal,A,med,5000.0,0.5834367087656445,16137.764340271546,0.015063959513010296,2.726192136314278,1.0,1,0.7502976720552864,0.015,0,29.399873541629102
B03995,personal,12,established,D,med,5500.0,0.5989152470033969,12751.587502722135,0.021526952740952787,0.31883088437087354,1.0,1,0.7525794954005599,0.12190681334531164,0,9.659611503896873
B03996,personal,10,established,D,med,5000.0,0.5685135414091831,45669.397071837026,0.0051868572269788875,-0.09691856962926526,0.25,1,0.5839899621835436,0.15002906270447444,0,8.24430908316917
B03997,personal,24,loyal,B,med,43500.0,0.6049584991811271,23321.30664781551,0.09403309139786128,0.9747147271159924,0.5,1,0.6391647200649334,0.06280538663138861,0,23.070199536205394
B03998,personal,22,loyal,D,med,51000.0,0.5703801209035989,69502.61314176497,0.034878048525971386,0.06285376211278992,1.0,1,0.7382677817122155,0.1636350191633702,0,18.644381253646642
B03999,personal,7,established,E,med,3000.0,0.6910241980044339,15369.441926361935,0.011240229172198782,-1.7952731233518255,0.5,1,0.7403963188625701,0.35,1,8.743160953103967
