borrower_id,product,tenure_m,tenure_bucket,pd_band,base_pd,current_limit,utilization,util_bucket,balance,monthly_income,dti,quality
B00000,salary_advance,9,established,E,0.2360591626607462,4000.0,0.5459733523784436,med,2183.8934095137743,29234.95182025967,0.006225121169290325,-0.7784356363047208
B00001,personal,7,established,E,0.35,6500.0,0.7780158509856795,high,5057.103031406917,37211.7269028473,0.011325065716984963,-2.5364300049480053
B00002,salary_advance,34,loyal,A,0.039832428918648646,10500.0,0.26772641075518894,low,2811.1273129294837,21072.427348773534,0.011116925712140364,1.3453868539788023
B00003,salary_advance,60,loyal,C,0.09744846083141874,9000.0,0.7206299690093122,high,6485.66972108381,14376.661262001426,0.037593740779404236,0.4881728068642545
B00004,personal,12,established,D,0.12214863418835986,19000.0,0.43782811884479983,med,8318.734258051196,44301.17514817086,0.015648069210783048,-0.162150420975282
B00005,salary_advance,7,established,E,0.3291735054376982,8000.0,0.6821886444273311,med,5457.509155418648,61556.490370184474,0.007388212467657255,-1.3414440977018534
B00006,salary_advance,4,new,E,0.3036295078424116,6000.0,0.6654097958378417,med,3992.45877502705,14756.890480869253,0.02254573199890841,-1.0981023530893264
B00007,salary_advance,14,established,D,0.15753486260931157,7500.0,0.6786223798863386,med,5089.6678491475395,29691.331716112654,0.014284943211179485,-0.1279589125675662
B00008,personal,13,established,E,0.2158217259477115,29000.0,0.5688794943134644,med,16497.505335090467,21017.72473866393,0.0654110817584593,-0.672325600147821
B00009,personal,11,established,D,0.12864528853352658,36000.0,0.3517033874852266,med,12661.321949468158,43733.00156374646,0.024126177594229872,0.11783607551763121
B00010,personal,18,established,C,0.08214468894622631,14000.0,0.5056589985792634,med,7079.225980109688,30811.865989128433,0.0191463736260123,0.5834681266318139
B00011,salary_advance,20,loyal,A,0.015,19000.0,0.4174848818788058,med,7932.21275569731,167729.82134209448,0.00394096723142189,3.019612569285197
B00012,salary_advance,19,loyal,C,0.08227937364159177,41500.0,0.3344704365046128,low,13880.52311494143,22793.06456855958,0.05074834303650426,0.7299829699690745
B00013,salary_advance,13,established,A,0.0399012014129859,68500.0,0.5045720837673542,med,34563.18773806376,62662.018989743025,0.045965094825784494,1.4654026630969454
B00014,personal,8,established,E,0.2583871577494677,2500.0,0.5058369598128822,med,1264.5923995322055,66108.11950237658,0.0015940961678274428,-0.8299727769797747
B00015,personal,23,loyal,E,0.33691383385121454,34000.0,0.6940947160966403,med,23599.22034728577,36079.445393361784,0.05450753674747396,-1.274946314975356
B00016,personal,16,established,D,0.17865669942093174,11000.0,0.5606355259499911,med,6166.990785449902,27457.53272923608,0.018716754482469844,-0.35230164671012465
B00017,personal,26,loyal,E,0.35,8500.0,0.7923412745263404,high,6734.900833473894,28343.719029423955,0.01980127362750783,-1.1977217178742414
B00018,salary_advance,25,loyal,B,0.07791078796209948,9500.0,0.5054455237202718,med,4801.732475342583,27054.60929023765,0.014790247704283159,0.7646731671691032
B00019,salary_advance,7,established,E,0.18603248763009028,4500.0,0.6294226717545544,med,2832.4020228954946,50177.1409207371,0.004704004604024987,-0.43045412450866516
B00020,salary_advance,7,established,E,0.35,12000.0,0.6295792238861373,med,7554.950686633648,16648.077721931924,0.03781693204475729,-1.6042713867545855
B00021,personal,10,established,A,0.03163753423124753,17000.0,0.3331677762142783,low,5663.852195642731,24623.555755737845,0.019168136708291768,1.7360251458601772
B00022,salary_advance,9,established,D,0.17687163168098438,5000.0,0.5584034064493746,med,2792.017032246873,23035.6368316959,0.010100353974170704,-0.18756171310538017
B00023,salary_advance,24,loyal,E,0.24077036617346023,9500.0,0.6802440223171636,med,6462.318212013054,10410.738165675082,0.05172798596004588,-0.887619302944198
B00024,salary_advance,19,loyal,A,0.03604980256035671,7000.0,0.5527022760719956,med,3868.9159325039695,43148.51151713559,0.00747209230876849,1.6481717905072895
B00025,personal,30,loyal,D,0.16778407803524398,7500.0,0.5537606529282918,med,4153.204896962188,48271.93716763658,0.007169805654955605,-0.3286143625392852
B00026,personal,20,loyal,A,0.03862805097729997,11000.0,0.35734339355612343,med,3930.7773291173576,18980.736236658595,0.017257748769186395,1.4901660336906621
B00027,personal,18,established,E,0.19165728535805487,10000.0,0.6600733773306335,med,6600.733773306335,47409.26018523598,0.011602398890561597,-0.7333943346780494
B00028,personal,31,loyal,D,0.14808782339183915,5000.0,0.6137192642462982,med,3068.596321231491,11259.73372369374,0.02271069337674682,-0.1408976902627972
B00029,salary_advance,21,loyal,B,0.06916373957530601,4000.0,0.6005414008432534,med,2402.1656033730133,27259.980141392058,0.007343382713760433,1.0948317094770466
B00030,salary_advance,17,established,B,0.07094984524853862,6000.0,0.49608686425301085,med,2976.521185518065,25098.361425120256,0.009882853622398059,0.9432193807041102
B00031,salary_advance,37,loyal,B,0.054339876989846075,16500.0,0.33752292060096595,low,5569.1281899159385,28233.423613732175,0.016437752012497774,1.5184837373405986
B00032,personal,17,established,D,0.16643919737001284,34000.0,0.6248498049184065,med,21244.89336722582,28152.736596503655,0.06288581483130214,-0.08974113872932903
B00033,personal,13,established,C,0.10240995753368079,22500.0,0.5419648861089224,med,12194.209937450752,25787.03396860985,0.03940678725173335,0.5286167215545834
B00034,personal,10,established,C,0.10420168782554644,14000.0,0.6675067763643059,med,9345.094869100283,21735.994466341133,0.03582803202146043,0.7456286069234205
B00035,personal,24,loyal,C,0.08906901591551193,6000.0,0.5413906503760648,med,3248.343902256389,25341.831222572797,0.010681758662606641,0.6005691385668497
B00036,personal,32,loyal,C,0.11823209739810756,3000.0,0.5504101512699464,med,1651.2304538098392,56941.04318871923,0.0024165791512008594,0.25734188673570385
B00037,personal,15,established,E,0.35,22500.0,0.6810705610773836,med,15324.087624241132,19569.051213820938,0.06525647503636706,-1.4452949482311301
B00038,personal,33,loyal,C,0.08183064694507923,10000.0,0.4631337196063012,med,4631.337196063012,93007.64818036645,0.004149602466994276,0.9991741567799889
B00039,salary_advance,5,new,D,0.13758788793031737,3000.0,0.5011033983699688,med,1503.3101951099063,18970.86292847844,0.00660359257587762,0.04217369914115088
B00040,personal,15,established,D,0.17571280539770492,7000.0,0.5770660409545566,med,4039.4622866818963,30700.44932016875,0.010964720864927103,-0.41361585235070747
B00041,salary_advance,16,established,B,0.043295325388980496,17000.0,0.40355365976243834,med,6860.412215961452,36833.519912010095,0.01552121598376962,1.6277663635916602
B00042,salary_advance,11,established,E,0.2677084163042259,3500.0,0.5996221707168177,med,2098.6775975088617,22914.70795276129,0.007632207233578572,-1.0778336329133156
B00043,personal,60,loyal,A,0.0305486398407731,4500.0,0.6647408421985693,med,2991.333789893562,57543.69014370788,0.004331974803873797,2.0440363153648864
B00044,salary_advance,15,established,C,0.11748225731329501,13000.0,0.6517262063777093,med,8472.44068291022,36310.654183175095,0.019444340496156662,0.3277267213655343
B00045,salary_advance,13,established,C,0.08349346350186417,3500.0,0.5658242671879461,med,1980.3849351578112,24035.89705523452,0.006866066931081195,0.6675181785028983
B00046,personal,16,established,E,0.20111489635412824,7000.0,0.7272044343383699,high,5090.4310403685895,57193.50518330384,0.007416971303609093,-0.39504411453027083
B00047,personal,5,new,E,0.35,11000.0,0.5860360703682392,med,6446.396774050631,15390.096863149582,0.034905545816100086,-2.01707291252333
B00048,salary_advance,10,established,D,0.12407575872741775,52500.0,0.7732326395827531,high,40594.71357809454,19712.023613460853,0.17161570341588123,0.21039010153422028
B00049,personal,28,loyal,B,0.07628353978108748,9500.0,0.4859359675679875,med,4616.391691895881,36658.98145881567,0.010493998806000063,0.7347449068927926
B00050,personal,11,established,D,0.12505010850382342,3500.0,0.7236447852116179,high,2532.7567482406625,41806.47596804396,0.005048573396014554,0.6762254464025941
B00051,personal,10,established,D,0.166825045098874,7500.0,0.7526654044812917,high,5644.990533609688,32126.677439038027,0.014642531232600849,-0.1980331984389014
B00052,salary_advance,33,loyal,E,0.3399987153036603,3000.0,0.4713036729663454,med,1413.9110188990362,25085.47375716015,0.004696977995400836,-1.4425398412044181
B00053,salary_advance,34,loyal,E,0.208526029467375,28000.0,0.732990611675859,high,20523.73712692405,23428.435657591195,0.07300152055562029,-0.7916613445826254
B00054,salary_advance,21,loyal,A,0.018236851159723625,19000.0,0.41951901927138635,med,7970.86136615634,50124.766652507504,0.01325170153478343,2.802019623763294
B00055,salary_advance,12,established,E,0.22769908218789583,6500.0,0.5493494503045974,med,3570.771426979883,30706.11370532953,0.009690717895375017,-0.7425359837721156
B00056,personal,14,established,B,0.04181864193967579,16500.0,0.5539657577491737,med,9140.435002861366,16651.7180318191,0.04574320292053987,1.4270494582392084
B00057,personal,10,established,E,0.27776374560605976,6000.0,0.5189481099459616,med,3113.68865967577,16131.895856168121,0.016084535710275457,-0.9340867374175955
B00058,personal,9,established,D,0.1754541995757075,7500.0,0.6261872212611345,med,4696.404159458509,61846.06300826536,0.006328082892453562,-0.18245590972786754
B00059,personal,9,established,C,0.09653479534572687,40500.0,0.44476839816419267,med,18013.120125649803,18118.36082676886,0.08284929073640972,0.625208259599904
B00060,salary_advance,11,established,E,0.1982334416051783,4500.0,0.6083728272596295,med,2737.6777226683325,31257.108049895494,0.0072988137564800664,-0.4701944465808737
B00061,personal,9,established,B,0.041906503266219176,7000.0,0.626274221529059,med,4383.919550703413,56556.67654918208,0.006459478376661575,1.5922151357590542
B00062,personal,6,new,D,0.13829027582903888,20500.0,0.601661550305079,med,12334.061781254119,36248.70769769951,0.02835517586841882,0.07572835806841098
B00063,salary_advance,18,established,C,0.08026412484790313,9500.0,0.49364729200887314,med,4689.649274084295,17735.023207570317,0.022035725671160883,0.8108508462996697
B00064,salary_advance,18,established,D,0.14108574591256776,5000.0,0.6165070140062345,med,3082.535070031173,15388.384455159485,0.01669297535755747,0.08239299198087419
B00065,personal,41,loyal,B,0.07339005081539005,4000.0,0.3811416982143262,med,1524.5667928573048,75240.02833919131,0.0016885590760992828,1.0587202870170906
B00066,personal,11,established,B,0.041745905617813654,11000.0,0.41302108075193683,med,4543.231888271305,15174.314993312648,0.024950230539091425,1.5787927398498625
B00067,personal,19,loyal,C,0.10424458888466581,8500.0,0.509925486163072,med,4334.366632386112,19844.891966835847,0.01820101716699343,0.26871406237678563
B00068,personal,19,loyal,A,0.025783479356102368,12500.0,0.5518565901265866,med,6898.2073765823325,33020.27353107655,0.017409020375745286,2.1297127907492364
B00069,personal,14,established,E,0.2373838379548647,4000.0,0.6393976634026421,med,2557.5906536105686,23851.845028452695,0.008935684187671983,-0.6115958083791179
B00070,personal,24,loyal,B,0.044896458991277886,10500.0,0.5651033960248956,med,5933.585658261403,36886.2031852404,0.013405160434610368,1.1640960393517101
B00071,personal,25,loyal,B,0.05610129209860133,14500.0,0.5209203980590466,med,7553.345771856175,12000.760851076036,0.052450464499638444,0.8891143362430499
B00072,salary_advance,19,loyal,E,0.19917416914607233,32000.0,0.5080329430266803,med,16257.054176853771,23963.33753989731,0.056534466974069914,-0.3185820726823694
B00073,personal,14,established,D,0.14757863319520095,12500.0,0.6978255483084301,med,8722.819353855377,39055.1024411652,0.018612206021385472,0.2138097046373318
B00074,personal,13,established,C,0.11961921316070942,12000.0,0.4948970107191949,med,5938.764128630339,39127.86657923808,0.01264819817653426,0.0073659378503727856
B00075,personal,7,established,E,0.25736339491035076,15500.0,0.6511904558327237,med,10093.452065407218,19636.60485417324,0.042834339830993926,-0.8531921762768451
B00076,personal,10,established,C,0.10300859617533971,5500.0,0.5381661312550697,med,2959.9137219028835,15337.551939795872,0.016082063017191197,0.3580024341941265
B00077,salary_advance,11,established,C,0.09440735255897488,5500.0,0.5981968314597544,med,3290.082573028649,30258.79633373289,0.009060953539871488,0.49628954610851755
B00078,personal,8,established,D,0.15545109769872698,3000.0,0.5116026159385545,med,1534.8078478156635,13070.924582132066,0.009785126765973283,-0.07258694730721668
B00079,salary_advance,20,loyal,B,0.07088723855577776,9500.0,0.6351329030932704,med,6033.762579386069,54521.41437453265,0.009222312994819156,0.6814225309413151
B00080,salary_advance,31,loyal,B,0.07398185938889312,58000.0,0.6658119989614083,med,38617.09593976168,29336.120588262824,0.10969723548249286,0.6599897410763806
B00081,personal,9,established,D,0.17760731270844252,4500.0,0.6771025225712556,med,3046.96135157065,18338.42076048254,0.01384598212030225,-0.3676996212463275
B00082,salary_advance,19,loyal,B,0.07055695198028937,24500.0,0.5411202891282605,med,13257.447083642382,15063.41485933313,0.0733424171933819,0.8898340950149817
B00083,personal,9,established,E,0.19441617255037055,2500.0,0.5547162789864389,med,1386.7906974660973,18992.868276441768,0.006084699255185846,-0.6439142123637804
B00084,personal,13,established,A,0.019080174513001993,13000.0,0.7190720593970777,high,9347.936772162011,11395.090831017524,0.06836230992499606,2.6568094914699993
B00085,personal,11,established,E,0.33968441435201185,5000.0,0.5460175001538373,med,2730.0875007691866,35317.309915613776,0.006441806929077139,-1.4093332454653158
B00086,salary_advance,22,loyal,C,0.11881007464396519,5000.0,0.6427011441060715,med,3213.5057205303574,17299.52589116428,0.015479738870433692,0.16526392276554103
B00087,personal,11,established,E,0.2095366890131048,7000.0,0.6256836544474477,med,4379.785581132133,33517.382671865365,0.010889338685367539,-0.5057421045769407
B00088,personal,28,loyal,A,0.01996210244604461,19000.0,0.45484636838021764,med,8642.080999224136,36157.878558583616,0.019917468759545004,2.4404934143245374
B00089,personal,14,established,E,0.35,5500.0,0.6563533579844569,med,3609.9434689145132,45766.07968764919,0.006573178748598973,-1.3201346499774993
B00090,personal,11,established,C,0.09095354358278376,22000.0,0.4943758136569714,med,10876.267900453371,30900.14570809929,0.029331760016055454,0.4259222979861098
B00091,salary_advance,8,established,B,0.07458913632892661,40000.0,0.578923953073588,med,23156.95812294352,49955.05120254296,0.038629657337776076,0.5983940650465398
B00092,personal,18,established,C,0.10621213482764706,8500.0,0.5817096219265716,med,4944.531786375858,57662.40838824497,0.007145804815452708,0.33360230467454804
B00093,personal,26,loyal,A,0.039854241737966103,70500.0,0.7399169477994336,high,52164.14481986007,31008.55284901,0.14018751824661363,1.6363431626109404
B00094,personal,19,loyal,A,0.033583229917640435,4000.0,0.5993472602627888,med,2397.3890410511553,32054.396082091305,0.006232605960691117,1.6158293597470883
B00095,salary_advance,56,loyal,C,0.0942895128243073,5500.0,0.6007620647779285,med,3304.1913562786067,19799.053461759795,0.013907194110147632,0.2990431734798826
B00096,personal,36,loyal,C,0.0929977050238765,9000.0,0.5957095855576485,med,5361.3862700188365,15627.79618904177,0.028588943940894278,0.5940174494939909
B00097,personal,13,established,E,0.35,4500.0,0.8006609399065909,high,3602.974229579659,54455.600566341156,0.005513626685637068,-1.864102032152144
B00098,personal,13,established,C,0.10889231556668869,8000.0,0.46292109067699827,med,3703.3687254159863,37539.8773082684,0.008220966145335748,0.09909300852192908
B00099,salary_advance,21,loyal,D,0.16550742433207905,8000.0,0.553855029772798,med,4430.8402381823835,39251.933413379,0.009406840744036941,-0.04398942783191906
B00100,salary_advance,10,established,C,0.11569504796572316,36500.0,0.3706216994699566,med,13527.692030653416,19440.420652413915,0.05798782286540391,0.1636175740394835
B00101,salary_advance,31,loyal,E,0.3031247081993111,4000.0,0.6715883377035679,med,2686.3533508142714,65719.88530789096,0.003406317253685826,-0.935371864816695
B00102,personal,20,loyal,B,0.07728141297007952,24000.0,0.6123448298803876,med,14696.275917129304,23724.47136649025,0.05162136769422793,0.8048722867190754
B00103,salary_advance,18,established,E,0.35,5500.0,0.5445677228963769,med,2995.122475930073,17309.09920722163,0.014419787920373411,-1.3465686955756078
B00104,salary_advance,23,loyal,B,0.06944365795267052,10000.0,0.6624007390415314,med,6624.007390415314,19623.42394993031,0.028129678963079382,0.8982846067915864
B00105,salary_advance,42,loyal,D,0.14267538867401158,4500.0,0.5138118693054328,med,2312.1534118744476,63841.28684043898,0.0030181009895854476,-0.47650559302254947
B00106,personal,18,established,E,0.22299055429399525,4000.0,0.5749201648713312,med,2299.680659485325,14602.146328522633,0.013124101802950467,-0.8496410351358846
B00107,personal,15,established,B,0.0573037147644644,10500.0,0.5257941829221556,med,5520.838920682634,17798.734165774615,0.02584846235534883,1.1547321025451627
B00108,personal,37,loyal,B,0.07010869474584447,15000.0,0.6736071148932614,med,10104.106723398922,132479.0932582817,0.006355786961607544,0.987917945913622
B00109,salary_advance,27,loyal,A,0.024535953521210213,12000.0,0.39750026587355886,med,4770.0031904827065,45142.1082952001,0.008805531706099436,1.899203137670543
B00110,personal,13,established,B,0.04173403751712785,7000.0,0.5258286884173157,med,3680.8008189212096,17976.475851707935,0.017063044175459167,1.5597271325012902
B00111,personal,16,established,E,0.21224820150817353,9500.0,0.6752407178491632,med,6414.78681956705,14841.81706155314,0.03601752845222807,-0.7728387071397649
B00112,personal,18,established,B,0.0456976843375263,16500.0,0.5561104507153685,med,9175.822436803579,10721.609289623528,0.07131875906667003,1.4989716624408718
B00113,personal,20,loyal,E,0.2896200018774077,25500.0,0.6784802204745766,med,17301.245622101702,28379.22891758311,0.050803722423028476,-1.0655056561789014
B00114,personal,7,established,C,0.08926357309338272,9500.0,0.6076194985247058,med,5772.385235984705,40151.344066857164,0.011980473236406356,0.7461003345449032
B00115,salary_advance,7,established,D,0.17973565043930687,11500.0,0.5223549346182877,med,6007.0817481103095,62027.86604828995,0.008070407343791894,-0.14333771459997152
B00116,salary_advance,10,established,E,0.22480236107099338,7000.0,0.7454627767307836,high,5218.239437115486,9492.99113808273,0.045807826016165065,-0.5803001426393164
B00117,salary_advance,9,established,B,0.0765098707771788,15000.0,0.512278704821169,med,7684.180572317535,12978.379980687934,0.04933962343368828,0.9644698673044425
B00118,personal,11,established,B,0.06563487097677304,10000.0,0.49838386200830465,med,4983.838620083046,25191.128864551196,0.01648675163546784,0.9449515251692131
B00119,salary_advance,23,loyal,B,0.057757442551837894,7000.0,0.6267124207520601,med,4386.986945264421,124644.19665182599,0.0029330065519207315,1.6652683866465448
B00120,personal,14,established,C,0.10289593150161244,52500.0,0.4917488080509151,med,25816.812422673043,43793.74930804921,0.04912575582623911,0.21485988889479202
B00121,salary_advance,18,established,C,0.09205253495829714,13500.0,0.5748932233679569,med,7761.058515467418,33025.65212386009,0.019583409704170218,0.48195730132923903
B00122,personal,8,established,C,0.10787502862644954,13500.0,0.47147442845205817,med,6364.904784102785,13715.639433423321,0.03867181946443013,0.5268665856999025
B00123,personal,12,established,D,0.12506770577607232,8500.0,0.7728832092641936,high,6569.507278745646,8383.393682115013,0.0653027831751967,0.30376407551719103
B00124,personal,22,loyal,B,0.073983900572885,15000.0,0.7348265570631648,high,11022.398355947473,27484.2207227965,0.033420383484516564,0.9413558395859803
B00125,personal,22,loyal,C,0.09866900021912153,6000.0,0.5286282015097163,med,3171.769209058298,25472.29782852899,0.010376531498419675,0.6039994611107142
B00126,personal,11,established,B,0.05578231660059011,6000.0,0.5767428177919904,med,3460.456906751943,23218.528094744677,0.012419883281114005,0.8427838245063638
B00127,personal,17,established,E,0.35,3000.0,0.6504825749691083,med,1951.447724907325,21823.91100517454,0.007451489501754247,-1.6272078065504278
B00128,personal,55,loyal,C,0.11314601593757254,5500.0,0.5191966179184414,med,2855.581398551428,17825.85639552475,0.013349435295893802,0.2687265249136138
B00129,personal,16,established,E,0.35,2000.0,0.6525868603477402,med,1305.1737206954804,15713.835261490627,0.006921574199722511,-1.3838464938455861
B00130,personal,11,established,C,0.08784582790047808,13000.0,0.546410281016835,med,7103.333653218855,57770.25420301207,0.010246527027930372,0.27670201760488466
B00131,salary_advance,14,established,A,0.030630329021235556,7500.0,0.33364581888229283,low,2502.343641617196,16521.36113625396,0.012621758890303795,1.9919301758536978
B00132,personal,17,established,E,0.18519292057451442,17500.0,0.6151277493928593,med,10764.735614375038,23112.261757162356,0.038813220039788,-0.47408478194696846
B00133,personal,15,established,D,0.13915258529732433,36000.0,0.5581288039157362,med,20092.636940966502,26331.1266681048,0.06358962276291096,0.12725203029721524
B00134,personal,16,established,C,0.08352007508586944,6000.0,0.5629559058052785,med,3377.7354348316712,39674.11283218955,0.0070947510305576994,0.7564867149216389
B00135,personal,7,established,E,0.35,6500.0,0.657945344399027,med,4276.644738593675,16839.680456380887,0.021163528754159396,-2.0677229317665247
B00136,salary_advance,9,established,D,0.14033053798404369,7500.0,0.537888751115947,med,4034.165633369603,46070.92849930771,0.007297019625999475,-0.17211048214418778
B00137,personal,15,established,C,0.1073228233231275,38000.0,0.6338915047093424,med,24087.877178955012,19558.856899215843,0.10262987804398369,0.36451565927285023
B00138,salary_advance,15,established,E,0.35,4500.0,0.7251798820845575,high,3263.3094693805087,24611.19148566419,0.011049544510679757,-2.546994725657275
B00139,personal,12,established,E,0.289993364387151,6000.0,0.740762777482092,high,4444.576664892552,66416.72738006555,0.005576628107879536,-0.9768084930749713
B00140,personal,14,established,B,0.06995799716201004,6500.0,0.5665385366689244,med,3682.5004883480087,15786.726291534596,0.019438801625402517,1.1008579733812893
B00141,personal,17,established,B,0.06723395713471911,44000.0,0.501031204231335,med,22045.37298617874,39994.514725989146,0.04593415942414487,1.0029969004507249
B00142,salary_advance,26,loyal,B,0.0498739263599806,6500.0,0.5751749063287658,med,3738.6368911369777,46748.43122329128,0.006664460520039675,1.1243182273701002
B00143,personal,15,established,B,0.07352707119645796,24500.0,0.33452012070024245,low,8195.74295715594,31902.631937018978,0.02140822052272385,0.8821976399431775
B00144,personal,20,loyal,D,0.12662034300495792,6000.0,0.7335123418637687,high,4401.0740511826125,25219.128368465128,0.014542777433596357,0.6151042344214637
B00145,personal,12,established,C,0.11658392742450893,13500.0,0.5707066353129123,med,7704.539576724316,86607.11229493174,0.007413305301539293,0.5553949074423146
B00146,personal,22,loyal,C,0.0896550322957136,8000.0,0.7513747769366813,high,6010.9982154934505,26699.09725304465,0.018761552617688793,0.08434629115938619
B00147,personal,20,loyal,C,0.09718166362780421,3500.0,0.4559844570583309,med,1595.9455997041582,30098.861467393348,0.004418621175624521,0.5158126829220928
B00148,personal,26,loyal,E,0.1880597163261091,4500.0,0.4704911482040056,med,2117.210166918025,22357.347078510054,0.007891552604919352,-0.2323703864158223
B00149,personal,24,loyal,A,0.03764041265285309,7000.0,0.5288755891066461,med,3702.129123746523,29234.214201507035,0.010553071759880121,1.6634833441823136
B00150,salary_advance,22,loyal,A,0.02188471408752615,19000.0,0.5038055121972068,med,9572.30473174693,45718.80079749191,0.017447790560216784,2.271559409502202
B00151,salary_advance,15,established,A,0.035213730635923104,17000.0,0.5233374942253795,med,8896.737401831451,23122.97665375655,0.03206312035805769,1.7299128006970732
B00152,personal,18,established,E,0.20257475256275273,4500.0,0.6075044192697467,med,2733.76988671386,8436.377137332072,0.02700379007690962,-0.4081087616778623
B00153,personal,29,loyal,E,0.18219258876088046,7000.0,0.5306902540892741,med,3714.8317786249186,35684.21098282954,0.008675246176365446,-0.5537740393650874
B00154,personal,11,established,B,0.06255427318434355,4000.0,0.36484157674944023,med,1459.3663069977608,14867.249571105434,0.008179983683924776,1.2769736607501632
B00155,salary_advance,11,established,B,0.0712119402023146,14500.0,0.5534895610114495,med,8025.598634666018,40458.500270911885,0.016530516003901652,0.8939072025914127
B00156,personal,18,established,C,0.09800854910777233,21500.0,0.42230452894328646,med,9079.547372280658,26883.591486218695,0.0281446378947517,0.32858434152364246
B00157,salary_advance,20,loyal,D,0.1505542998810479,36000.0,0.4272743345993111,med,15381.876045575198,45193.56583123743,0.028362953447500425,0.11636791505485433
B00158,salary_advance,10,established,B,0.06350153068601076,24000.0,0.4907881609914087,med,11778.915863793809,15969.100697712203,0.061467226023782406,0.7756638126367649
B00159,salary_advance,15,established,E,0.22126750987259644,4000.0,0.6440965286794142,med,2576.386114717657,20042.861569440498,0.010711985519098284,-0.7352780596619349
B00160,personal,15,established,C,0.08130816762965361,6000.0,0.7192306176964242,high,4315.383706178545,22314.237032851488,0.016115958090737268,0.6340623560790319
B00161,salary_advance,4,new,B,0.06596051519362799,47000.0,0.602968892618607,med,28339.537953074527,11905.369413591205,0.19836664287461497,1.3788866996062104
B00162,personal,14,established,A,0.035945572709356874,7000.0,0.6333471001130418,med,4433.429700791293,49576.94146469072,0.0074521030170663005,1.6310455439079523
B00163,personal,15,established,B,0.06148588676157695,3500.0,0.5953023084742741,med,2083.5580796599593,11004.036028192677,0.015778741502374065,0.708524054109816
B00164,personal,15,established,E,0.32903475636994467,3500.0,0.6722903027381419,med,2353.016059583497,49193.78089354872,0.0039859646498054116,-1.3820215496211217
B00165,personal,35,loyal,C,0.096267898070175,14000.0,0.7614872308258083,high,10660.821231561316,33976.32247717142,0.02614767298296308,0.5973301309460216
B00166,salary_advance,8,established,A,0.021910894424144216,19000.0,0.33366855544155904,low,6339.702553389622,24115.81111463279,0.021907143973077445,2.4896817440577133
B00167,salary_advance,10,established,E,0.26547581185495184,43500.0,0.5610039467374476,med,24403.67168307897,32526.612576407024,0.062522320827172,-0.5186115904422842
B00168,personal,3,new,E,0.22423395677026128,7000.0,0.5595712808754146,med,3916.9989661279023,32040.413555745163,0.010187651914752793,-0.409181572910217
B00169,salary_advance,12,established,A,0.036586361726858155,7000.0,0.5771750500481388,med,4040.225350336972,21585.23183801362,0.015597953655910225,1.763524351800977
B00170,personal,13,established,B,0.07883543272326489,9000.0,0.43913753116590154,med,3952.237780493114,31697.16101276538,0.010390619785847256,0.6171339220735854
B00171,personal,12,established,A,0.024976437398363558,32000.0,0.5363946716643923,med,17164.629493260552,40221.253570662244,0.03556293412367392,2.4801563244851046
B00172,personal,30,loyal,D,0.17188227110389148,4500.0,0.6382395604128029,med,2872.0780218576133,16001.288273885624,0.014957535359537758,-0.3328693832285884
B00173,salary_advance,26,loyal,D,0.15512844384118993,33000.0,0.6544972008742665,med,21598.407628850797,32545.917709697806,0.05530239824418659,-0.2397557857408219
B00174,personal,17,established,B,0.052002124348145835,10500.0,0.5891545577773547,med,6186.122856662224,6345.627024308744,0.08123866027429212,1.2241254358351739
B00175,personal,13,established,E,0.2746122171292903,14000.0,0.7562107081221283,high,10586.949913709797,9308.842697274335,0.09477502787761233,-1.195878628271536
B00176,personal,28,loyal,C,0.11481238828958619,21000.0,0.5516247713525666,med,11584.120198403898,36698.44484525145,0.026304748169509996,0.20323201118246373
B00177,salary_advance,16,established,C,0.11138546677919549,8500.0,0.6047036768605406,med,5139.981253314595,21379.63093962964,0.02003457273509744,0.28435345514042343
B00178,salary_advance,10,established,B,0.05373324766144809,16000.0,0.43152018679878856,med,6904.322988780617,16824.795587849803,0.03419716133018304,1.385989473385922
B00179,salary_advance,6,new,B,0.06429363826883684,10000.0,0.4259458803588368,med,4259.458803588368,26129.91196893656,0.013584236361798837,0.9642679680252468
B00180,salary_advance,12,established,B,0.06439700781460729,24000.0,0.6936140883486424,med,16646.738120367416,21638.43887873629,0.06410943896976269,0.8070649141768625
B00181,salary_advance,24,loyal,C,0.08818505315203719,21500.0,0.46682621679403,med,10036.763661071645,15619.348469167917,0.05354877467565249,0.34756912209833324
B00182,personal,57,loyal,B,0.04143474128027479,11000.0,0.5584790408101624,med,6143.269448911787,10921.876153136074,0.046872818695682814,1.615004019081943
B00183,personal,17,established,A,0.015,8000.0,0.4541401302585331,med,3633.121042068265,9113.511678333904,0.03322101265956478,4.0258240427272645
B00184,salary_advance,10,established,B,0.05906493545263108,63000.0,0.6325873035427556,med,39853.000123193604,40389.93147177745,0.08222552558476315,1.0412820989229157
B00185,salary_advance,8,established,C,0.09514782564496757,39000.0,0.381506881344319,med,14878.76837242844,21324.784059400547,0.05814348979643975,0.44967220754683646
B00186,personal,22,loyal,E,0.2731808936306663,9500.0,0.6958795382561449,med,6610.855613433377,45855.577761560824,0.01201390673381911,-0.8978629709921605
B00187,personal,6,new,E,0.2593098265602776,42000.0,0.5991835359262514,med,25165.70850890256,21206.06298154395,0.09889352764664822,-0.6374814493171534
B00188,salary_advance,22,loyal,C,0.08526518432631236,9000.0,0.4805661650515817,med,4325.095485464235,32703.37209947978,0.011021023235534161,0.536289766052696
B00189,personal,25,loyal,D,0.15812384415513916,7500.0,0.5495678912351745,med,4121.7591842638085,25110.15330127104,0.01367892612605426,-0.13460024026713258
B00190,salary_advance,20,loyal,C,0.09278510087487124,9500.0,0.6343704762086615,med,6026.519523982284,27568.957786982566,0.018216501480117216,0.7339221654731518
B00191,personal,14,established,A,0.03143995907386545,4500.0,0.5600866615172619,med,2520.3899768276788,28315.65882092783,0.007417538804138303,1.7780160768072877
B00192,personal,22,loyal,A,0.03907412847800692,11500.0,0.48033331248805144,med,5523.833093612591,21054.325053771256,0.02186341396801335,1.6471669173692343
B00193,salary_advance,18,established,D,0.12258326684076644,12500.0,0.4444733598367596,med,5555.916997959495,13680.24592401023,0.03384391521432309,0.1911672835317457
B00194,personal,10,established,E,0.2749490077738003,2000.0,0.5228088229325439,med,1045.617645865088,41001.8497312672,0.002125143240931479,-1.2082799446658605
B00195,personal,45,loyal,A,0.03727346653830316,7000.0,0.5644503553364727,med,3951.152487355309,64631.083042983206,0.005094494657634491,1.737367642902413
B00196,personal,13,established,D,0.14759720975019358,12000.0,0.4427668934563561,med,5313.202721476273,67008.07915361556,0.006607664315243481,-0.049054273461364435
B00197,salary_advance,25,loyal,E,0.29178882078826907,15000.0,0.6094754131469802,med,9142.131197204702,19844.884575771768,0.03838995704534588,-0.9765004256023552
B00198,personal,4,new,C,0.09228083394314504,54500.0,0.7797490828177074,high,42496.32501356505,17975.339740181327,0.19701215492917099,0.3624301184930362
B00199,personal,33,loyal,B,0.04696101040101028,7000.0,0.5482126954034979,med,3837.4888678244856,19833.836131068125,0.01612349405692866,1.4256866842334652
B00200,salary_advance,36,loyal,E,0.35,11500.0,0.7157111657311568,high,8230.678405908304,24423.215865564634,0.02808351983352412,-1.675908404934669
B00201,salary_advance,16,established,E,0.25256030408295327,4500.0,0.4932627176972094,med,2219.6822296374426,26138.02604845245,0.007076797566639705,-0.47455464213290344
B00202,personal,22,loyal,D,0.1353928487465201,5500.0,0.43372819212109925,med,2385.5050566660457,15539.482900136098,0.0127927093412975,0.28954598869228604
B00203,personal,22,loyal,B,0.05016860770604352,15500.0,0.5922407944760618,med,9179.732314378958,11922.054514902118,0.06416492156689269,1.1345109113086176
B00204,personal,11,established,E,0.21518371603864994,7000.0,0.567587038938404,med,3973.109272568828,27652.412889305237,0.01197336524324747,-0.5157465846241712
B00205,personal,22,loyal,E,0.18165847186211811,18000.0,0.6953176671237118,med,12515.718008226811,3859.4308156746256,0.2702410149314352,-0.4321419019739364
B00206,personal,10,established,C,0.08505944170764247,6000.0,0.5475329323441499,med,3285.1975940648995,25454.26902027563,0.010755227971936886,0.7271692496802824
B00207,salary_advance,11,established,D,0.14000379000483346,5000.0,0.8468745905356886,high,4234.372952678443,16000.717042498622,0.022053037484881452,-0.11832237331415912
B00208,personal,30,loyal,B,0.054281192901504745,10000.0,0.47424892249323586,med,4742.489224932358,41319.30030971627,0.009564717515753685,0.9420546505486971
B00209,personal,28,loyal,E,0.22323908396897382,2500.0,0.6396855262220458,med,1599.2138155551145,47867.841112701666,0.0027840783052896817,-0.7115156549745906
B00210,salary_advance,11,established,E,0.3016134471031406,3500.0,0.5457463119475284,med,1910.1120918163494,48493.50585854427,0.0032824190545364864,-1.0023330192363984
B00211,personal,10,established,C,0.08326586493997071,6000.0,0.6413376284827775,med,3848.025770896665,22235.6962408993,0.01442135253006225,0.755269157570397
B00212,personal,11,established,D,0.12409614037980908,5500.0,0.6083483919258466,med,3345.916155592156,14409.900635129252,0.019349636986365337,0.2525199103172139
B00213,salary_advance,24,loyal,A,0.03957665205818661,17000.0,0.40719918734854593,med,6922.386184925281,17188.12858096074,0.03356185710929769,1.672455733236207
B00214,salary_advance,9,established,D,0.170213228726388,5000.0,0.5561574627532359,med,2780.787313766179,31513.9591965746,0.00735332157732722,-0.18259300092144182
B00215,salary_advance,20,loyal,D,0.15679991285020642,12000.0,0.7055564879832575,high,8466.677855799091,10881.01208636398,0.06484291005130459,-0.04510530247974509
B00216,personal,24,loyal,A,0.03429650908747767,11500.0,0.620983333312204,med,7141.308333090346,57898.816283895496,0.010278431683983458,1.7607188875409108
B00217,personal,15,established,E,0.35,5000.0,0.5194116281991822,med,2597.058140995911,22429.97431760215,0.009648763243559321,-1.5229587639944702
B00218,salary_advance,28,loyal,A,0.03769685517310812,12000.0,0.4433052360842374,med,5319.662833010849,35422.25308496738,0.01251487970064696,2.0014607091806247
B00219,personal,13,established,B,0.0520980105714702,16000.0,0.6892321543358721,med,11027.714469373954,10099.241868070485,0.0909945734329401,1.3205047074823832
B00220,personal,14,established,B,0.07414523592998995,24500.0,0.5202858759933777,med,12747.003961837754,16166.716744213882,0.06570600245923953,0.8600895142660753
B00221,personal,9,established,E,0.23148750310495408,4000.0,0.630015634154904,med,2520.062536619616,9432.122877800659,0.022264893503373875,-0.6878075170104481
B00222,salary_advance,28,loyal,D,0.14478029473640985,19500.0,0.6754942719083205,med,13172.138302212248,47176.644141269455,0.023267407248469107,-0.06652383672535933
B00223,salary_advance,10,established,D,0.12086587786784062,3000.0,0.43698106933695546,med,1310.9432080108663,24634.111138199776,0.0044347152093843455,0.13994422700180045
B00224,personal,19,loyal,E,0.2673881855323535,6000.0,0.532969851486041,med,3197.819108916246,36835.514414423495,0.007234456474392939,-0.8950396768313994
B00225,salary_advance,15,established,E,0.2049046360267267,7000.0,0.5755976099823826,med,4029.1832698766784,27858.05761133858,0.012052716566752397,-0.6116939987535968
B00226,personal,9,established,C,0.08550075880986303,6000.0,0.6610304631307871,med,3966.1827787847224,34810.04521286949,0.009494823392047765,0.644734291509046
B00227,personal,11,established,B,0.07795056805270632,3500.0,0.6432456080702129,med,2251.359628245745,22346.09751073845,0.008395797175039365,0.6493491142241571
B00228,salary_advance,35,loyal,D,0.17811667569369574,3000.0,0.6596873167601409,med,1979.0619502804227,24053.839895155383,0.006856361807881314,-0.29957482653495626
B00229,personal,18,established,C,0.0921991258564888,3500.0,0.5322096569630413,med,1862.7337993706446,25579.516402446203,0.006068442193042232,0.6761219353000746
B00230,personal,9,established,C,0.09815055318824233,9000.0,0.6621203736683966,med,5959.083363015569,33627.43095027834,0.014767416547090911,0.4543033057398061
B00231,personal,19,loyal,A,0.02355316537095295,7500.0,0.47607716793149424,med,3570.5787594862068,34120.89156944223,0.008720411931546953,1.9098862545771036
B00232,salary_advance,15,established,B,0.07637080171101095,24500.0,0.5918218983724984,med,14499.63651012621,126284.21069143417,0.00956812443847722,0.9191364418675215
B00233,personal,60,loyal,B,0.04645217380987244,48000.0,0.6009091130265117,med,28843.63742527256,67838.22937149619,0.035431886627571546,1.458581053734378
B00234,salary_advance,19,loyal,B,0.0477885673203103,6500.0,0.6810411585706683,med,4426.767530709344,10114.068635058362,0.03647367914303758,1.2270775909302114
B00235,salary_advance,13,established,B,0.05654834396181657,6500.0,0.5115616816238279,med,3325.150930554881,24866.877776020592,0.011143172591887674,1.329929109697188
B00236,personal,35,loyal,E,0.22171255153126826,6000.0,0.5839183778193613,med,3503.510266916168,21520.414771401112,0.013566615328328651,-0.887117156567775
B00237,salary_advance,5,new,D,0.17657800773633048,19500.0,0.7036168290751852,high,13720.52816696611,54397.40690092462,0.021018967858700287,-0.12174445711091342
B00238,personal,17,established,D,0.14486344371339238,8000.0,0.7041252789959358,high,5633.002231967486,22614.320172955107,0.020757504495993725,-0.038982768227529795
B00239,personal,49,loyal,C,0.09337186470822656,3000.0,0.5114726428275267,med,1534.41792848258,34729.990861063736,0.0036817792788490593,0.15625005306471762
B00240,salary_advance,15,established,B,0.07958095843740197,60000.0,0.4301336199063306,med,25808.017194379834,7439.925418233663,0.2890711907219965,0.7938866303167256
B00241,salary_advance,6,new,B,0.06311207434573556,10000.0,0.6482858321378302,med,6482.858321378302,11702.052745544153,0.04616610480190332,0.9843796544957509
B00242,personal,13,established,C,0.09823902867900829,9000.0,0.39498391625268203,med,3554.855246274138,85030.15595592048,0.003483916192545629,0.3922570770711484
B00243,personal,36,loyal,C,0.10907188691950076,37000.0,0.3974640011706389,med,14706.168043313639,27657.007731455447,0.044311156706068486,0.2230561187786622
B00244,personal,20,loyal,D,0.17745125398968745,32000.0,0.567526672192472,med,18160.853510159104,15534.940427504318,0.09741939251343838,-0.33573007984512493
B00245,salary_advance,10,established,B,0.042988347979059864,11000.0,0.511346089188191,med,5624.806981070101,30747.961525155388,0.015244389931530796,1.447186074156234
B00246,personal,11,established,C,0.08503861376687816,5500.0,0.4417848452060619,med,2429.8166486333407,15075.370156180765,0.013431492468954613,0.34973281661383504
B00247,personal,12,established,E,0.3222680862044784,6000.0,0.64626734688494,med,3877.60408130964,23020.595527771147,0.014036720859486635,-1.0186138583994084
B00248,personal,20,loyal,C,0.11794674364512531,5500.0,0.582881739709894,med,3205.849568404417,12101.202821934965,0.02207665920747294,0.20631245835037626
B00249,personal,34,loyal,E,0.31691503838799595,5500.0,0.5909266246221028,med,3250.0964354215653,17434.44855891659,0.015534840044019975,-1.3432996777073614
B00250,salary_advance,29,loyal,B,0.06680547876433778,6000.0,0.7168688759408252,high,4301.213255644951,21397.188648141197,0.016751473469929435,0.7853706143474428
B00251,salary_advance,21,loyal,C,0.10402630646892538,13500.0,0.5844758260254612,med,7890.423651343726,49830.60452178032,0.013195410944517915,0.5516200574014041
B00252,personal,7,established,E,0.18146284206302238,10500.0,0.695994735608963,med,7307.944723894111,34725.35199532986,0.017537486552756762,-0.5744669503553378
B00253,personal,7,established,B,0.04201473261349071,70000.0,0.35453409790121515,med,24817.38685308506,38222.828460096454,0.054106816643605414,1.5846001898035293
B00254,personal,22,loyal,E,0.22359874334976973,16000.0,0.4599076995847299,med,7358.523193355678,26524.495453347467,0.023118640171365983,-0.7561541195421123
B00255,salary_advance,7,established,B,0.05859373755435925,4000.0,0.5633730794575647,med,2253.492317830259,42301.042245454504,0.004439394788340804,1.0563929516823354
B00256,salary_advance,14,established,A,0.015957567249041373,8000.0,0.6386283251021817,med,5109.026600817454,16639.994799768134,0.025586078713240964,2.5367081609318736
B00257,personal,19,loyal,B,0.041141521184181254,11000.0,0.4001131345036557,med,4401.2444795402125,17979.935671890813,0.020398870162167116,1.477267903716688
B00258,personal,8,established,D,0.14530990837743915,5000.0,0.5829113749853737,med,2914.5568749268687,33663.690063842885,0.007214887587089229,-0.03153878209776703
B00259,personal,9,established,E,0.30986621665755426,2000.0,0.5077506057100543,med,1015.5012114201086,23074.16645638604,0.003667525806907523,-1.1340686394233275
B00260,personal,15,established,E,0.31862759017433456,8000.0,0.568608000646338,med,4548.864005170704,26699.090587110935,0.014197936787176194,-1.3620621765844554
B00261,salary_advance,21,loyal,C,0.10896847194866044,8500.0,0.5697819370432631,med,4843.1464648677365,24580.91473780275,0.01641906100908004,0.338448305042478
B00262,personal,29,loyal,E,0.19422594759476533,3000.0,0.5357187017896037,med,1607.156105368811,53605.00545261892,0.0024984546558022534,-0.28700073391390823
B00263,personal,22,loyal,D,0.14457754848610707,7500.0,0.4496738028778263,med,3372.5535215836976,55163.352785500276,0.005094797770749617,-0.3195469089581323
B00264,salary_advance,17,established,D,0.13930506230309428,50500.0,0.4341184084294603,med,21922.979625687745,19064.98778693201,0.09582565639300124,0.023686544528755904
B00265,personal,10,established,D,0.13520415540826494,11500.0,0.38426976980518857,med,4419.102352759668,10219.693358123886,0.03603420538091793,-0.10224709288568688
B00266,personal,9,established,C,0.0854631259316916,5500.0,0.589181625292071,med,3240.4989391063905,18190.89920848835,0.014844872436699413,0.4852119476452963
B00267,personal,12,established,E,0.32988140645808545,5500.0,0.6877545731937047,med,3782.6501525653757,16426.840952033144,0.01918937712780983,-1.2377962194624292
B00268,personal,20,loyal,D,0.1622093458930994,32500.0,0.6365595741670097,med,20688.186160427817,42508.59575153773,0.04055686815546287,-0.28224379613304995
B00269,personal,19,loyal,C,0.10094220469445686,3000.0,0.4627570058296467,med,1388.27101748894,44635.001277118456,0.002591895332076942,0.2403279171775187
B00270,personal,5,new,E,0.24274379346507616,10500.0,0.6911658038827884,med,7257.240940769278,15258.762380117094,0.03963428116460379,-0.5454851934232691
B00271,personal,10,established,A,0.03831126999596172,17500.0,0.5563603460189269,med,9736.30605533122,17765.655084722683,0.04567007712774885,1.8364237074134229
B00272,personal,31,loyal,B,0.06740476908420748,14000.0,0.5353865297212709,med,7495.411416097792,11926.807803084394,0.05237089658195187,0.6322465927238575
B00273,personal,17,established,E,0.3430767794529523,3000.0,0.634331699721263,med,1902.995099163789,28966.87422377735,0.005474630217441396,-1.6135898119594245
B00274,salary_advance,7,established,C,0.0859644523820116,41500.0,0.46707492316262583,med,19383.609311248973,26246.71099970746,0.061542978697613514,0.7681813615867648
B00275,personal,60,loyal,B,0.06620226134113696,6000.0,0.5419303661285936,med,3251.5821967715615,41523.590877598515,0.006525572026346096,0.9456637227439788
B00276,personal,16,established,E,0.18716234935344184,3000.0,0.722971517570353,high,2168.914552711059,35363.03031409588,0.00511106875703871,-0.12512802824473812
B00277,personal,20,loyal,E,0.2657755986867275,2500.0,0.7130083370236342,high,1782.5208425590854,37632.06031746844,0.003947256735173706,-0.8133966744092013
B00278,salary_advance,20,loyal,A,0.02009614089700539,13000.0,0.4332399468223239,med,5632.119308690211,11520.679053371734,0.04073920239856196,2.508054695313463
B00279,salary_advance,13,established,E,0.20728352560869648,2500.0,0.651825463089365,med,1629.5636577234125,19063.307247715024,0.007123473892140516,-0.7198839135812573
B00280,personal,11,established,C,0.09212667462953775,23500.0,0.4271167586268351,med,10037.243827730625,45337.669291339145,0.018449051279396122,0.6607722064159335
B00281,personal,52,loyal,B,0.07575956492085165,23000.0,0.608234981853275,med,13989.404582625324,20005.912519963447,0.05827195905487779,0.6000505290639353
B00282,personal,28,loyal,B,0.079080792748347,4000.0,0.4395658925988256,med,1758.2635703953024,10991.074013347832,0.013330996044760379,1.00081054902977
B00283,personal,25,loyal,A,0.028539585099292317,30500.0,0.5434757652057565,med,16576.01083877557,41956.735908313,0.03292282411060827,2.10685792416733
B00284,personal,22,loyal,B,0.060590257719877895,62000.0,0.7813717404652132,high,48445.04790884322,19584.70635728773,0.20613468755096656,0.9616388721410352
B00285,personal,9,established,E,0.23068740865352255,2500.0,0.5426804721616598,med,1356.7011804041495,48264.44047733364,0.002342478863987686,-0.558664227043533
B00286,personal,33,loyal,B,0.06043408548832502,16500.0,0.7637661632603234,high,12602.141693795336,26632.083206033956,0.039432832435917324,1.5059922751279609
B00287,personal,10,established,E,0.2148038905842384,42000.0,0.6452720968678343,med,27101.42806844904,23098.646608211522,0.09777422795994224,-0.6310994500441196
B00288,personal,19,loyal,C,0.10006862306909838,23000.0,0.46646301868640067,med,10728.649429787216,56940.09277161032,0.015701662495265545,0.5635580113952678
B00289,personal,6,new,E,0.317420127201041,5500.0,0.5583553869676952,med,3070.9546283223235,13141.617862699952,0.019473468819991204,-1.2930836080157901
B00290,salary_advance,5,new,E,0.28722332077831336,15000.0,0.8091638289315363,high,12137.457433973044,59208.574434053895,0.017082910639758298,-1.0332812273367524
B00291,personal,19,loyal,C,0.08243117758080959,13500.0,0.5916288520941804,med,7986.989503271435,18927.178849843636,0.035165433997653144,0.4513866704361864
B00292,salary_advance,10,established,C,0.08237905835433892,6000.0,0.47677057976185244,med,2860.6234785711144,29416.276517368053,0.00810385671144266,0.7180867085808721
B00293,personal,5,new,E,0.35,3000.0,0.6459935415570611,med,1937.9806246711835,29569.571079543046,0.005461641122721386,-2.0523906226910302
B00294,salary_advance,22,loyal,B,0.06976241677131861,10500.0,0.554803543225379,med,5825.437203866479,21270.663397106982,0.022822659136631954,1.2472873680006642
B00295,salary_advance,52,loyal,C,0.11813240679324652,8000.0,0.5661087521883162,med,4528.87001750653,17691.47245842308,0.021332641230353003,-0.0694289765982975
B00296,salary_advance,35,loyal,A,0.027455019064630017,7500.0,0.5119062402416362,med,3839.2968018122715,21951.6545999296,0.014574819346512892,2.0296880156711663
B00297,salary_advance,14,established,D,0.16726826358439867,5000.0,0.7297536684903432,high,3648.768342451716,15397.963261585526,0.019747029095478794,-0.0019644288245082575
B00298,salary_advance,16,established,E,0.23528839609191407,16000.0,0.4956249298274944,med,7929.99887723991,79148.28153857053,0.008349306225277365,-0.7736222695499858
B00299,salary_advance,26,loyal,B,0.07394342163795983,14500.0,0.5916892749716435,med,8579.49448708883,20648.0872322767,0.034625864656676796,0.8258045579592523
B00300,salary_advance,30,loyal,D,0.14384820211431876,5000.0,0.5665282473888201,med,2832.6412369441005,50889.96286830775,0.004638506752753264,-0.16623500107872535
B00301,personal,13,established,B,0.04659732656408827,6500.0,0.4584308624942017,med,2979.800606212311,47332.15376831089,0.005246258566636546,1.2689451414331256
B00302,personal,16,established,C,0.11161708398137367,5000.0,0.6647643006139958,med,3323.8215030699794,32846.85747339024,0.008432621765422206,0.000530207533099717
B00303,personal,19,loyal,C,0.10856754475837598,3000.0,0.4091367893763279,med,1227.4103681289837,24968.655351509784,0.004096504032921305,0.2483233769067129
B00304,salary_advance,22,loyal,B,0.04356602629031082,16000.0,0.28372464014794174,low,4539.594242367068,29928.9050324004,0.012639938540608705,1.341801018931008
B00305,personal,15,established,E,0.28331260588192625,2000.0,0.6415761422282589,med,1283.1522844565177,36853.039305950275,0.0029015071497991317,-1.004947439200293
B00306,personal,15,established,E,0.30526088627427556,34000.0,0.6202787623936876,med,21089.47792138538,28431.633312974667,0.06181342007695256,-1.2891536553285141
B00307,salary_advance,35,loyal,B,0.054344368184140006,6500.0,0.380430953208208,med,2472.801195853352,11364.935434019992,0.01813180264133036,1.158351579441637
B00308,personal,31,loyal,E,0.2187252153819101,2500.0,0.4329297339253394,med,1082.3243348133485,9896.424171344548,0.00911376604379369,-0.699670708008809
B00309,personal,21,loyal,E,0.2293091642458422,16500.0,0.7670823950068414,high,12656.859517612884,61694.09640707723,0.01709625968382629,-0.7000101537494566
B00310,personal,42,loyal,B,0.050665261537744886,10500.0,0.5560201028958245,med,5838.211080406157,6316.416729885547,0.07702430204326655,1.2367560312208876
B00311,personal,13,established,C,0.08274875839650052,9000.0,0.5425153510484405,med,4882.638159435965,29960.251571090008,0.013580877727974535,0.5250641099839399
B00312,personal,40,loyal,E,0.2570458380740774,2500.0,0.7916162341997363,high,1979.0405854993408,23641.57496128473,0.006975848650594709,-0.8538295424529113
B00313,personal,22,loyal,E,0.1894463163174919,11500.0,0.6762121983952549,med,7776.440281545431,29390.907307016143,0.022048883464515837,-0.21913604294133637
B00314,personal,60,loyal,E,0.2054524442489261,7000.0,0.7476271179481305,high,5233.389825636914,14371.729005385801,0.03034539676051795,-0.50373155594632
B00315,personal,8,established,A,0.032253473133534764,29000.0,0.3723139363846492,med,10797.104155154828,32626.25522987402,0.027577749063042254,1.7763192980405802
B00316,personal,11,established,B,0.06987696475115082,14500.0,0.4042180901037449,med,5861.1623065043,30130.976428846938,0.016210234452975647,0.9060104275706085
B00317,salary_advance,20,loyal,C,0.08414035755766808,21500.0,0.6081463184801184,med,13075.145847322545,122829.98728349968,0.008870761215353877,0.329155153994726
B00318,personal,20,loyal,B,0.06594736307836616,15000.0,0.562753395532675,med,8441.300932990125,28896.883345954346,0.024343170022670554,0.9761946893434926
B00319,salary_advance,48,loyal,E,0.20672264527281364,17000.0,0.7097466812523124,high,12065.693581289312,56473.64277631221,0.01780431393614983,-0.6061861859308294
B00320,salary_advance,11,established,D,0.15898898621801977,11000.0,0.4195979324187235,med,4615.577256605959,11798.443305678984,0.032600185302866236,-0.3226461511894929
B00321,personal,27,loyal,C,0.08770787758314369,9000.0,0.6105354270098298,med,5494.8188430884675,47148.26193514265,0.009711950164510066,0.5048632659418862
B00322,personal,31,loyal,B,0.0700493639772645,14500.0,0.6231400178560748,med,9035.530258913084,30468.551022832708,0.02471272277914251,0.8522307491459129
B00323,personal,24,loyal,D,0.12917297095097213,13000.0,0.6442077286545753,med,8374.70047250948,31205.707077340827,0.02236423306521427,0.302540874486556
B00324,salary_advance,9,established,C,0.1048460696428939,3500.0,0.5000108139328243,med,1750.0378487648852,31443.975913576953,0.00463797860034946,0.5980135107142259
B00325,salary_advance,35,loyal,B,0.066402867719397,14500.0,0.578445931528162,med,8387.46600715835,68767.46325259256,0.010164043684862524,0.8283364599531262
B00326,salary_advance,32,loyal,C,0.08500793295938872,5500.0,0.4611479150043679,med,2536.3135325240237,30955.54605702406,0.006827838237914382,0.5864225979776826
B00327,personal,22,loyal,D,0.12323296391439399,8000.0,0.5321704687867816,med,4257.363750294253,17478.60556656756,0.020297975783785175,0.10385440780910632
B00328,salary_advance,18,established,D,0.16606959129651913,3000.0,0.4693634249490806,med,1408.090274847242,19172.535253690912,0.006120257685518186,-0.0762648726777842
B00329,personal,18,established,D,0.12181851717717886,3000.0,0.4806727198918628,med,1442.0181596755883,42168.135068138385,0.0028497390216282764,0.23193750862858806
B00330,salary_advance,15,established,C,0.08070735704878165,3500.0,0.5074610483428931,med,1776.1136692001257,34409.93129119719,0.004301359139046229,0.7608155891994561
B00331,personal,23,loyal,C,0.0972495415006736,5500.0,0.49062514796191903,med,2698.4383137905547,11593.959235399103,0.019395432993758104,0.598359167318834
B00332,salary_advance,16,established,E,0.23412666607121588,2500.0,0.5344046248784046,med,1336.0115621960115,35705.249548094565,0.003118149243004214,-0.8285970500010597
B00333,salary_advance,10,established,E,0.26041198879038624,4000.0,0.47694295236269124,med,1907.771809450765,14834.512990244855,0.010716966861361922,-0.6489278511431876
B00334,personal,9,established,C,0.10533428050998558,9000.0,0.7265668216512889,high,6539.1013948616,34236.30503962546,0.015916586664587916,0.39888180594806727
B00335,personal,10,established,A,0.039951822688069835,11000.0,0.4499184338627309,med,4949.10277249004,17273.784404111688,0.023875788963920775,1.4716733006708778
B00336,personal,18,established,D,0.1230348960043042,52000.0,0.5916139440852392,med,30763.925092432437,23044.560784333324,0.1112479620836278,0.15241546155875524
B00337,salary_advance,16,established,D,0.17324629212556433,19500.0,0.3994600577799698,med,7789.471126709411,19937.453918282114,0.03255794829936749,-0.06166841247699423
B00338,personal,18,established,C,0.11360242699278757,5500.0,0.6827004272860724,med,3754.852350073398,62031.78170163442,0.005044258828662212,0.22434045544277556
B00339,salary_advance,21,loyal,E,0.20936320544870013,7000.0,0.6057707631369714,med,4240.3953419588,33557.52007775087,0.010530166641570563,-0.38682142251342855
B00340,personal,11,established,B,0.04713741903848533,10500.0,0.46248996227639305,med,4856.144603902127,53831.39635291651,0.007517522197246867,1.3089431565364635
B00341,salary_advance,36,loyal,B,0.06233003778876505,10000.0,0.4791669356717503,med,4791.6693567175025,132239.09778373368,0.003019574289439654,0.9365941445080282
B00342,salary_advance,14,established,E,0.19317321094058237,7500.0,0.6664715158979269,med,4998.536369234452,27604.74447117508,0.015089605262282393,-0.3194572132105483
B00343,personal,12,established,D,0.1431561458492926,11500.0,0.29221701942634126,low,3360.4957234029243,61457.0971149292,0.004556696027472297,-0.16679546609287513
B00344,salary_advance,21,loyal,D,0.13398920170651576,12500.0,0.4759866633828808,med,5949.83329228601,18311.771509628532,0.027076541489343443,0.22296376793638428
B00345,salary_advance,5,new,B,0.054055347738632895,10500.0,0.49566101950004543,med,5204.440704750477,53647.11437299024,0.008084375033615915,1.3116699768168338
B00346,salary_advance,10,established,C,0.11338366490147847,12500.0,0.5454450883922005,med,6818.063604902506,17255.222563013645,0.03292753628649672,0.14775991055294085
B00347,personal,28,loyal,C,0.09255941789631612,5500.0,0.7622581093690873,high,4192.41960152998,26632.077190256652,0.013118327107256762,0.5553657461155929
B00348,personal,6,new,C,0.0854904191264675,23000.0,0.5054120018517037,med,11624.476042589184,36144.59538880575,0.026800862659053244,0.5737264566512917
B00349,personal,30,loyal,E,0.18877311914070705,45500.0,0.6773439604934761,med,30819.150202453162,39412.061446868924,0.06516437919222648,-0.34076660376454204
B00350,personal,37,loyal,C,0.11696570059915067,5500.0,0.7097333401431548,high,3903.5333707873515,13361.017399263452,0.02434653274110286,0.5937094661351571
B00351,personal,13,established,C,0.11018273325963053,21500.0,0.618260550664439,med,13292.601839285438,16699.56486167433,0.0663320768604381,0.2744355693942098
B00352,personal,19,loyal,E,0.32323016972851976,14000.0,0.5659142524012936,med,7922.79953361811,37657.881349906864,0.01753240678447803,-1.154078821020621
B00353,personal,30,loyal,C,0.08697631998595795,9500.0,0.4089732936172608,med,3885.2462893639777,21977.091409270874,0.014732182620721348,0.65269648877761
B00354,personal,12,established,D,0.14710452801397975,3000.0,0.6407416778151256,med,1922.2250334453768,12474.705587318014,0.012840817631530195,-0.04576206494313917
B00355,personal,26,loyal,C,0.09319341494164325,22500.0,0.695320365942797,med,15644.708233712932,25873.195681515648,0.050389047498842716,0.5299662921159967
B00356,salary_advance,11,established,C,0.09479902440370476,9000.0,0.6005938971638571,med,5405.345074474714,25199.15324716307,0.017875419005343132,0.3856297134905666
B00357,salary_advance,12,established,C,0.093848613192817,6000.0,0.6567688689426868,med,3940.613213656121,29652.545125697092,0.011074409737151477,0.6091698729500821
B00358,personal,10,established,B,0.04833519052146446,16000.0,0.7427564564520787,high,11884.103303233258,35993.106986975385,0.02751476671059473,1.337343225676158
B00359,personal,19,loyal,E,0.21872042977584652,6500.0,0.6816220313742967,med,4430.543203932928,34756.02605090898,0.0106229617022462,-0.7795074120851094
B00360,salary_advance,31,loyal,C,0.11977690283193426,3500.0,0.43990642242952427,med,1539.672478503335,17632.601015787553,0.0072766371654639965,0.4078476644995799
B00361,personal,14,established,C,0.08692483768115651,58500.0,0.5408820118888588,med,31641.597695498236,21462.110180200212,0.12285836694617083,0.6666186289628364
B00362,personal,8,established,C,0.09595482435126186,5500.0,0.6734706566687226,med,3704.0886116779743,44814.35455736527,0.006887838819100737,0.48092586772791107
B00363,personal,9,established,D,0.12031122764519223,9000.0,0.5229171478697902,med,4706.254330828111,19955.26551588224,0.019653352173650777,0.45940555334208416
B00364,salary_advance,20,loyal,A,0.015,19000.0,0.5705867941554602,med,10841.149088953744,21648.67147350733,0.04173138715933314,3.5035772156733374
B00365,personal,45,loyal,B,0.07790974449361808,4000.0,0.5150104342710743,med,2060.041737084297,11762.267363169341,0.014594987467685672,1.014135524116706
B00366,salary_advance,20,loyal,A,0.028447768232147803,17500.0,0.5164496071174316,med,9037.868124555052,26482.137853591343,0.028440138829052882,1.8809377962550249
B00367,salary_advance,13,established,D,0.14127275765787942,12000.0,0.5309356275659581,med,6371.227530791498,32529.37335302485,0.016321729343015068,0.042927941147491544
B00368,personal,25,loyal,E,0.20032985429483863,7000.0,0.611332390862307,med,4279.326736036149,9076.815823434748,0.0392880684452845,-0.5929123738972821
B00369,salary_advance,14,established,D,0.12251995053235272,8000.0,0.584405863056269,med,4675.246904450151,14933.499996069735,0.02608925629000013,0.03568257076636605
B00370,salary_advance,13,established,B,0.07546770496275068,44500.0,0.36239667485256183,med,16126.652030939002,12308.553983690867,0.10918322908000408,1.0619601713434041
B00371,personal,9,established,D,0.13384619071112527,38500.0,0.5073148780904466,med,19531.622806482195,41506.018938650566,0.03921443866440913,0.4068278548291754
B00372,personal,35,loyal,B,0.07474773471196194,3500.0,0.4069961723187459,med,1424.4866031156107,9397.573527887365,0.012631688017554361,0.8032513705988797
B00373,personal,4,new,E,0.21925963738648974,7000.0,0.5576026208786113,med,3903.2183461502796,25763.742977588918,0.012625036501701792,-0.5643443867971277
B00374,personal,25,loyal,D,0.14018924097765248,8000.0,0.48702778812591685,med,3896.222305007335,39927.64360708175,0.008131839566569286,0.026197381187024693
B00375,personal,12,established,E,0.19979992221215886,33500.0,0.6751578225618586,med,22617.787055822264,29830.955455490584,0.06318321217694273,-0.17985724429327782
B00376,salary_advance,13,established,B,0.04607666355783292,25500.0,0.6156741271073978,med,15699.690241238643,21120.99260605527,0.06194346754934878,1.0744754501652127
B00377,personal,41,loyal,B,0.057429652176638785,10500.0,0.5662883218018814,med,5946.0273789197545,32550.81262381988,0.015222424315577606,1.2407274281704181
B00378,personal,11,established,E,0.25850305204450047,15000.0,0.4932824244720103,med,7399.236367080155,47587.97181255929,0.012957119353997782,-1.0062416496712276
B00379,salary_advance,11,established,B,0.04315323888041662,10000.0,0.5038677540109183,med,5038.677540109184,25357.08898222009,0.01655906935151418,1.112342559431449
B00380,personal,15,established,E,0.21400240683008082,4000.0,0.4664834530937401,med,1865.9338123749606,7852.478723472105,0.019801961882403615,-0.6507212307562297
B00381,salary_advance,20,loyal,B,0.07183244045338603,15500.0,0.4985401586657073,med,7727.3724593184625,50577.04193827363,0.012732015955561546,1.2189216518410535
B00382,salary_advance,12,established,C,0.11580841867705657,8500.0,0.6208523388572932,med,5277.244880286992,33528.314181572794,0.013116388861933328,0.15803425753751182
B00383,personal,6,new,B,0.04687304023390634,16500.0,0.5951772556722267,med,9820.424718591741,26418.188209402495,0.030977473552029816,1.5657885492389845
B00384,personal,10,established,E,0.22014257054989622,7000.0,0.6368967652922154,med,4458.277357045507,9052.493136672383,0.0410409715288328,-0.4180746289811456
B00385,salary_advance,33,loyal,B,0.06970533096225691,24500.0,0.6454159350450633,med,15812.690408604052,22832.272354084016,0.05771323065359732,0.9286118408947832
B00386,salary_advance,17,established,B,0.06945858930367688,43500.0,0.5486314898727737,med,23865.469809465652,16622.085193883,0.11964739246557873,0.9565931575594276
B00387,salary_advance,21,loyal,D,0.12432676907196685,5000.0,0.5466967920530728,med,2733.4839602653637,13781.00405842784,0.016529298522541785,-0.1239588501228821
B00388,personal,14,established,D,0.13640257630029315,8000.0,0.6521705990674711,med,5217.364792539769,24958.07792017264,0.01742042799805902,-0.07285705542694518
B00389,salary_advance,11,established,D,0.1499680450518114,12500.0,0.6513689885675494,med,8142.112357094368,20034.643177945327,0.03386680546614969,0.08341511537686269
B00390,salary_advance,41,loyal,D,0.12008170456991764,5500.0,0.5037359793374805,med,2770.5478863561425,20773.754343865014,0.011113975197163272,0.23618651659402679
B00391,personal,14,established,E,0.20243665591287544,18000.0,0.6268600317495943,med,11283.480571492697,40408.46216833356,0.02326963208120446,-0.4397230014832396
B00392,personal,12,established,B,0.061500398816447234,10000.0,0.486558904138821,med,4865.58904138821,30963.5094951426,0.013094954676007412,1.1120145981367944
B00393,salary_advance,30,loyal,D,0.1679912191205793,5000.0,0.3676853239192272,med,1838.426619596136,20485.382198457955,0.007478611666381815,0.15144926523966673
B00394,personal,11,established,C,0.08738227157042457,23000.0,0.5829201566901082,med,13407.163603872488,19104.71282824738,0.05848104829945962,0.5664078826716058
B00395,personal,11,established,D,0.13864449556623581,8500.0,0.4266148901575985,med,3626.2265663395874,20948.614431610833,0.014425085161669531,0.31459500203114427
B00396,salary_advance,16,established,E,0.2911012802329025,3500.0,0.6533703817117043,med,2286.796335990965,23480.032860339637,0.008116102837933757,-1.0469801157751757
B00397,personal,16,established,D,0.12055720207128384,5500.0,0.39371584492742484,med,2165.4371471008367,37094.633977394464,0.004864668450474665,0.5191694384264413
B00398,personal,18,established,E,0.31383290437617495,13000.0,0.5698101476831653,med,7407.5319198811485,15162.672481288946,0.040711446311230186,-1.4135132097576943
B00399,personal,51,loyal,B,0.06622483005954118,44000.0,0.4763823685635397,med,20960.824216795747,60002.50375766909,0.02911104107345505,1.02809182816516
B00400,personal,19,loyal,D,0.14579868208591812,8000.0,0.6834490701499268,med,5467.592561199414,37109.36323740595,0.012278106485373757,-0.10719164313084806
B00401,salary_advance,4,new,D,0.14354031448211363,3000.0,0.5142733822068075,med,1542.8201466204225,5967.835662256668,0.021543546576663818,0.008367253256452212
B00402,salary_advance,19,loyal,E,0.23975820395229017,2500.0,0.4928836588198563,med,1232.2091470496407,28196.188238306644,0.003641772239552791,-0.5442799496263389
B00403,personal,16,established,D,0.1362015685763419,12500.0,0.5976015519023699,med,7470.019398779623,47686.57324201752,0.01305402284634013,0.12238232360481602
B00404,salary_advance,16,established,B,0.06283480366088795,10500.0,0.4882735016464949,med,5126.871767288197,33315.84036454321,0.012823909265556984,1.2769504179706197
B00405,salary_advance,18,established,E,0.1806259243303558,7000.0,0.662640168505405,med,4638.481179537835,21444.26391738343,0.018025337674634632,-0.45696542802262086
B00406,personal,16,established,E,0.19665503012530502,4000.0,0.4961627249191364,med,1984.6508996765456,26014.24420943364,0.006357577550266495,-0.607167086144011
B00407,salary_advance,15,established,B,0.0771644558256529,9500.0,0.5503860529243414,med,5228.6675027812435,29675.467444762042,0.014682912500350366,0.8046210235674894
B00408,personal,23,loyal,B,0.07219348540535062,14500.0,0.748754519222853,high,10856.940528731368,41079.87166629392,0.022024047480247888,0.8796183236469393
B00409,salary_advance,12,established,E,0.35,4500.0,0.6438044862367939,med,2897.1201880655726,12353.538676602764,0.019543119478474025,-2.0841792984085066
B00410,salary_advance,9,established,A,0.018809765780485547,8000.0,0.48232888607390145,med,3858.6310885912117,19288.028659267562,0.0166710966888487,2.3654063637827734
B00411,salary_advance,60,loyal,B,0.06256316327846524,10500.0,0.3486638606167104,low,3660.970536475459,66251.80378605299,0.004604869008922679,1.2785534835483312
B00412,personal,11,established,B,0.07967240170366455,9500.0,0.44870774236860844,med,4262.72355250178,27395.141874469933,0.012966786751322673,0.6969186624529615
B00413,salary_advance,17,established,D,0.14659270373808042,8500.0,0.6049696513370181,med,5142.242036364653,62339.22835786281,0.006874005036397044,0.20645955333798305
B00414,personal,7,established,E,0.35,1500.0,0.6274619681903751,med,941.1929522855627,138978.72888264412,0.0005643507222607191,-1.8553535085522448
B00415,personal,17,established,C,0.09310916923330473,6000.0,0.5965521573504685,med,3579.312944102811,20524.628951068516,0.01453259298310998,0.67472206125024
B00416,personal,9,established,E,0.22514457196365387,7000.0,0.6381459267535725,med,4467.0214872750075,13925.75625186169,0.02673117235959702,-0.5651880282308862
B00417,salary_advance,12,established,B,0.06395504131179515,6000.0,0.394287763805811,med,2365.726582834866,23247.62160145064,0.008480174242452562,0.8939316941833398
B00418,personal,29,loyal,D,0.13022864516565436,12500.0,0.6556699734594381,med,8195.874668242977,49239.23257145063,0.013870840791351379,0.18119892973727125
B00419,salary_advance,21,loyal,C,0.08701940149816285,10000.0,0.40088710867970084,med,4008.8710867970085,53177.610393368814,0.006282203884213568,0.9880393791163774
B00420,salary_advance,22,loyal,D,0.1491845340799389,5000.0,0.49309367974911317,med,2465.468398745566,93862.63069687593,0.0021888977367251873,-0.02499638140924465
B00421,personal,6,new,C,0.08320784991241208,14500.0,0.5507594243165681,med,7986.011652590238,26364.059113517713,0.025242735505321426,0.8643889426789316
B00422,personal,45,loyal,E,0.2638822639182846,6500.0,0.7459272043391953,high,4848.52682820477,35186.96862602699,0.011482770983901568,-0.7883790394576718
B00423,personal,8,established,A,0.025021582978951056,8000.0,0.37147945347614864,med,2971.835627809189,18188.17055022304,0.013616156077943867,2.24556942533919
B00424,personal,38,loyal,A,0.017735636016478935,32000.0,0.46810569113662126,med,14979.38211637188,6776.1086981464405,0.18421809605451714,2.637948634987012
B00425,salary_advance,28,loyal,A,0.023130582795085876,13000.0,0.4791542258280415,med,6229.004935764539,26322.806673716605,0.01971992390786168,2.3826995854665105
B00426,personal,22,loyal,B,0.04271034896464469,49500.0,0.5579823006910302,med,27620.123884205994,14263.158461665465,0.1613721811011654,1.67547898577451
B00427,salary_advance,10,established,C,0.09722385623051485,5500.0,0.6642755695378798,med,3653.515632458339,38324.56915479543,0.007944241585820905,0.265451641766359
B00428,personal,17,established,B,0.05983473848497213,26000.0,0.4733515895933653,med,12307.141329427499,9558.954839946542,0.10729155309947677,1.1665467057472083
B00429,salary_advance,12,established,C,0.11472486922173207,21500.0,0.6511342366935261,med,13999.386088910811,17914.521324157304,0.0651212212874525,0.2538235017238723
B00430,salary_advance,16,established,E,0.30243293364133156,2000.0,0.7434299438029894,high,1486.8598876059789,31170.379940953495,0.003975087594971463,-1.203517542245307
B00431,salary_advance,14,established,A,0.03989366344955264,11500.0,0.6582601158807592,med,7569.991332628731,33017.70435119817,0.019105889505292094,1.8532014140306878
B00432,salary_advance,5,new,B,0.053683431787195854,15500.0,0.5642152420093144,med,8745.336251144374,26210.317603452593,0.02780500534006114,1.128824462922505
B00433,salary_advance,30,loyal,B,0.06785741551516443,9500.0,0.5471357019972424,med,5197.789168973803,75134.8548319783,0.005764955537388356,0.7186608923445645
B00434,personal,15,established,E,0.3454192749300344,5500.0,0.5906500959989639,med,3248.5755279943014,63780.64157459979,0.004244463847486111,-1.2251842573311502
B00435,personal,12,established,E,0.1802302211352835,30000.0,0.44879279750618883,med,13463.783925185666,18464.770140378216,0.060763388075541484,-0.5862006765789738
B00436,personal,12,established,E,0.35,6500.0,0.6311120364984738,med,4102.22823724008,65197.429173462566,0.005243340994225655,-1.8211455848875098
B00437,personal,20,loyal,B,0.05694285970579505,67000.0,0.5179034416906144,med,34699.53059327116,70913.12369234681,0.040777043780844444,1.3450808526179772
B00438,salary_advance,10,established,E,0.32940463345891635,13500.0,0.624548981602333,med,8431.411251631494,25130.90629810509,0.027958307431021817,-1.2533089668641804
B00439,salary_advance,4,new,D,0.12207792189075205,21500.0,0.6123263530805054,med,13165.016591230866,27583.463333820328,0.039773276570051315,0.2868308701466763
B00440,salary_advance,20,loyal,D,0.143474743319717,11500.0,0.4265654638886615,med,4905.502834719608,26163.043636918806,0.015624783896184474,-0.09369334777968819
B00441,personal,21,loyal,E,0.24324636175168832,9000.0,0.5993695663393622,med,5394.32609705426,18868.522501952753,0.023824185211534125,-1.0267034449994767
B00442,salary_advance,14,established,B,0.07741707418887912,23000.0,0.7207858604125992,high,16578.07478948978,19928.034261916517,0.06932476200613576,0.5883550932785717
B00443,personal,8,established,D,0.17406333632101414,11000.0,0.6759762397150036,med,7435.7386368650405,55582.70745231384,0.011148159469148438,-0.3337993853120314
B00444,personal,17,established,B,0.06277766572534343,3500.0,0.5871355830857931,med,2054.974540800276,34219.70335791001,0.005004364783905656,0.8381891054253677
B00445,salary_advance,7,established,E,0.27408839536608187,6000.0,0.6527066399852212,med,3916.239839911327,19834.849575253585,0.016453531384466685,-0.917605268728707
B00446,salary_advance,9,established,D,0.1789979516298521,2500.0,0.550928626383838,med,1377.321565959595,16166.591846650208,0.007099628558203618,-0.40731464547382223
B00447,personal,10,established,E,0.35,19000.0,0.5078789054122324,med,9649.699202832415,17730.45888837891,0.04535368234395184,-2.3876422084908913
B00448,personal,26,loyal,E,0.35,6500.0,0.6954033169460665,med,4520.121560149432,24584.701245749704,0.015321593413474596,-1.7843466823279228
B00449,personal,13,established,A,0.03659918332305281,11500.0,0.2629289213072782,low,3023.6825950336993,44455.47644740423,0.0056679979548583705,1.7981924099785127
B00450,personal,12,established,A,0.02942236975275881,7500.0,0.4432330868888429,med,3324.2481516663215,16763.435863541847,0.016525292401900045,2.083598244099669
B00451,salary_advance,48,loyal,B,0.07123295651978885,9500.0,0.5269099404081772,med,5005.644433877683,44175.97695361593,0.00944262164466585,0.8427262052239528
B00452,salary_advance,19,loyal,D,0.15320909725727558,8000.0,0.5271738705451292,med,4217.390964361034,29981.2124133201,0.011722316035289611,-0.07382876590651166
B00453,personal,19,loyal,D,0.13576524388175293,12500.0,0.7542118266700094,high,9427.647833375118,29102.02587379538,0.02699596663321455,0.10155107450989304
B00454,personal,13,established,B,0.05181491794190347,14500.0,0.6952137079708343,med,10080.598765577097,47296.32526386342,0.01776141999288181,0.8735742024863639
B00455,personal,11,established,E,0.21997870553326904,7000.0,0.6900327469445422,med,4830.229228611795,42780.91174693587,0.00940884815090801,-0.5143890198220461
B00456,salary_advance,4,new,D,0.12137241940246533,5500.0,0.4637911029426814,med,2550.8510661847477,12425.612668505739,0.017107480158370762,0.2376338670416892
B00457,personal,28,loyal,C,0.11460423008993521,9000.0,0.7246771135159479,high,6522.094021643531,14820.883238375733,0.03667175743815695,0.3872439495187504
B00458,salary_advance,21,loyal,C,0.10460854428242314,8500.0,0.6160258816624603,med,5236.219994130913,23712.697086913322,0.018401604194505226,0.18118732991714204
B00459,salary_advance,14,established,D,0.15477869863811883,19000.0,0.4817646907524406,med,9153.529124296372,32721.41556163905,0.023311769390124613,-0.17619274599187118
B00460,personal,15,established,C,0.09858450868439145,37500.0,0.554379280321729,med,20789.22301206484,56983.47601826804,0.030402414385005412,0.29332087168550824
B00461,personal,24,loyal,E,0.23183923217766433,10500.0,0.6869466002227397,med,7212.9393023387665,27883.40921729979,0.021556843014087685,-0.5768881363874414
B00462,salary_advance,6,new,B,0.06343296473791583,6000.0,0.46802010179965325,med,2808.1206107979197,68667.61462993706,0.0034078663160348826,0.8017293456235162
B00463,personal,11,established,D,0.17675982426854236,2500.0,0.6023651684218128,med,1505.9129210545318,18239.20117360881,0.006880385946002534,-0.47157895964918195
B00464,personal,8,established,D,0.13846297277289074,36000.0,0.5930810257594065,med,21350.916927338632,20016.890880736606,0.08888708480648642,0.12736730464823023
B00465,salary_advance,43,loyal,A,0.023932967548029694,76500.0,0.36621955055192773,med,28015.795617222473,22739.86026780567,0.10266772122931017,2.1339625661685586
B00466,salary_advance,26,loyal,C,0.08063166821709723,5500.0,0.5112499764449294,med,2811.874870447112,17163.2347565222,0.01365260740150091,0.5818079547730476
B00467,salary_advance,4,new,B,0.0797443385800795,15000.0,0.4235337693752099,med,6353.006540628149,50902.76203785677,0.010400559626318131,0.9198043401919923
B00468,personal,7,established,E,0.35,4500.0,0.7293391195244915,high,3282.0260378602115,5864.033747485911,0.046640620023536354,-1.7920328558838285
B00469,personal,15,established,E,0.21553464288707902,4500.0,0.5037748290938288,med,2266.9867309222295,20394.83757460873,0.009262910784118372,-0.4703630136405947
B00470,personal,12,established,D,0.15495843748872068,50500.0,0.5962941115715171,med,30112.852634361614,50590.24267186722,0.049602537044011026,0.027688621076072818
B00471,personal,7,established,A,0.030190628416181132,52000.0,0.34763149106466834,low,18076.837535362753,22657.015893313048,0.06648726977286948,1.923330679206459
B00472,personal,47,loyal,E,0.35,30500.0,0.538826191987619,med,16434.19885562238,48537.2856895465,0.02821576344547875,-1.5599520832598905
B00473,personal,19,loyal,C,0.10382454479650387,5500.0,0.43378895763202396,med,2385.839266976132,90104.580453671,0.002206546414329122,0.30379013810722316
B00474,personal,21,loyal,A,0.03379620871180204,11500.0,0.45575719365262485,med,5241.207727005186,28119.302912295647,0.015532650718477859,1.856688850916263
B00475,personal,11,established,E,0.2293619641408288,28000.0,0.6235366135980636,med,17459.02518074578,51170.26332906919,0.0284328957954693,-0.785020405266872
B00476,personal,24,loyal,C,0.11670117641123733,12500.0,0.5929510806794945,med,7411.888508493682,101775.59687742169,0.006068816048818777,0.18716118957432976
B00477,personal,13,established,D,0.12004616463397633,8500.0,0.3778622504473885,med,3211.8291288028026,33562.00454445119,0.007974864166582819,0.3317389850555395
B00478,salary_advance,14,established,C,0.1113869814133035,9000.0,0.5269891053455635,med,4742.901948110072,26201.32463179034,0.015084803328211188,0.5345085537227803
B00479,personal,23,loyal,A,0.03194832034032915,4500.0,0.40633909836573956,med,1828.525942645828,44194.51319867773,0.0034478751061729398,1.965770475454414
B00480,personal,6,new,D,0.12875011932510508,13500.0,0.6012737871068079,med,8117.196125941907,51602.18081095463,0.013108612850555316,0.44847381007323184
B00481,personal,39,loyal,A,0.03310408074229672,28500.0,0.4626525845491729,med,13185.598659651429,26334.93301574881,0.041724043408319346,1.727772895514219
B00482,personal,18,established,D,0.14558099762127974,2500.0,0.5730875034837887,med,1432.7187587094718,20617.303703450307,0.005790923566425203,-0.3600083573099114
B00483,personal,33,loyal,E,0.19728359549465918,4500.0,0.5129323734950878,med,2308.1956807278953,69186.9420474042,0.002780143685623039,-0.34052541125029656
B00484,personal,9,established,D,0.1513681752606495,7500.0,0.7309409196989383,high,5482.056897742037,23182.710627379285,0.019705981848054506,-0.22572319301963548
B00485,personal,9,established,E,0.2982142004418479,5500.0,0.5023851806402829,med,2763.118493521556,51872.85066782532,0.004438928485627855,-1.1591030933676016
B00486,personal,8,established,B,0.07752538560859465,9000.0,0.5015855802392724,med,4514.270222153451,31087.99467289568,0.012100786465568903,0.48351169621009515
B00487,personal,18,established,D,0.16702151997903486,2500.0,0.5949415669815202,med,1487.3539174538005,73484.57775430068,0.0016866962235564148,-0.3858781127552457
B00488,personal,17,established,E,0.18933859441493472,10000.0,0.5731937055493137,med,5731.937055493137,16865.48900850237,0.02832182458808589,-0.6717888999774754
B00489,personal,12,established,C,0.09203765357908077,5500.0,0.4664618528908945,med,2565.5401908999197,16847.55428377186,0.012689973411408522,0.4986584096210017
B00490,salary_advance,9,established,E,0.23423968809850068,9500.0,0.4283720610657268,med,4069.5345801244043,43043.54346425069,0.007878716629328911,-0.7937157779742886
B00491,salary_advance,8,established,B,0.060714734416976654,10000.0,0.44662377153132443,med,4466.237715313245,14448.030423557175,0.02576036078033601,1.1205022138557945
B00492,salary_advance,16,established,E,0.1816876991590494,7500.0,0.48159345195686276,med,3611.9508896764705,28685.4600345946,0.010492978223463694,-0.12833738849136084
B00493,personal,12,established,B,0.06394229808010891,15500.0,0.6747606186014913,med,10458.789588323114,63046.32660814616,0.013824212224829479,1.159096444094184
B00494,salary_advance,11,established,C,0.1184700800236707,12000.0,0.7634203841118709,high,9161.04460934245,10080.340527920307,0.07573359074501161,-0.04273757822956725
B00495,personal,38,loyal,B,0.07005004216354409,10000.0,0.5149759941335188,med,5149.759941335188,33562.90114084317,0.012786339892879453,1.0319096665579242
B00496,personal,15,established,D,0.12610285379851804,8500.0,0.41926641685136007,med,3563.7645432365607,52389.42118412691,0.005668708908985363,0.17956237377290588
B00497,salary_advance,33,loyal,B,0.04375155694559484,11000.0,0.5727324153203676,med,6300.0565685240435,26522.555057774283,0.019794650737836098,1.4939018737144867
B00498,personal,12,established,D,0.1304642974016537,8000.0,0.4641390599656282,med,3713.112479725026,16156.842825823482,0.019151392590298015,0.10994689214762728
B00499,personal,18,established,E,0.35,4500.0,0.5998502504150256,med,2699.326126867615,23285.021890979653,0.00966045232677128,-1.6633974123432438
B00500,salary_advance,15,established,B,0.04484088831114566,10500.0,0.4420272951592112,med,4641.286599171717,16963.41283259689,0.022800475769892557,1.3587935392421322
B00501,salary_advance,6,new,C,0.11401983441347986,8500.0,0.5043649119853283,med,4287.101751875291,27946.2142940654,0.012783788013777863,0.2623170775420927
B00502,salary_advance,36,loyal,B,0.05064233163777441,7000.0,0.46319311575634603,med,3242.351810294422,23105.176026156747,0.01169417553388558,1.539516077354813
B00503,personal,15,established,B,0.07640007114913222,14000.0,0.403539723291251,med,5649.556126077514,20286.4146644637,0.023207469216554092,0.6902464768688565
B00504,personal,24,loyal,D,0.16284898388331026,4500.0,0.514149595833868,med,2313.673181252406,34765.50947423293,0.00554590170987145,-0.3732964810113417
B00505,salary_advance,10,established,E,0.20929503388806658,30000.0,0.6894061633087954,med,20682.184899263862,64120.12730674898,0.026879475769390426,-0.5647954051752969
B00506,personal,15,established,B,0.0740118100668306,14000.0,0.5312790660869763,med,7437.906925217668,32218.673421441774,0.019238084976179487,0.655355101449004
B00507,salary_advance,10,established,C,0.10927619759199597,3000.0,0.5738926357455459,med,1721.6779072366378,56331.8888810782,0.0025469261156726257,0.046750970589486185
B00508,personal,32,loyal,B,0.04798762063162659,16000.0,0.29538544340767475,low,4726.167094522796,64109.87542143738,0.006143316537239801,1.336429279466497
B00509,personal,19,loyal,D,0.14538869805738122,8500.0,0.64988595602011,med,5524.030626170935,19483.979323562184,0.02362637928677924,0.22179905713697676
B00510,personal,20,loyal,B,0.04672211136859679,47500.0,0.4342926284798527,med,20628.899852793005,31293.703094362187,0.05493357505658881,1.4234097774482883
B00511,salary_advance,34,loyal,B,0.058938040679619066,45500.0,0.6231783533210477,med,28354.615076107668,21296.090616448102,0.1109539131961928,1.1733044842091016
B00512,personal,31,loyal,B,0.06272004051649237,23500.0,0.5473263244505296,med,12862.168624587446,11906.144463992023,0.09002472535285419,0.6879749937141485
B00513,personal,25,loyal,D,0.14724534672778694,8000.0,0.5112238595843738,med,4089.79087667499,32717.601289143953,0.010416897723570856,0.025988801259725636
B00514,personal,7,established,D,0.12094000075911991,37000.0,0.3904288373417447,med,14445.866981644554,15082.911754226841,0.07981365057930674,0.2324276140615166
B00515,personal,11,established,B,0.05148231753330204,15500.0,0.7143797667543226,high,11072.886384692,35114.407719807554,0.026278117501528052,1.1928527149527093
B00516,personal,9,established,D,0.15098334258641202,19500.0,0.6467817787111367,med,12612.244684867166,11433.089917815787,0.09192793881274637,-0.05421545866331975
B00517,salary_advance,24,loyal,B,0.05398868539528285,6500.0,0.5938846644674233,med,3860.2503190382513,29556.121233171885,0.010883956120246238,1.2811744436838555
B00518,personal,18,established,C,0.11937845126156678,35500.0,0.7271610521668087,high,25814.21735192171,11340.059766132254,0.1896978343757453,0.046360076249706055
B00519,salary_advance,7,established,C,0.10399199916924279,13500.0,0.567200969755141,med,7657.213091694403,38973.04847623441,0.016372881155643875,0.47460404274542184
B00520,salary_advance,14,established,A,0.03283643741120139,7500.0,0.6097750202010739,med,4573.312651508054,21669.06528460954,0.017587716988252105,2.0734107569382987
B00521,personal,7,established,B,0.05438939109025692,65000.0,0.46393899261097116,med,30156.034519713125,20549.950082694424,0.12228754164999246,1.2017300310395511
B00522,personal,15,established,C,0.11945173184720645,12000.0,0.6324743854471929,med,7589.692625366315,49989.97019477093,0.012652025656005516,0.07940381519571835
B00523,personal,6,new,C,0.11826924449980039,37000.0,0.4937322848500378,med,18268.0945394514,22542.02012281268,0.06753348649885776,0.2144540879360341
B00524,personal,21,loyal,E,0.19541233052560575,3000.0,0.5353019704521346,med,1605.9059113564037,28594.47885489206,0.00468011651102843,-0.3018705035509689
B00525,personal,20,loyal,C,0.10184212761004222,8500.0,0.5635708540739117,med,4790.35225962825,24119.1421953163,0.01655100411129909,0.22702845373504685
B00526,salary_advance,46,loyal,B,0.06826162067056404,15000.0,0.393711288993363,med,5905.6693349004445,35563.16999563335,0.013838448915046982,1.059397787548615
B00527,salary_advance,26,loyal,A,0.03689012080385396,4000.0,0.5275028893572522,med,2110.011557429009,47744.526317526346,0.0036828158118697497,1.6006135895691278
B00528,salary_advance,13,established,B,0.06308980185574335,15500.0,0.4854737096650251,med,7524.842499807889,42599.57268293848,0.01472010559787778,1.099220896910919
B00529,personal,25,loyal,E,0.2172474666243867,10000.0,0.40612408447690346,med,4061.2408447690345,20812.983688553264,0.016260846696873155,-0.7092590559045103
B00530,salary_advance,7,established,B,0.046842561737246984,6500.0,0.4604103259495712,med,2992.667118672213,52311.72606851538,0.00476736183832627,1.3269827306786315
B00531,salary_advance,9,established,D,0.14263459368992126,13000.0,0.523510516775043,med,6805.636718075559,16252.576845337597,0.034895167613722654,0.2612263206224471
B00532,personal,19,loyal,E,0.18058037640636004,4500.0,0.6724910626860042,med,3026.209782087019,17883.520899212137,0.014101482025184514,-0.5869913556775379
B00533,salary_advance,5,new,B,0.05400696942092986,26500.0,0.5350984174552291,med,14180.108062563571,25077.08087185245,0.0471217394847045,1.3363847374319215
B00534,personal,16,established,B,0.058190085026210855,27500.0,0.643042052033973,med,17683.656430934258,47845.87798779862,0.030799686365604716,1.463278996737953
B00535,personal,9,established,D,0.12771035903207817,8500.0,0.6064315770943228,med,5154.668405301744,14135.105294527808,0.030389281967931857,0.2637469823406603
B00536,personal,17,established,B,0.06900087739456255,9500.0,0.4766662040279557,med,4528.3289382655785,43928.39844271632,0.008590359727035172,0.7087936019052349
B00537,personal,9,established,B,0.0663245422533153,9500.0,0.523657608323807,med,4974.747279076167,26105.181482733336,0.015880459345994198,0.767449208744432
B00538,personal,20,loyal,A,0.031094078000717902,11500.0,0.45188980449262023,med,5196.732751665133,21193.43116688022,0.020433740022027302,1.7957721528122512
B00539,salary_advance,16,established,B,0.06340714832092088,25500.0,0.5659098203531907,med,14430.700419006364,49207.11478572232,0.024438709188441553,1.078068525431725
B00540,salary_advance,35,loyal,E,0.21838997944384803,4500.0,0.6034299083066055,med,2715.4345873797247,17301.19830412765,0.013079222123070552,-0.5776882774385688
B00541,personal,16,established,A,0.02414843135561591,12000.0,0.41561010865842546,med,4987.321303901105,94572.48765428609,0.004394619608376027,2.0098077489711277
B00542,salary_advance,10,established,B,0.041717497593944226,7000.0,0.5029875653950242,med,3520.9129577651693,24412.413118918685,0.012018861540554399,1.4156568894800428
B00543,salary_advance,14,established,D,0.14354824607526845,11500.0,0.6177892023537249,med,7104.575827067836,29214.28080387278,0.02026570462451712,-0.15952420527276467
B00544,personal,7,established,E,0.27849670646805236,15000.0,0.5227651243689216,med,7841.476865533825,62855.75385560442,0.010396127090644827,-1.0296250723574096
B00545,personal,20,loyal,C,0.09352055549663013,6000.0,0.5591817185333645,med,3355.090311200187,29636.480275501854,0.009434010269357054,0.9048134304040838
B00546,personal,22,loyal,C,0.11471518364402446,5000.0,0.40314530395349485,med,2015.7265197674742,51734.38275807941,0.0032469162871067536,0.12173996163242079
B00547,personal,60,loyal,B,0.07129004869347604,3500.0,0.6383879592194519,med,2234.3578572680817,9189.004111078444,0.020262967113181648,0.7299953539989592
B00548,salary_advance,11,established,B,0.05218487035611155,6500.0,0.5678178979808998,med,3690.8163368758483,21090.366008171037,0.014583342363704184,1.0934068412782634
B00549,personal,14,established,E,0.22737508109622157,7000.0,0.7408453743229555,high,5185.917620260689,33463.26597555817,0.012914453777585357,-0.5664418879967954
B00550,personal,11,established,E,0.29785995633428053,14500.0,0.5174198470574392,med,7502.587782332867,48765.60919016885,0.012820831297105635,-1.1161079926843374
B00551,personal,18,established,C,0.09428695530871334,9000.0,0.6553525668011193,med,5898.173101210074,41082.318743919124,0.011964135426839603,0.38581846787197815
B00552,personal,20,loyal,D,0.14918092645936756,3000.0,0.6612591964122199,med,1983.7775892366597,39019.533525945546,0.004236719001090338,-0.1333878552769735
B00553,salary_advance,15,established,C,0.08783122460049417,13500.0,0.5241333392259563,med,7075.8000795504095,48222.539407278906,0.012227684685974804,0.4960957857323981
B00554,personal,29,loyal,E,0.2781234950969467,15500.0,0.5817358655437986,med,9016.905915928879,34935.57078624092,0.02150841704934567,-0.9433264369622646
B00555,personal,11,established,E,0.23451533659000456,7500.0,0.48026691844932573,med,3602.001888369943,8277.106959231754,0.03626470281334733,-0.2521827244746376
B00556,personal,28,loyal,B,0.0650656564604228,6500.0,0.3838984274925021,med,2495.3397787012636,59469.079779156484,0.003496690756451254,1.1149518910399967
B00557,personal,22,loyal,B,0.06482811834245084,15000.0,0.4454753008933544,med,6682.129513400316,16971.38976919769,0.03281075584789998,1.0059325076467969
B00558,personal,16,established,E,0.22624408186381353,2500.0,0.4822738020288424,med,1205.684505072106,31968.098225091933,0.003142936687961828,-0.7883579708732686
B00559,personal,13,established,E,0.2672763849171821,14000.0,0.7589930485317169,high,10625.902679444036,29719.320008540235,0.02979515983875849,-1.1682643693180517
B00560,personal,60,loyal,C,0.11472649241264934,22000.0,0.39991433062963044,med,8798.11527385187,27612.67514001713,0.026552163783596896,0.4157636897517922
B00561,personal,10,established,C,0.10202038230935333,23000.0,0.5563627937549409,med,12796.344256363642,14642.413399009783,0.0728269303908433,0.5610327970194089
B00562,salary_advance,19,loyal,B,0.05458762399845063,4000.0,0.5568282845645208,med,2227.313138258083,9262.402144858297,0.020039016368038853,1.1551751401925512
B00563,salary_advance,10,established,E,0.18540264407634757,3000.0,0.613020104794305,med,1839.060314382915,15501.492698073273,0.009886468947446898,-0.16215984436130992
B00564,salary_advance,43,loyal,B,0.06371590488086142,25000.0,0.5628654895297172,med,14071.637238242929,42379.97070110974,0.027669590542910353,1.0478244424866032
B00565,salary_advance,26,loyal,A,0.026641351457114357,12500.0,0.5631675519643833,med,7039.594399554791,12141.176556260936,0.04831762917796071,2.252355471275995
B00566,salary_advance,11,established,C,0.09731298676949028,9000.0,0.4967540269304901,med,4470.786242374411,16578.226661670415,0.022473182916436737,0.5551446873090276
B00567,personal,21,loyal,E,0.31466598173481347,5500.0,0.6404517580896583,med,3522.4846694931202,33857.833161478564,0.008669792532925573,-1.2331479358186201
B00568,personal,18,established,C,0.10755591796339525,3000.0,0.5264436294854351,med,1579.3308884563053,15289.420977129643,0.008607971980641135,0.2032003381006422
B00569,personal,12,established,A,0.027674104418441182,18000.0,0.6054566013885915,med,10898.218824994647,19956.76565971299,0.0455076196999323,2.043956971212609
B00570,personal,24,loyal,E,0.28507808361899434,27000.0,0.7884477344732139,high,21288.088830776775,28141.533761005634,0.06303876034727317,-0.8873908131155955
B00571,salary_advance,20,loyal,B,0.07316989361294615,14500.0,0.41145656791582486,med,5966.120234779461,31427.9689562501,0.01581956145253058,0.7797246618290221
B00572,personal,18,established,D,0.1762950080252853,7500.0,0.3798128824717591,med,2848.596618538193,15123.811911407689,0.01569598014940893,-0.2263354330321344
B00573,salary_advance,16,established,C,0.08775090579193637,55500.0,0.5998033107338789,med,33289.083745730284,29071.645715756727,0.09542254123716991,0.445882959275064
B00574,salary_advance,20,loyal,B,0.0768734634320885,15000.0,0.6283040589781145,med,9424.560884671717,33502.324855440136,0.023442554423058565,0.9442521531537718
B00575,personal,18,established,B,0.0616855751164967,4000.0,0.6990205003473127,med,2796.0820013892508,13356.249902698546,0.017445528134512268,1.1399719860629245
B00576,salary_advance,16,established,C,0.08707511979066457,13500.0,0.6162061973601709,med,8318.783664362307,30277.605833233323,0.02289586487942473,0.4347832864008106
B00577,personal,11,established,B,0.051209021500861644,4000.0,0.6438991095141482,med,2575.596438056593,18140.08162966312,0.011831977434640796,1.277259557212047
B00578,salary_advance,41,loyal,C,0.0999503331004652,6000.0,0.6940554135726325,med,4164.332481435795,28800.65328510444,0.012049299831882538,0.6323443412135175
B00579,personal,9,established,D,0.15561301856342521,11000.0,0.7142749799108727,high,7857.0247790196,40042.371167927326,0.016351480839444786,-0.3501367739746331
B00580,personal,20,loyal,D,0.15035275807547596,4500.0,0.6610592211308388,med,2974.7664950887747,24417.55301872352,0.010152418128629662,-0.26918298303860577
B00581,personal,13,established,E,0.35,1500.0,0.5336190061393389,med,800.4285092090083,44461.48015451519,0.0015002284120008886,-1.8170870291201529
B00582,personal,43,loyal,C,0.11360707091033995,14000.0,0.5379497694918701,med,7531.296772886181,41562.25452985601,0.01510043359068366,0.6757814119258398
B00583,personal,10,established,A,0.02541215742401179,7500.0,0.5061550598273208,med,3796.162948704906,44325.107330915,0.007136968897341757,2.0540002884718427
B00584,salary_advance,10,established,C,0.08220868725594685,9500.0,0.5199756542391198,med,4939.768715271639,33580.82393861552,0.01225840657429309,0.8082354772858612
B00585,salary_advance,9,established,B,0.06647046176776208,6500.0,0.5156151065745571,med,3351.498192734621,49287.303419947995,0.005666601673894399,1.0367473541616796
B00586,personal,19,loyal,D,0.13269339825684068,12000.0,0.7099605842760057,high,8519.52701131207,33249.74633198399,0.021352360922918444,-0.01303132501445503
B00587,personal,7,established,D,0.17248076700348342,33000.0,0.5050392590454849,med,16666.295548501,10753.717615943946,0.1291514257651605,-0.2443333912736707
B00588,personal,12,established,B,0.06273065426782345,3500.0,0.5994778724613999,med,2098.1725536148997,17402.360532387363,0.010047356074242588,0.9846414883332621
B00589,personal,5,new,A,0.036842662059435524,28500.0,0.5240299569452987,med,14934.853772941015,23952.036088746645,0.05196097497238742,1.6586936402898202
B00590,salary_advance,18,established,A,0.026302247938621365,7500.0,0.399978660832778,med,2999.839956245835,25643.036258436056,0.009748715421257713,1.8379479357968198
B00591,personal,12,established,B,0.07669498133535889,6000.0,0.42236317242691895,med,2534.1790345615136,32753.212163606197,0.00644766031369938,0.805244629728022
B00592,personal,7,established,D,0.15511759222362062,8000.0,0.3993342542530493,med,3194.6740340243946,17260.50924697637,0.015423811218972896,0.03515057939050897
B00593,personal,29,loyal,C,0.09032712853638637,6000.0,0.5861171057532094,med,3516.7026345192567,81209.6845993035,0.003608665078833691,0.6097189142673235
B00594,personal,8,established,E,0.269739899276717,2500.0,0.6041047902277079,med,1510.2619755692697,25429.060922297984,0.0049492651346953135,-0.7535073194282543
B00595,personal,25,loyal,E,0.30533747961750546,9000.0,0.5447754545375579,med,4902.979090838021,26789.671814585407,0.015251459358330761,-1.048167521302657
B00596,salary_advance,11,established,E,0.24073527870090278,16000.0,0.4222473254527238,med,6755.957207243581,18603.183315946124,0.030263446012187625,-0.776798357759941
B00597,salary_advance,39,loyal,B,0.070829355855405,60000.0,0.5716359778981741,med,34298.158673890444,15492.987511171214,0.18448216571723053,0.7998000345219375
B00598,salary_advance,24,loyal,C,0.09429836024409152,39000.0,0.5272123594983881,med,20561.282020437135,25097.744391144548,0.06827068367842366,0.4580077385733228
B00599,salary_advance,9,established,E,0.2555835763928541,6000.0,0.5523649415773942,med,3314.1896494643656,27313.951601433466,0.010111406610759419,-1.1194417047196845
B00600,personal,9,established,D,0.14083923914330848,5000.0,0.4726279323850592,med,2363.139661925296,25647.535059276524,0.007678254643391698,-0.037323379049736136
B00601,salary_advance,22,loyal,C,0.10480553295522266,3500.0,0.5230429778456814,med,1830.650422459885,66858.63665134885,0.0022817426365899338,0.43156967553405506
B00602,salary_advance,14,established,E,0.3008475183140484,6500.0,0.6596757713155875,med,4287.892513551319,25097.659072889062,0.014237358754915302,-0.8228488552840804
B00603,salary_advance,14,established,D,0.1539956960796663,20000.0,0.5369404437556796,med,10738.808875113593,25661.28972683916,0.034873568285884796,-0.020179010620070548
B00604,salary_advance,33,loyal,C,0.09158631231269171,5500.0,0.42703114172824524,med,2348.671279505349,42125.66749731216,0.004646160363819371,0.4290469992836558
B00605,salary_advance,10,established,D,0.14316302312241969,4500.0,0.5715865302067554,med,2572.1393859303994,24487.395483560565,0.00875327672032055,-0.2666371399244667
B00606,salary_advance,17,established,B,0.051360841313185766,10500.0,0.6112094382268262,med,6417.699101381675,36193.56023043648,0.014776337421449166,1.2766701647759398
B00607,personal,27,loyal,E,0.35,22000.0,0.6494317341538355,med,14287.498151384381,13313.387593391108,0.08943064547596705,-1.502901562093312
B00608,salary_advance,25,loyal,E,0.31374616618140605,5500.0,0.6386737218041036,med,3512.70546992257,13371.361714252329,0.0218919704726011,-1.2357989907109714
B00609,personal,15,established,D,0.15167866103988126,12000.0,0.5362062369198217,med,6434.47484303786,28771.258827385354,0.018636870918190215,0.0032857844490918387
B00610,personal,14,established,D,0.12910707597649582,8000.0,0.4735918307939139,med,3788.7346463513113,23685.31057343738,0.013330113878685018,0.09612718939230591
B00611,salary_advance,6,new,C,0.08838360443765957,9500.0,0.4407547681875456,med,4187.170297781683,17240.841779456416,0.020238620747871337,0.7542151360189733
B00612,salary_advance,9,established,D,0.13250823536480077,7500.0,0.4085068347828341,med,3063.801260871256,28767.986089018093,0.008875031117897269,-0.1889735082790941
B00613,salary_advance,19,loyal,E,0.1951892670005365,11500.0,0.688962538504241,med,7923.069192798772,30182.122316356537,0.02187572362029536,-0.16792380509233173
B00614,personal,15,established,D,0.12339630834604906,12000.0,0.6101106241323674,med,7321.327489588409,18206.914482863143,0.03350983082315351,-0.007316132694947453
B00615,salary_advance,17,established,D,0.16754896931114968,8000.0,0.58188247490319,med,4655.05979922552,20224.748294382,0.019180542782983177,-0.09157813534799619
B00616,salary_advance,29,loyal,A,0.021951188527903072,8000.0,0.4960120821347761,med,3968.096657078209,30307.15499874536,0.01091078068650367,2.301071404655694
B00617,personal,8,established,D,0.17627651564214467,4500.0,0.6159951964551448,med,2771.9783840481514,15342.880767386594,0.015055725334299526,-0.3242272499251918
B00618,personal,14,established,D,0.14295532144243112,3000.0,0.49640929107370496,med,1489.2278732211148,19298.485936063516,0.00643067664373159,-0.053185151717077925
B00619,personal,18,established,A,0.020517127404450282,5000.0,0.4277201266113816,med,2138.600633056908,36086.146864509836,0.004938646403301162,2.4754181395979424
B00620,salary_advance,11,established,D,0.13431595202669736,5000.0,0.5135438207592414,med,2567.719103796207,26552.79206074556,0.008058534541056815,0.1552397732693131
B00621,personal,36,loyal,B,0.07914805118395392,15000.0,0.7503950068086688,high,11255.925102130032,20692.74502268227,0.04532959534767658,0.9561568651990907
B00622,salary_advance,27,loyal,B,0.05865313348145341,27000.0,0.60538666152697,med,16345.43986122819,16371.738654991645,0.08319947057183082,1.396309433386353
B00623,personal,19,loyal,B,0.06227374464108599,15500.0,0.5321006712126984,med,8247.560403796826,15409.411783958498,0.044602396895635665,1.1314016437182146
B00624,salary_advance,44,loyal,C,0.08117315940518667,15000.0,0.6527291404087341,med,9790.937106131012,25022.594737818265,0.032606987167393076,1.0394872654112524
B00625,personal,7,established,D,0.12446410449952014,52500.0,0.6745926468791426,med,35416.11396115498,81977.23680587733,0.03600197987991531,0.19384079441050964
B00626,salary_advance,16,established,C,0.11699826167785611,55500.0,0.4106544116847179,med,22791.319848501844,36723.88549697754,0.0517177479544787,0.4503342898371161
B00627,personal,20,loyal,D,0.16993369773924422,5000.0,0.5553286478049161,med,2776.6432390245805,12925.077124109084,0.017902170668968525,-0.1759939022337732
B00628,personal,9,established,C,0.10348654684779993,5500.0,0.5489392365605218,med,3019.16580108287,39694.538663826715,0.006338331633502959,0.32551880283926843
B00629,salary_advance,19,loyal,A,0.015755825539253,8000.0,0.5089221070257601,med,4071.376856206081,17722.891103154172,0.019143682749563226,2.778645837424592
B00630,salary_advance,8,established,B,0.04516984143422835,48500.0,0.4747428997309566,med,23025.030636951396,26831.408597129448,0.07151143579113325,1.5606819089635575
B00631,salary_advance,24,loyal,B,0.06293441992169602,4000.0,0.508490948786423,med,2033.9637951456918,19460.200668544538,0.008709929862274366,1.0539180222246367
B00632,personal,29,loyal,B,0.05702624498412573,10500.0,0.4639623789259958,med,4871.604978722956,81839.48821149323,0.004960528107301065,1.25582979810599
B00633,personal,19,loyal,E,0.21901836780700842,7000.0,0.6898588800030391,med,4829.012160021273,14418.1145311683,0.027910562031661493,-0.4691759087306522
B00634,personal,5,new,E,0.216773203956515,10000.0,0.4557727045047514,med,4557.7270450475135,31967.87402798571,0.011881008626184972,-0.6105121541997187
B00635,personal,9,established,B,0.045336108607986765,15000.0,0.4774025717933749,med,7161.038576900623,18454.654750738217,0.03233618958479012,0.9478498441840553
B00636,salary_advance,22,loyal,A,0.03077328551750968,31000.0,0.2978287142881315,low,9232.690142932077,40390.72440517154,0.01904870131880647,2.2371671934581916
B00637,salary_advance,16,established,E,0.18438710523963028,7000.0,0.48587068808323497,med,3401.094816582645,31615.399317102867,0.008964763190425072,-0.420866172095378
B00638,salary_advance,3,new,E,0.18057717524217717,17500.0,0.6200352440115976,med,10850.616770202958,53637.51212657292,0.01685794192038253,-0.48358830942315717
B00639,salary_advance,32,loyal,A,0.015,5000.0,0.4755832734496553,med,2377.9163672482764,39933.25790194701,0.004962272243282914,2.9313757938785363
B00640,salary_advance,17,established,C,0.09710714392280129,22000.0,0.5140807028446049,med,11309.775462581309,18371.50996418807,0.05130124254270002,0.4462612497689724
B00641,salary_advance,10,established,A,0.023390204652609613,18500.0,0.5830447075093012,med,10786.327088922071,133774.5792065672,0.0067192182257253515,2.173361972700379
B00642,personal,28,loyal,C,0.08118307221495354,6000.0,0.6662293929763987,med,3997.376357858392,36515.21761010682,0.009122626627754194,0.6068573172757925
B00643,personal,11,established,C,0.10797714400182402,53000.0,0.547201673978095,med,29001.688720839036,19873.37009069444,0.12161034501817614,0.2461802823254352
B00644,salary_advance,11,established,D,0.14699443759599257,35500.0,0.5907324223253869,med,20971.000992551235,30123.08848698091,0.058014748945853796,0.04450911234010252
B00645,salary_advance,20,loyal,B,0.050492560627882585,28500.0,0.4477774554200662,med,12761.657479471887,38061.497837877905,0.02794087245731868,1.6925551415102285
B00646,personal,43,loyal,B,0.04027077459629642,50500.0,0.5516213670428812,med,27856.8790356655,37273.46518805232,0.062280407109816145,1.7577775503039996
B00647,personal,40,loyal,E,0.25126849550504776,6500.0,0.4858189018943771,med,3157.822862313451,35341.5800095203,0.00744595756957951,-0.635002230140867
B00648,salary_advance,20,loyal,C,0.10024290558692575,5500.0,0.712759243461394,high,3920.1758390376667,45778.28745488834,0.007136162973368755,0.39754944777956325
B00649,personal,21,loyal,B,0.05204901429324831,6500.0,0.6188705008428953,med,4022.6582554788192,43368.734414730694,0.007729566606307047,1.3150785243742205
B00650,personal,25,loyal,D,0.12282873224282649,21500.0,0.43567743264558956,med,9367.064801880175,16879.220844275827,0.04624554300767574,0.2704513622156721
B00651,salary_advance,8,established,D,0.14466703482315993,19500.0,0.49455870169405547,med,9643.894683034081,85770.44456588975,0.009369869706521828,-0.14338546853321021
B00652,salary_advance,23,loyal,A,0.03358641088756139,72000.0,0.5303031625597043,med,38181.82770429871,79450.40739583665,0.04004786230366088,1.7595421538694018
B00653,personal,10,established,B,0.0685134017682835,25500.0,0.4833657106890955,med,12325.825622571936,41794.94559333863,0.024575989288476017,1.103453204712511
B00654,salary_advance,19,loyal,D,0.13104389031209734,13000.0,0.6078558059000547,med,7902.125476700711,27481.90850600944,0.023961598454769986,0.3003579093278614
B00655,personal,14,established,D,0.12234592847528393,5500.0,0.5213768225411479,med,2867.5725239763137,27742.955622052097,0.008613515454282747,0.2123665279879456
B00656,salary_advance,21,loyal,D,0.16944440343754205,4500.0,0.7238056483615863,high,3257.1254176271386,22514.83226674036,0.01205548035712244,-0.458474795904233
B00657,personal,17,established,E,0.25290469857733294,6000.0,0.6139857143100457,med,3683.914285860274,24175.34705757478,0.012698591520688583,-0.895480910478699
B00658,personal,3,new,D,0.13892586991328476,11500.0,0.7810097118699523,high,8981.611686504451,8080.981135514431,0.0926208869926276,-0.22583476786662002
B00659,personal,18,established,D,0.13998489754596885,5000.0,0.6239508038169562,med,3119.7540190847812,62420.24239464162,0.0041649870557490185,0.03140678757984353
B00660,personal,23,loyal,E,0.2175766337879646,30000.0,0.4635791201377643,med,13907.373604132928,51410.592135888415,0.022542977083031473,-0.5668760917306345
B00661,salary_advance,21,loyal,D,0.13359626214743672,12000.0,0.7495648537161004,high,8994.778244593204,10698.108874859356,0.0700651734324357,0.03402607527442458
B00662,personal,15,established,E,0.29766211558015654,3500.0,0.7207247191859704,high,2522.536517150896,43892.26348742972,0.004789258054313914,-1.0650443699555594
B00663,personal,40,loyal,B,0.07840156575152378,24500.0,0.5653738246673713,med,13851.658704350597,26789.276763515732,0.04308831859176065,0.8550598569132106
B00664,personal,19,loyal,E,0.35,7500.0,0.7044957879838186,high,5283.718409878639,24113.439589896796,0.018259936159185287,-1.5676391966918999
B00665,salary_advance,20,loyal,D,0.14705493752599552,11000.0,0.45937608157992466,med,5053.136897379171,35279.69375644722,0.011935895599187592,-0.26157722956019613
B00666,salary_advance,29,loyal,E,0.29069946956207465,6000.0,0.44782574597279273,med,2686.9544758367565,10316.161744422297,0.021705056447710383,-1.112941547832321
B00667,salary_advance,20,loyal,B,0.061100346757213236,10500.0,0.5096231114973468,med,5351.042670722142,26737.248572588946,0.01667786501477704,1.1690206038579807
B00668,personal,10,established,E,0.35,1500.0,0.767976089112285,high,1151.9641336684274,28105.333659001768,0.0034156154238819737,-1.8027335500547015
B00669,personal,4,new,D,0.17217951779747165,7500.0,0.6206042904426367,med,4654.532178319775,28120.297640155975,0.013793512660860173,-0.3182708014644597
B00670,personal,12,established,B,0.0426570395527201,17000.0,0.6590511125459749,med,11203.868913281574,12681.263027722676,0.07362482275877312,1.6395240157474233
B00671,personal,24,loyal,A,0.03134978697987971,76000.0,0.6066251568367947,med,46103.5119195964,34399.72263547058,0.11168576465995905,2.073433981270902
B00672,salary_advance,13,established,E,0.35,22500.0,0.6460290486048121,med,14535.653593608273,48189.58740861313,0.025136228203471216,-1.4559075691788212
B00673,salary_advance,25,loyal,B,0.07454469226710977,4000.0,0.6349504054644759,med,2539.8016218579037,33658.88376885404,0.006288091328526883,1.0484096016309556
B00674,personal,17,established,E,0.31452503040119545,37500.0,0.7529943221768344,high,28237.28708163129,23716.982906857196,0.09921612989493124,-0.9889712963804547
B00675,personal,33,loyal,E,0.28520722391051073,4000.0,0.6057545602062206,med,2423.0182408248825,118062.84325089878,0.0017102602408643054,-0.793136035710258
B00676,salary_advance,13,established,D,0.1264978019935327,3000.0,0.5355049345711623,med,1606.514803713487,16179.234337024136,0.008274571642517823,0.23653004560992597
B00677,personal,21,loyal,B,0.05572298270277712,17000.0,0.5099481901577136,med,8669.119232681132,41167.24583950465,0.01754857746714203,1.6282911569331255
B00678,personal,21,loyal,B,0.0605399106219055,43500.0,0.2922581323359046,low,12713.22875661185,30754.774766025905,0.0344478455061875,0.9996588742203582
B00679,personal,37,loyal,E,0.22907907221069834,32000.0,0.6163261478797886,med,19722.436732153234,81370.82905302115,0.020198103097550796,-0.31514092848288067
B00680,personal,6,new,C,0.09245392075326356,23500.0,0.6055505511849236,med,14230.437952845705,33280.01676706544,0.0356330899020871,0.7050339974100025
B00681,personal,12,established,E,0.35,3000.0,0.68338258113192,med,2050.14774339576,37445.25897290511,0.004562544096880238,-2.2437083318816793
B00682,personal,26,loyal,D,0.1753750671908873,4500.0,0.6173934134015803,med,2778.2703603071113,35530.413956943856,0.006516178795613081,-0.35294579843324037
B00683,personal,38,loyal,E,0.21198176367567423,2500.0,0.5871471081929971,med,1467.8677704824927,15031.790576160118,0.008137574401872868,-0.4238915447012507
B00684,salary_advance,18,established,D,0.12455047264863524,9000.0,0.3541648910196453,med,3187.484019176808,16682.503434370054,0.015922290638794894,0.42832069173893117
B00685,personal,13,established,D,0.1429869195138217,7500.0,0.7245122603452673,high,5433.841952589504,23118.366515652237,0.019587031047769363,-0.20282796365999967
B00686,personal,24,loyal,C,0.11463482836298511,3000.0,0.5178440533823686,med,1553.5321601471057,45549.756168107175,0.0028421889431811623,0.25852890638011516
B00687,salary_advance,26,loyal,B,0.06848635546959667,9000.0,0.4752310549625282,med,4277.079494662754,30583.11096368842,0.011654252297782278,0.5752804698938614
B00688,salary_advance,13,established,C,0.10495934084324858,8500.0,0.6769546778903431,med,5754.114762067917,24011.683714790262,0.019969843397957994,0.37240724098908695
B00689,personal,19,loyal,B,0.06171582092363138,15000.0,0.6180591598287024,med,9270.887397430537,57222.92539059217,0.013501126419392993,0.9401309669582237
B00690,personal,31,loyal,C,0.09115638212108455,9000.0,0.5676832038559209,med,5109.148834703287,9042.252851299772,0.04708587670502266,0.5493310261023828
B00691,salary_advance,46,loyal,D,0.14713453383025568,5500.0,0.6251505281153771,med,3438.3279046345738,13191.11701210901,0.021721232942076993,0.4656481833954416
B00692,personal,24,loyal,C,0.09763214085201409,14500.0,0.4174034881533776,med,6052.3505782239745,6814.923458334486,0.0740085418814951,0.8017482798047821
B00693,personal,16,established,B,0.0619124412070844,14500.0,0.5186613126777674,med,7520.589033827627,52290.54123140592,0.011985260394332288,0.8261235436527639
B00694,salary_advance,15,established,D,0.17631481985797073,4500.0,0.6978277205916065,med,3140.224742662229,25509.357394585986,0.010258407970613621,-0.20602589072262933
B00695,personal,22,loyal,D,0.12242454965819508,3500.0,0.48482115466211256,med,1696.874041317394,45773.49442725697,0.0030892587922144526,0.34059726932732426
B00696,salary_advance,15,established,B,0.04165425300122298,48000.0,0.40004150347463746,med,19201.9921667826,25334.13353051069,0.06316245282166133,1.5119065630465864
B00697,personal,18,established,E,0.30239745683465086,8500.0,0.6336840818360491,med,5386.314695606417,47228.415686761386,0.009504014721650326,-1.1027606772673566
B00698,salary_advance,9,established,A,0.026854517460644437,7500.0,0.48276801082152104,med,3620.760081161408,25091.545258985047,0.012025166391671473,2.154702196255944
B00699,personal,33,loyal,E,0.23081588973781422,6000.0,0.671573419097572,med,4029.4405145854316,33706.67890526501,0.009962022971546323,-0.9391549747395754
B00700,personal,8,established,D,0.1596090941265572,11000.0,0.4453067874372281,med,4898.374661809509,31099.045921957684,0.013125736702935797,-0.3453646112047366
B00701,personal,12,established,E,0.27557987467451894,4000.0,0.36831966031124996,med,1473.2786412449998,32394.34046247126,0.00378995893575862,-0.950189996876012
B00702,personal,17,established,A,0.025460729564216897,7500.0,0.5629231514887149,med,4221.923636165361,67955.30380878726,0.0051773290672118555,2.187926996869377
B00703,salary_advance,49,loyal,C,0.10755746301800398,37000.0,0.4461072817613524,med,16505.96942517004,11010.080241182362,0.12493073819322044,0.24664997115284815
B00704,personal,13,established,E,0.1834057481989314,7000.0,0.5306696736661549,med,3714.6877156630844,25910.12645960437,0.011947348467064065,-0.5008411565285328
B00705,personal,11,established,E,0.18267466203356103,4500.0,0.3713698663106227,med,1671.1643983978022,29998.209268056147,0.004642400438708175,-0.37074873993991914
B00706,salary_advance,12,established,C,0.11447342746502492,22000.0,0.6455559471222104,med,14202.23083668863,27627.249288585142,0.042838837266354936,0.44560280789395024
B00707,salary_advance,40,loyal,C,0.10249567345022621,9000.0,0.5813090276863075,med,5231.781249176768,21615.4394718698,0.020169923971803335,0.42155822109548896
B00708,personal,3,new,E,0.2411954577262704,10500.0,0.6264714044277311,med,6577.9497464911765,20048.42835893596,0.027341917733413674,-0.4828868046223994
B00709,personal,9,established,E,0.35,3000.0,0.7360937431498448,high,2208.2812294495343,62411.701478808456,0.0029485406009952366,-3.5292099530237375
B00710,salary_advance,60,loyal,B,0.0789194782974786,3500.0,0.33055430361993154,low,1156.9400626697604,25876.83384510278,0.0037257908933628183,0.8071598360018273
B00711,salary_advance,22,loyal,B,0.07545397659772043,6000.0,0.4325363316086132,med,2595.217989651679,102833.9256534027,0.00210308188110244,0.7678066214866448
B00712,salary_advance,8,established,B,0.0525460037181295,67500.0,0.45941370448548424,med,31010.425052770188,35973.98230864768,0.07183530768317635,1.3885687974123937
B00713,salary_advance,16,established,A,0.03464173948421104,17000.0,0.4179887203692601,med,7105.808246277422,22941.194015404722,0.02581167688099248,1.6590609482794019
B00714,salary_advance,17,established,D,0.1612659934832682,21000.0,0.5368541861134928,med,11273.937908383348,36460.084369372344,0.025767763348562588,0.16229193860820246
B00715,personal,26,loyal,B,0.04363055498331441,4000.0,0.5344107166429238,med,2137.6428665716953,28564.303239082798,0.0062363469557313546,1.2162290816739554
B00716,personal,45,loyal,E,0.27962056629454546,10000.0,0.7000678395451374,high,7000.678395451374,56280.286217639434,0.010365794232666281,-0.7015687804448064
B00717,personal,20,loyal,B,0.058483747183079665,10500.0,0.3686666673729716,med,3871.0000074162017,14154.002486851,0.02279096207952687,1.1673423426961045
B00718,salary_advance,12,established,D,0.17828182723625827,11500.0,0.579075194132352,med,6659.364732522048,9990.078296725838,0.0555498209884284,-0.22247579913457693
B00719,salary_advance,25,loyal,E,0.22612395030900545,7000.0,0.659907956196264,med,4619.355693373847,32811.67104964129,0.011731993387315223,-0.43469746813005483
B00720,personal,11,established,E,0.1804058269958376,11500.0,0.48710484697835305,med,5601.70574025106,42600.98882887605,0.010957698976488859,-0.1855886782040505
B00721,personal,9,established,B,0.043111148468353365,4000.0,0.48359379115924994,med,1934.3751646369997,31484.416788817158,0.005119927469759324,1.4004724471977792
B00722,personal,6,new,D,0.13425594825287013,3000.0,0.6050610078888696,med,1815.183023666609,38943.27380420675,0.0038842459093892962,0.1810055367308467
B00723,salary_advance,6,new,B,0.04354687529697336,29000.0,0.48732365681334877,med,14132.386047587115,35917.87187775774,0.03278865856270901,1.84648814767838
B00724,personal,10,established,E,0.21472582373019836,4000.0,0.6658227433294841,med,2663.2909733179363,11917.699089336425,0.018622798979859037,-0.7487327138158041
B00725,personal,8,established,C,0.08526197305888682,4000.0,0.5307941208864205,med,2123.176483545682,31403.726308280467,0.005634088512042406,1.04785110454799
B00726,personal,19,loyal,D,0.17831454070440622,33000.0,0.550387446833161,med,18162.78574549431,55505.054350386024,0.02726896670051934,-0.25216003723694536
B00727,personal,8,established,C,0.11339587735066765,5500.0,0.43876265727917024,med,2413.1946150354365,29568.705226049875,0.006801094255415195,0.22532867148920316
B00728,personal,2,new,D,0.1393530405017082,7500.0,0.5959315503235006,med,4469.486627426255,13088.941505168907,0.028455870079723573,-0.133317171340585
B00729,personal,9,established,C,0.08349651043348844,23500.0,0.5455021605753815,med,12819.300773521465,22390.198722320027,0.0477117276942788,0.6614917339241726
B00730,personal,12,established,C,0.09059254809685086,13000.0,0.45277923909397527,med,5886.130108221679,36541.950243374675,0.013423225610153083,0.25074061991132746
B00731,personal,11,established,E,0.2254856245028857,2500.0,0.6584608658498831,med,1646.1521646247077,72228.98188877967,0.0018992285847707477,-0.7391845378218174
B00732,personal,37,loyal,B,0.05080111745287469,10500.0,0.6319342861012106,med,6635.310004062711,9172.90817728798,0.06027995589312001,1.2803069520925638
B00733,personal,11,established,A,0.03127777425195962,11500.0,0.4235671411664515,med,4871.022123414192,32816.20297395459,0.012369453912955238,1.7316565943253943
B00734,personal,26,loyal,D,0.1777611233269567,7500.0,0.5063492130194062,med,3797.6190976455464,16111.455889145367,0.01964243705314926,-0.18380342225611834
B00735,salary_advance,16,established,E,0.35,7500.0,0.5725163834701122,med,4293.872876025842,35569.71679434582,0.010059757904108471,-1.4852320764450324
B00736,personal,16,established,C,0.08949710382270691,56000.0,0.3771614468512252,med,21121.04102366861,37171.855912721956,0.04734998317288752,0.4993195683537887
B00737,personal,10,established,D,0.17260210217100214,4500.0,0.757270117366934,high,3407.7155281512028,23665.392570427644,0.011999644340041839,-0.33118039405214905
B00738,personal,15,established,D,0.16310609173781238,5000.0,0.530378617206307,med,2651.893086031535,38077.527635538354,0.005803714269945758,-0.13110285595529653
B00739,personal,10,established,C,0.0943392114786934,13500.0,0.4552106992893693,med,6145.344440406486,50359.504253968684,0.010169123868215649,0.556177755731012
B00740,personal,18,established,D,0.17987233058176758,7000.0,0.47693762865376194,med,3338.5634005763336,24575.01516282088,0.01132099471236946,-0.4563924298255985
B00741,personal,14,established,D,0.17470705573021275,18500.0,0.5430169754560575,med,10045.814045937064,12894.57363057052,0.06492274924934573,-0.2688519713436714
B00742,salary_advance,9,established,C,0.11711901111790349,5500.0,0.4857522798244116,med,2671.6375390342637,58927.61183711573,0.0037781348105806046,0.2498804830634136
B00743,personal,28,loyal,A,0.027646763528059552,4500.0,0.6244757776017701,med,2810.1409992079653,42437.26609242199,0.005518225799245841,1.869753937985016
B00744,personal,20,loyal,C,0.09895991583828222,13500.0,0.4220104751328235,med,5697.141414293118,36682.90190753781,0.012942318078354366,0.4300696041135816
B00745,personal,12,established,E,0.3401161369874575,34500.0,0.48500335268726164,med,16732.61566771053,18397.468322916146,0.0757922021933318,-1.2356735808149601
B00746,personal,17,established,E,0.3323262359895873,2000.0,0.6827109819716675,med,1365.421963943335,46258.0013834064,0.00245979420336049,-1.1958784811411152
B00747,personal,15,established,D,0.1242440060911461,20500.0,0.5494267785341198,med,11263.248959949457,82729.71306178522,0.011345428930652861,0.13922992165960119
B00748,salary_advance,10,established,E,0.2619282791158174,6500.0,0.5887258024288152,med,3826.717715787299,25166.759073656423,0.012671204188388316,-0.779428000690979
B00749,salary_advance,17,established,E,0.28566436408899964,2000.0,0.678858789610949,med,1357.7175792218982,28338.34135482004,0.003992581294197038,-1.212303486924161
B00750,personal,11,established,B,0.07709031184762588,9500.0,0.5493140127787822,med,5218.483121398431,14975.115569759044,0.029039748736768282,0.6355359909340106
B00751,personal,9,established,C,0.08169686744284949,6000.0,0.5298262059517087,med,3178.9572357102525,18110.585836636885,0.01462752808580865,0.6844984028686446
B00752,personal,6,new,E,0.2205525941721161,11000.0,0.4509676732871232,med,4960.644406158355,14898.068274012821,0.02774769360988994,-0.36813653389385326
B00753,personal,13,established,C,0.11659033562109829,5500.0,0.3886496780939415,med,2137.5732295166786,28910.276277789784,0.006161515052575675,0.29365929115170897
B00754,salary_advance,22,loyal,B,0.06668838927837303,10000.0,0.4532505960967708,med,4532.505960967708,22305.121081659665,0.016933726954354557,0.9381216441955006
B00755,personal,11,established,C,0.11101295290264031,6000.0,0.43325023400099305,med,2599.501404005958,33025.6608954472,0.006559296956578382,0.6024193859690855
B00756,personal,60,loyal,B,0.06314598606777772,25000.0,0.5469965680709193,med,13674.914201772983,16472.614264163945,0.06918004423622191,1.0047499039397993
B00757,salary_advance,26,loyal,E,0.35,19000.0,0.48347659992457903,med,9186.055398567001,24534.704333067762,0.031200890222895673,-1.855788587527226
B00758,personal,33,loyal,C,0.11792082926810296,8500.0,0.514039114143972,med,4369.332470223761,15923.560377974489,0.02286618259625861,0.15950104151760572
B00759,personal,25,loyal,B,0.06111257840561703,10000.0,0.5059099041677327,med,5059.0990416773275,29826.852809444197,0.014134631953960416,0.9179041881781331
B00760,salary_advance,45,loyal,C,0.10778523453871978,54000.0,0.5466387746307851,med,29518.493830062398,10962.346507975328,0.22439306074196114,0.3395434089609855
B00761,personal,10,established,D,0.13375767970792057,5000.0,0.6037306861472045,med,3018.6534307360225,29242.19762490989,0.008602446908677246,0.03620263925982666
B00762,personal,4,new,C,0.09434048708891916,22000.0,0.5141085460060296,med,11310.388012132651,23079.460535432227,0.04083857735311386,0.4006999816780775
B00763,personal,12,established,E,0.18565555333587222,8000.0,0.5034229940466953,med,4027.383952373563,29718.655202675214,0.01129308601198927,0.0809252332521623
B00764,salary_advance,22,loyal,A,0.024808742079247787,31500.0,0.591823439365147,med,18642.438340002132,10842.765145721996,0.14327862933990207,2.2579194172348664
B00765,personal,17,established,B,0.06366723422680497,6500.0,0.4836989301157063,med,3144.043045752091,38564.738233100026,0.006793864010235405,1.1269862522811211
B00766,personal,19,loyal,C,0.10827317923875988,5500.0,0.6855881558777598,med,3770.734857327679,22826.8193074083,0.013765733216950024,0.28143584702856606
B00767,personal,34,loyal,C,0.11321527452977809,5500.0,0.524047348691887,med,2882.2604178053784,30315.42668490559,0.00792297501357752,0.20195382927522137
B00768,personal,20,loyal,E,0.35,1500.0,0.6761294713719072,med,1014.1942070578607,9618.649569427485,0.008786699558129229,-2.4503241052013647
B00769,salary_advance,25,loyal,C,0.0823113322551452,5500.0,0.5304951175462198,med,2917.723146504209,13581.94611213107,0.017901970272496324,0.4234978031094741
B00770,personal,9,established,E,0.3055193653883443,33000.0,0.656613168481449,med,21668.234559887816,21707.545791015396,0.08318242102114305,-1.3532688927105265
B00771,personal,9,established,C,0.116588406187133,5500.0,0.5142887318186743,med,2828.5880250027085,57326.88994780678,0.004111781904876277,0.2212295420006227
B00772,personal,39,loyal,C,0.11231764389148333,3500.0,0.5527238213633252,med,1934.5333747716381,35954.130118846915,0.004483799608874347,0.5528707111200017
B00773,salary_advance,17,established,B,0.06036086497573058,6500.0,0.6649935775647622,med,4322.458254170954,28895.214517647935,0.012465899995109875,1.0458557560267776
B00774,personal,11,established,B,0.050943692917235384,11000.0,0.6071891101304238,med,6679.080211434662,16181.607046916528,0.03439646111821852,1.3966704719481913
B00775,salary_advance,11,established,C,0.11194642319791931,8500.0,0.6524234676210549,med,5545.599474778966,14640.60742920801,0.0315651718550255,0.3237305703280316
B00776,personal,11,established,A,0.028088210840236095,4500.0,0.3396642988915658,low,1528.489345012046,31324.64212227484,0.00406625913193632,2.280416311923196
B00777,personal,11,established,C,0.09662570368174354,21000.0,0.4357071916360304,med,9149.851024356638,39552.29953577587,0.01927795840728217,0.2324514452199039
B00778,salary_advance,8,established,E,0.294542840492404,15000.0,0.6407001413175464,med,9610.502119763196,30180.030888793524,0.026536592344718727,-0.9602163937166329
B00779,salary_advance,7,established,D,0.16116656739593968,4500.0,0.6503752881130358,med,2926.688796508661,68889.32184060292,0.003540327100427933,-0.21207187511011982
B00780,personal,14,established,E,0.20678205173295927,18000.0,0.5378397124683758,med,9681.114824430764,18483.72792177263,0.04364701601954729,-0.37274670030782203
B00781,salary_advance,11,established,B,0.06158925093769164,10000.0,0.4527517955545862,med,4527.517955545863,29692.609855856284,0.012706635246741085,0.9421271511533786
B00782,personal,30,loyal,E,0.20896447375980523,7000.0,0.719928489751896,high,5039.499428263272,10601.533100275468,0.0396129768889458,-0.5472499002293006
B00783,personal,19,loyal,D,0.12987137519468364,36000.0,0.6280785907668252,med,22610.829267605706,30214.434004968614,0.062362107196534684,0.102024117190604
B00784,salary_advance,19,loyal,B,0.07936683414883534,40000.0,0.6398087426950312,med,25592.349707801248,60364.42783782336,0.03533034082114044,0.5889597192039133
B00785,personal,10,established,D,0.16642772701983474,7000.0,0.5433538495698823,med,3803.476946989176,15171.44185900866,0.02089164729329218,-0.44812080765554363
B00786,salary_advance,15,established,B,0.053440508481746786,10500.0,0.46120307343285677,med,4842.632271044996,42752.0466502731,0.009439377079533847,1.1614153816797184
B00787,personal,20,loyal,B,0.06503195967639012,6500.0,0.612034922207941,med,3978.226994351616,59431.036001128974,0.0055782119663818465,1.0413213884653558
B00788,salary_advance,24,loyal,A,0.028123617927202457,12000.0,0.45548973702827517,med,5465.876844339302,18410.16016061916,0.02474121534274346,1.9165671351039588
B00789,personal,15,established,D,0.1724817638601111,11000.0,0.5228719884764326,med,5751.591873240758,34780.66235087538,0.013780626657847416,-0.33102518111119955
B00790,personal,29,loyal,A,0.030917780000790682,4000.0,0.40366943982418785,med,1614.6777592967514,64138.331509243166,0.0020979105127174164,1.6025275676479018
B00791,personal,16,established,E,0.33265528231005326,23000.0,0.5905910179212792,med,13583.593412189422,30539.0459599955,0.037066191234829876,-1.3639970859770458
B00792,personal,25,loyal,E,0.30867196029150634,9000.0,0.7011179347708546,high,6310.061412937692,41468.66034950212,0.012680381923272192,-0.9883843009898571
B00793,personal,12,established,E,0.3401801488912489,2000.0,0.48707647526076203,med,974.1529505215241,10140.857628540238,0.008005182156880947,-1.2138016860912133
B00794,personal,6,new,D,0.13932972494395837,20000.0,0.6271253404570553,med,12542.506809141105,37362.58530363994,0.027974747792946016,0.00921169263208945
B00795,personal,19,loyal,B,0.04206864265124965,17000.0,0.42491959581952443,med,7223.633128931915,35756.26427636414,0.01683535569483166,1.6023781165777558
B00796,personal,24,loyal,D,0.14774244042248955,4500.0,0.5547971114559225,med,2496.587001551651,12972.452682628811,0.01603774720832597,-0.20214208063963013
B00797,personal,22,loyal,E,0.18374996088534704,8000.0,0.5609160827492112,med,4487.32866199369,15829.320708771284,0.023623506153295153,-0.0766934049644371
B00798,salary_advance,20,loyal,D,0.12523970470064133,22500.0,0.5235387365436476,med,11779.62157223207,37503.92942775101,0.02617419417105075,0.5339820446906625
B00799,salary_advance,13,established,B,0.07177883586822657,61500.0,0.4956536463446474,med,30482.699250195816,22777.04370377059,0.11152566463644271,0.9228281233876547
B00800,salary_advance,10,established,E,0.21367473237787576,5000.0,0.5369919810770386,med,2684.959905385193,49591.07286397782,0.0045118333978336955,-0.12762530335457384
B00801,personal,22,loyal,D,0.14324163786841285,11500.0,0.5157606003095172,med,5931.246903559448,31917.183510303927,0.015486033569881055,-0.13341695791650132
B00802,salary_advance,20,loyal,E,0.1851895050656416,17000.0,0.712961989550197,high,12120.353822353349,27751.649576283755,0.0363952954371142,-0.5953952633576904
B00803,personal,12,established,E,0.1945862488127129,43000.0,0.5970217651300304,med,25671.935900591307,24495.70393896582,0.08733482397755751,-0.5717211111771211
B00804,personal,30,loyal,B,0.040164976688043405,4000.0,0.4832772166183431,med,1933.1088664733725,31601.98368871212,0.005097540936868091,1.5774617529353328
B00805,personal,10,established,D,0.17792388749916946,8000.0,0.504365377460632,med,4034.9230196850563,41840.19690557347,0.008036376734378231,0.09092600847847668
B00806,salary_advance,11,established,E,0.18082062852342,18000.0,0.5462947636870165,med,9833.305746366297,36084.47084099634,0.022708997151193885,-0.3898545102479152
B00807,personal,40,loyal,A,0.03490249743607573,4000.0,0.42936587524303055,med,1717.4635009721221,21318.813756121814,0.006713410982974851,1.6361439727289344
B00808,personal,26,loyal,D,0.14463222863878603,7500.0,0.647081661665417,med,4853.112462490628,53193.441034143245,0.007602930562083715,-0.18521350206018727
B00809,salary_advance,13,established,B,0.04174801278903729,11500.0,0.41433843688662286,med,4764.892024196163,38627.967190056515,0.010279452019724555,1.7699555794824655
B00810,personal,19,loyal,A,0.03979251091435999,11500.0,0.27905717611208625,low,3209.157525288992,33252.28083930238,0.008042449631244399,1.8036069779001007
B00811,personal,17,established,D,0.12781344388780363,12000.0,0.5692589164538685,med,6831.106997446422,28294.8035767962,0.020118850265520214,0.05601162637466865
B00812,salary_advance,3,new,E,0.30840204608388183,2000.0,0.6147272435204585,med,1229.454487040917,35419.83526371041,0.0028925752992339142,-1.4985495273716878
B00813,personal,9,established,A,0.01954371028865938,31500.0,0.4090319888692011,med,12884.507649379835,9823.93057172161,0.10929525233742457,2.289500615345755
B00814,personal,15,established,D,0.13342627949794778,5500.0,0.6395114150955977,med,3517.3127830257877,30721.564107085585,0.009540835797415662,0.3872760562645462
B00815,salary_advance,13,established,D,0.15201614733058952,20000.0,0.3054842295946612,low,6109.684591893224,66310.30614724071,0.007678148575083224,0.026112975279409867
B00816,salary_advance,18,established,B,0.05213431101277023,10500.0,0.6594053973362043,med,6923.756672030145,30363.38369450711,0.019002484323694044,1.3061279147750557
B00817,personal,30,loyal,B,0.0789548859793745,4000.0,0.6215195929990771,med,2486.0783719963083,28167.173688458934,0.007355129057596753,1.1023027870213473
B00818,salary_advance,13,established,B,0.05126853133414165,71000.0,0.4317467991767512,med,30654.022741549335,19385.170237591068,0.13177608779393163,1.6609383498864405
B00819,personal,9,established,E,0.22401932085423465,16500.0,0.5575064340518865,med,9198.856161856127,35277.47735846374,0.021729766531546763,-0.6623477886798963
B00820,personal,19,loyal,C,0.08216123317873031,9500.0,0.5829911071444016,med,5538.415517871816,24166.171829975745,0.01909837560274358,0.7184734127743924
B00821,personal,13,established,E,0.29331926972259204,3500.0,0.6763453060492177,med,2367.208571172262,55277.148834684,0.0035686967415954197,-1.1858702302449369
B00822,personal,15,established,C,0.08248331538475798,9500.0,0.47196412635458584,med,4483.6592003685655,16730.8428079945,0.02233230393622758,0.6663343957412341
B00823,salary_advance,14,established,C,0.09104471168172948,54000.0,0.38930215049395817,med,21022.31612667374,20978.057430113924,0.08350914678629985,0.32705463037281257
B00824,salary_advance,56,loyal,B,0.05215772437558569,6500.0,0.7144109693311255,high,4643.671300652316,19332.000690866516,0.02001720435332489,1.0310092554868122
B00825,personal,4,new,D,0.16294165750040338,30500.0,0.6766399534466374,med,20637.51858012244,73792.95156597016,0.023305656956582436,-0.49634972384047016
B00826,personal,13,established,E,0.19403387568859382,4500.0,0.5980643780220322,med,2691.2897010991446,24236.835575910132,0.009253441566488005,-0.25098882058836114
B00827,personal,16,established,E,0.21480291181817202,9500.0,0.6243248999679701,med,5931.086549695717,19901.639523226848,0.0248349997445087,-0.868231174014714
B00828,salary_advance,10,established,B,0.07749557478699162,10500.0,0.5784003396809934,med,6073.20356665043,8520.011759112598,0.059401361351358276,1.1404302146842336
B00829,personal,26,loyal,A,0.028865857425029753,4500.0,0.5566069314421557,med,2504.7311914897004,16297.14809443224,0.01280761505518368,1.889704036741438
B00830,personal,25,loyal,E,0.19682945881940045,33500.0,0.3745767994099415,med,12548.32278023304,35966.265866718284,0.02907428780331244,-0.15666835891008524
B00831,personal,16,established,C,0.0890518187797007,5500.0,0.505286313492484,med,2779.074724208662,35887.045431919185,0.006453291363594341,0.5535405049710949
B00832,personal,14,established,C,0.08299868845406184,39000.0,0.49868495754378017,med,19448.713344207426,18804.250659113233,0.08618934842967656,0.4321836246602423
B00833,salary_advance,15,established,D,0.12877693721709588,3500.0,0.5364601523616486,med,1877.61053326577,19387.605617901194,0.008070493464873388,0.35809781134885865
B00834,salary_advance,15,established,E,0.35,3500.0,0.7026203164274799,high,2459.1711074961795,74826.62781423109,0.00273874330049264,-1.1765957333647168
B00835,personal,15,established,E,0.3037402495271072,23500.0,0.45786954636797894,med,10759.934339647505,118540.37151246946,0.007564184113226811,-1.3015973511105925
B00836,salary_advance,14,established,E,0.1849124318312273,10500.0,0.4544879620501243,med,4772.123601526306,50633.81560037909,0.007853979836962583,-0.43098195115157056
B00837,salary_advance,18,established,E,0.35,3000.0,0.5916166828753994,med,1774.850048626198,63424.40086139601,0.00233197584384078,-1.7890047235719315
B00838,personal,24,loyal,A,0.033734906285395994,17500.0,0.5018502151156887,med,8782.378764524552,71273.78697642588,0.010268359913102137,1.808030729905615
B00839,personal,8,established,C,0.10944981019831038,5500.0,0.6300472836266341,med,3465.2600599464877,90945.37699269377,0.003175221008599549,0.3677032291797136
B00840,personal,9,established,D,0.1385673283430399,20000.0,0.7163254940573356,high,14326.509881146712,22786.867833136595,0.05239315171226657,-0.029961048399121757
B00841,salary_advance,6,new,E,0.35,1500.0,0.6309963850357931,med,946.4945775536897,16596.591476051548,0.004752454637645813,-1.8402358192678285
B00842,personal,26,loyal,E,0.33696657315525796,5000.0,0.713870338815,high,3569.3516940749996,73748.75411666596,0.004033233890781516,-1.4238708550204002
B00843,personal,18,established,D,0.1554497110561949,3000.0,0.6369477942309308,med,1910.8433826927926,15829.622257285851,0.010059428201733698,-0.0023413881869583275
B00844,personal,21,loyal,A,0.020912961660389653,19000.0,0.5178800341975496,med,9839.720649753443,15279.57347174852,0.05366489596904649,2.370489965483977
B00845,salary_advance,7,established,D,0.17468676638311048,32000.0,0.5817417696168059,med,18615.736627737788,15473.75935868412,0.1002543305531112,-0.3486441958730818
B00846,personal,43,loyal,B,0.0468043161074981,26500.0,0.4685465090992009,med,12416.482491128825,25027.5379150761,0.04134273526112404,1.2637980144124379
B00847,salary_advance,11,established,D,0.14416851205816203,7500.0,0.46640317173942525,med,3498.0237880456893,9032.579555719314,0.032272285069724675,-0.12990240767496086
B00848,personal,18,established,D,0.16306313855199786,5000.0,0.4552720195694,med,2276.360097847,12231.743979985435,0.0155085550458692,0.05523925928886656
B00849,salary_advance,26,loyal,A,0.025557172183089918,7500.0,0.5142233460970195,med,3856.675095727646,19105.158639229823,0.016822136752673054,1.9646838488929315
B00850,personal,9,established,E,0.1981626458422444,18500.0,0.5815659439436959,med,10758.969962958374,13936.14463279407,0.06433492575390809,-0.3459516301665442
B00851,personal,12,established,E,0.23034706227508414,2500.0,0.5627883731405602,med,1406.9709328514004,48258.46335533974,0.0024295754482336496,-0.6901049080521332
B00852,salary_advance,18,established,A,0.03675128807660354,17500.0,0.5545540869031934,med,9704.696520805885,27001.737933833687,0.02995083916631195,1.7680705541247637
B00853,salary_advance,60,loyal,B,0.07003983566304442,9500.0,0.5088717132565858,med,4834.281275937565,36951.51978987249,0.010902305920992466,0.7955578211135954
B00854,personal,19,loyal,B,0.042277990276913126,68500.0,0.40906947944735705,med,28021.25934214396,34791.959792098336,0.06711622337839655,1.491205090586163
B00855,personal,39,loyal,D,0.173876863898142,7500.0,0.5555513548183731,med,4166.635161137799,24011.17919398636,0.014460747385886192,-0.28524889338468695
B00856,salary_advance,31,loyal,A,0.023863015860482915,12500.0,0.5539596213598372,med,6924.495266997966,46326.6347325231,0.012455928983003055,2.156674208960976
B00857,salary_advance,20,loyal,B,0.06783899544630027,44000.0,0.4184766835167722,med,18412.974074737976,34498.85233626446,0.0444772623527311,1.0236272745346109
B00858,personal,9,established,C,0.10900416796850108,55500.0,0.567827943130645,med,31514.450843750798,22581.3551134087,0.11629967394737112,0.43478762621465866
B00859,personal,29,loyal,D,0.1271963211083492,9000.0,0.5403330407844037,med,4862.997367059634,10655.692936941903,0.03803129303617172,0.5316293114291747
B00860,salary_advance,7,established,D,0.16436288337777086,19000.0,0.5002946830760251,med,9505.598978444477,35823.59794887542,0.022112051651935576,-0.15547498199650156
B00861,salary_advance,39,loyal,B,0.061635179217362175,14000.0,0.5003072840530961,med,7004.301976743345,13443.93215153996,0.043416749267692394,0.7483171895050282
B00862,salary_advance,18,established,D,0.17554235235867488,8000.0,0.41896746358481474,med,3351.7397086785177,33161.860654021446,0.00842267704167574,-0.09259023798936628
B00863,personal,3,new,C,0.08716957663322022,3500.0,0.5488459527239746,med,1920.960834533911,28096.174500169065,0.005697575288889572,0.6095460626447856
B00864,personal,13,established,E,0.20988601809617516,11500.0,0.4475705363418797,med,5147.061167931617,12731.021715494811,0.03369107158715036,-0.20305716706866234
B00865,salary_advance,23,loyal,E,0.27992570036645326,10000.0,0.707011551509992,high,7070.115515099919,31011.6547524678,0.01899854418049423,-0.7465072277938994
B00866,salary_advance,14,established,E,0.32174152679700885,2000.0,0.6279647331701326,med,1255.9294663402652,29888.398986039087,0.0035017194768637815,-1.329423734989284
B00867,salary_advance,24,loyal,E,0.29702518082377843,4000.0,0.5661830710633416,med,2264.7322842533667,29948.09890093933,0.006301825400627609,-0.9767181523204246
B00868,personal,10,established,C,0.08208357458905123,14000.0,0.6485268090087292,med,9079.375326122208,29168.60692210928,0.02593934679604749,0.6179707575539414
B00869,personal,8,established,E,0.3055901100387545,3500.0,0.5281654429264481,med,1848.5790502425682,18791.999460547893,0.0081975446258548,-1.1515043113734442
B00870,salary_advance,15,established,C,0.09524814385133035,14000.0,0.46282822117226413,med,6479.595096411698,37249.17305722311,0.014496060280446994,0.6500857758385667
B00871,personal,16,established,D,0.14815591541931614,12500.0,0.38269925637156726,med,4783.740704644591,18431.000084611434,0.021629051971695373,0.13657451749141328
B00872,salary_advance,13,established,D,0.12918131570535865,8500.0,0.678219090376673,med,5764.862268201721,14897.891879039827,0.032246521381505175,0.2852914050902228
B00873,personal,32,loyal,B,0.0757603746947547,6000.0,0.7029250244669908,high,4217.550146801945,38989.53428304748,0.009014278285091243,0.8384052033823695
B00874,salary_advance,10,established,D,0.1347561621705357,9000.0,0.3826524449735217,med,3443.8720047616953,45027.866402808795,0.006373593879905427,0.5083035370905262
B00875,salary_advance,19,loyal,E,0.35,4500.0,0.5848342134584892,med,2631.7539605632014,37549.26018888902,0.005840669801314195,-1.95972974278095
B00876,personal,17,established,D,0.1460406432003431,11000.0,0.5864937883065657,med,6451.431671372223,24005.609860307726,0.022395569580451122,-0.3236252408484902
B00877,personal,6,new,C,0.08521258597584729,13500.0,0.4931412222757517,med,6657.406500722648,9258.467922758311,0.05992177968198196,0.42510313406343103
B00878,personal,7,established,B,0.04865421148996848,28000.0,0.4914405067132146,med,13760.33418797001,60774.744429720864,0.01886794467708853,1.6402828107549985
B00879,personal,16,established,A,0.03750744400327516,4500.0,0.4796976445440968,med,2158.6394004484355,9179.209855883473,0.019597178790801566,1.6864576165824976
B00880,personal,48,loyal,E,0.2773863440189971,9000.0,0.6561505837937225,med,5905.355254143502,37135.68946509632,0.013251751749696925,-0.9631505135852566
B00881,personal,22,loyal,D,0.1274037175433317,5000.0,0.46798746395685187,med,2339.937319784259,85873.47475348058,0.0022707218638638453,0.05027470068722689
B00882,salary_advance,6,new,E,0.30275609297119743,14000.0,0.648136756020114,med,9073.914584281596,29208.251862640616,0.025888558899251124,-1.216114813707998
B00883,personal,2,new,B,0.051540719494783935,4000.0,0.40223447932507944,med,1608.9379173003178,31576.807004032373,0.004246096185656283,1.1698850751100829
B00884,personal,24,loyal,B,0.05067804807552623,11000.0,0.46223889475528335,med,5084.627842308117,33144.31614655227,0.012784061827840297,1.412856208148551
B00885,personal,15,established,C,0.10787754228967436,8500.0,0.3791047248488027,med,3222.390161214823,30001.181308318522,0.008950731328706437,0.3505878868631747
B00886,personal,30,loyal,C,0.09832907839454821,5500.0,0.5006077580575868,med,2753.3426693167276,98011.23717863475,0.0023410093479880783,0.5660948612602101
B00887,personal,10,established,B,0.05104660361189501,67500.0,0.44752732041169163,med,30208.094127789183,16920.130247938276,0.1487778841195684,1.3806311003494742
B00888,personal,19,loyal,A,0.037924038929513015,4000.0,0.5877556351498424,med,2351.0225405993697,15791.077500778294,0.012406914286899754,1.611325194760139
B00889,salary_advance,26,loyal,A,0.025564651276306426,7500.0,0.47573696969377205,med,3568.0272727032902,22468.607983167494,0.013233379045170864,1.908044696656121
B00890,personal,12,established,C,0.0816566694065684,13500.0,0.5551071394936687,med,7493.946383164528,70084.53084015225,0.008910604443578532,0.4566798597822596
B00891,salary_advance,13,established,E,0.20641725114470416,8000.0,0.5730025337166371,med,4584.020269733097,19588.890338702666,0.019500935608878597,0.0007717004858374121
B00892,personal,16,established,C,0.09705970829263438,6000.0,0.32779335448813685,low,1966.7601269288211,34086.750469489234,0.004808222402741821,0.7671248320175574
B00893,personal,22,loyal,B,0.06706906685629413,6500.0,0.3213335136035964,low,2088.6678384233765,48487.17930175522,0.0035897252780725743,1.2160419052551146
B00894,salary_advance,16,established,C,0.11540837508586507,5000.0,0.5265571725216839,med,2632.7858626084194,41292.69930135702,0.005313259379892968,0.1593625304080402
B00895,salary_advance,28,loyal,C,0.10550396275584119,22000.0,0.5755088172577068,med,12661.193979669548,47095.87105846685,0.02240322717454253,0.3987510811657585
B00896,personal,12,established,B,0.05286897804062199,10500.0,0.49062395460693853,med,5151.551523372855,58682.24577512251,0.007315602097543872,1.1333132695582098
B00897,personal,7,established,A,0.03194383178706312,7000.0,0.4063031956635348,med,2844.1223696447437,31873.41132169278,0.007435984654365757,1.6641161087696066
B00898,personal,48,loyal,D,0.1691969117471239,7500.0,0.5599311345911422,med,4199.483509433567,20923.393242772105,0.016725631213778146,-0.3493957809147662
B00899,personal,11,established,E,0.20145873367743528,32500.0,0.552159955726021,med,17945.19856109568,29172.168197606272,0.05126232658796161,-0.2633766754479744
B00900,personal,12,established,D,0.12215478557378824,22000.0,0.6271568228417586,med,13797.450102518687,22326.299143705164,0.05149924316352284,0.35093307645469796
B00901,personal,15,established,C,0.08634387907492311,3500.0,0.6128694768143562,med,2145.0431688502467,107672.9412755846,0.0016601533801020123,0.4865989977486106
B00902,personal,17,established,E,0.197307068260102,10500.0,0.5388323093027921,med,5657.7392476793175,20071.15203272675,0.02349034424487346,-0.5223663592412943
B00903,personal,13,established,A,0.03596351947519103,7500.0,0.4788835589073187,med,3591.6266918048905,35091.968038765845,0.008529080614300036,1.883520630344044
B00904,salary_advance,16,established,B,0.07297073359945368,6000.0,0.5575317622163211,med,3345.190573297926,11784.305944096264,0.023655689391518003,0.7720952655451712
B00905,salary_advance,16,established,B,0.07328854282710995,24500.0,0.5681468976432642,med,13919.598992259973,28942.029229085776,0.04007896521376612,0.8813834084705529
B00906,personal,18,established,A,0.03787787029548512,50500.0,0.6493414094140649,med,32791.74117541028,22973.41322413581,0.11894815416805139,1.758884081511754
B00907,personal,4,new,E,0.25689726729565165,2500.0,0.6075556005662044,med,1518.889001415511,39012.09332159571,0.0032444832531256574,-0.79906162524459
B00908,personal,46,loyal,C,0.11642683090297294,21500.0,0.6635101393868759,med,14265.467996817832,39575.44659457583,0.03003854920231661,0.31156812355772207
B00909,personal,15,established,E,0.30306799173164245,8000.0,0.5188658142007144,med,4150.926513605716,58650.36982928083,0.005897840777600393,-1.2533222290216288
B00910,salary_advance,22,loyal,C,0.08520434465435404,23000.0,0.4752415683866629,med,10930.556072893247,56143.32829487666,0.016224183717021032,0.5776495277464218
B00911,salary_advance,7,established,E,0.2685564167956697,14500.0,0.4135734178200217,med,5996.814558390315,25939.76216488386,0.019265193850121168,-1.138927523935363
B00912,salary_advance,12,established,B,0.048921834589200595,10000.0,0.5300403087496003,med,5300.403087496003,16003.898401274057,0.027599541450236284,1.097849354193172
B00913,salary_advance,11,established,B,0.07786539684377966,41500.0,0.5944621334744149,med,24670.17853918822,17070.233722658064,0.12043468443376973,0.7699967500699922
B00914,salary_advance,36,loyal,C,0.11110018761561027,5500.0,0.30205239199288375,low,1661.2881559608606,31777.24945584154,0.004356597315188833,0.47293069296145984
B00915,salary_advance,11,established,C,0.09804109713747747,8500.0,0.5712367025774167,med,4855.511971908041,29342.209698144266,0.013789895233575192,0.24957629218215216
B00916,personal,24,loyal,B,0.06029592629758912,6500.0,0.5738586810253548,med,3730.081426664806,31003.631598036292,0.010025926088878628,1.1614664151889906
B00917,personal,11,established,E,0.3280806967335944,14500.0,0.6798983717278286,med,9858.526390053516,20044.084093481957,0.04098684988579483,-1.135796086889898
B00918,personal,12,established,C,0.09543120383248234,3000.0,0.43505546580196297,med,1305.1663974058888,59306.87933158394,0.0018339165317128466,0.20416786745252327
B00919,personal,14,established,C,0.08052978754812272,9500.0,0.6093513366595241,med,5788.837698265479,11968.385346000881,0.040306451336254275,0.6995098064587445
B00920,personal,33,loyal,E,0.35,13000.0,0.6424612855507723,med,8351.99671216004,19443.034277963237,0.035796867714325005,-1.3822740774072417
B00921,salary_advance,5,new,C,0.09117215517733447,6000.0,0.5936947138913787,med,3562.1682833482723,14877.288841183828,0.0199530546267238,0.6849380057020192
B00922,personal,7,established,E,0.3412754644490512,3000.0,0.6390870650651211,med,1917.2611951953634,23982.141919623755,0.00666211411815325,-1.6740624632615668
B00923,personal,5,new,E,0.21352722416818018,4500.0,0.6293239696151078,med,2831.9578632679854,53402.42976705656,0.004419208819431834,-0.4675944838515325
B00924,personal,9,established,E,0.28429043387830616,8500.0,0.7231915156633087,high,6147.127883138124,22965.201094087482,0.022305951288188863,-1.1633911040952263
B00925,personal,10,established,B,0.05152132273936681,7000.0,0.4823735205515398,med,3376.614643860779,28447.413873745158,0.009891393112354648,1.4312465792900149
B00926,personal,6,new,E,0.2849661732256794,5500.0,0.6524198857802225,med,3588.309371791224,38767.34591095242,0.007713341575393281,-1.1571210541523476
B00927,salary_advance,10,established,E,0.3311931733734896,5500.0,0.7427923028750254,high,4085.35766581264,22372.235961888076,0.015217364626898105,-1.3001898919653825
B00928,personal,5,new,D,0.1549254603692931,33000.0,0.5638169981111243,med,18605.960937667103,33204.65033223442,0.046695168577047176,-0.21664785840368436
B00929,salary_advance,9,established,D,0.14863101382914184,19500.0,0.45852365165142445,med,8941.211207202778,30881.595282517184,0.024127669801934887,-0.06370298002082292
B00930,personal,31,loyal,E,0.2796541904998923,3500.0,0.6848033806960859,med,2396.811832436301,14444.296031677068,0.013827902649714762,-1.104605228663933
B00931,personal,20,loyal,B,0.06783233768088717,24500.0,0.6612780714169244,med,16201.312749714649,20839.938253867076,0.06478471190091106,0.9258151991548494
B00932,personal,18,established,E,0.35,11000.0,0.7666048007589635,high,8432.6528083486,32696.45977268755,0.02149226773319935,-1.9914990624496793
B00933,salary_advance,9,established,E,0.24175234234832826,10000.0,0.6703586060663634,med,6703.586060663634,54459.12036285339,0.010257825833393611,-0.686240972583125
B00934,salary_advance,7,established,D,0.1704739960475201,7500.0,0.3500900756367267,med,2625.6755672754502,54431.219752614365,0.004019867610305477,-0.22521827042078468
B00935,personal,8,established,B,0.061550627641912506,3500.0,0.46408915482945323,med,1624.3120419030863,85179.65274409049,0.0015891041165890173,0.8022223921551402
B00936,salary_advance,16,established,B,0.04522996879324652,17000.0,0.43584423656980265,med,7409.352021686645,35136.69959654919,0.01757268066998132,1.645468367013152
B00937,personal,26,loyal,B,0.04295044739578754,11000.0,0.5035012536027024,med,5538.5137896297265,21432.784076182284,0.021534431278826635,1.502782247327573
B00938,salary_advance,27,loyal,C,0.0925446680051196,5500.0,0.6967923022419611,med,3832.357662330786,25973.348081479646,0.012295801739756767,0.5967262095377672
B00939,personal,23,loyal,E,0.35,1500.0,0.5614083115645446,med,842.112467346817,25271.418939076764,0.0027768934983328566,-2.0273082447951563
B00940,personal,10,established,C,0.1107612543390688,5500.0,0.7490653174281915,high,4119.859245855053,21496.940092762987,0.01597071966241534,0.39085302121855847
B00941,salary_advance,16,established,B,0.04020581613355805,17500.0,0.4487025415838473,med,7852.294477717328,33210.63513182733,0.01970326284172772,1.8205737392246135
B00942,personal,13,established,B,0.05251480533283916,4000.0,0.4339945615008281,med,1735.9782460033125,34071.572792089624,0.004245910651568046,1.2337904078135682
B00943,personal,14,established,C,0.11523564243718051,13500.0,0.628609777159419,med,8486.231991652157,14107.098320590343,0.050129798717866506,0.4629490097437198
B00944,personal,50,loyal,E,0.24778067490602637,16000.0,0.6925435044044679,med,11080.696070471486,48947.00818506942,0.018865123190259143,-0.7895027643384526
B00945,personal,6,new,E,0.21800266702634033,4500.0,0.6565091479764621,med,2954.2911658940793,9796.280161152217,0.025131062652481023,-0.525307003628415
B00946,salary_advance,14,established,A,0.024585687234832992,4500.0,0.39220297111502694,med,1764.9133700176212,23804.619224534235,0.006178469513872798,2.2838143987456747
B00947,salary_advance,32,loyal,E,0.2597688420052706,4000.0,0.6526493248028847,med,2610.597299211539,50621.081562614614,0.004297612145350976,-0.6667295346641339
B00948,salary_advance,7,established,E,0.2662714031359284,6500.0,0.5098459241137097,med,3313.9985067391126,37573.912975403975,0.007349954273036163,-0.7978412281503858
B00949,personal,11,established,B,0.06491184798130006,24500.0,0.4432887957781005,med,10860.575496563462,22107.32754587341,0.0409388224862979,0.9425515511652842
B00950,personal,12,established,D,0.17803689602597494,10500.0,0.5782867492376096,med,6072.0108669949,79447.5975027414,0.006368989390339317,-0.4311592448055278
B00951,personal,14,established,E,0.3093902948086582,14000.0,0.5508171787070539,med,7711.440501898755,21119.658617207926,0.030427577143756518,-1.1817551222046219
B00952,personal,6,new,A,0.03868721250481563,69000.0,0.601386903128823,med,41495.69631588879,8945.688532814413,0.38655210052376093,1.5279711787230157
B00953,personal,22,loyal,B,0.06358230573177068,6000.0,0.4678857059627698,med,2807.3142357766187,34510.08325538531,0.0067789709821948355,0.8610559781451399
B00954,salary_advance,23,loyal,C,0.08075172788550573,13000.0,0.5242219130666902,med,6814.884869866973,10115.432879719316,0.05614263662680472,0.36819883562282185
B00955,salary_advance,21,loyal,D,0.15499092460272337,7000.0,0.4961956671699371,med,3473.36967018956,17029.515259877713,0.016996812187470046,-0.39577483589951545
B00956,salary_advance,10,established,A,0.028195709249892117,13000.0,0.5669777121031984,med,7370.710257341579,37892.65776494178,0.016209627168109215,2.397406563859938
B00957,personal,17,established,D,0.1326543162074876,5000.0,0.5008860343665128,med,2504.430171832564,20879.60833160721,0.009995518642150479,-0.02445181874660751
B00958,personal,10,established,B,0.06284308619494228,11000.0,0.6174235552514161,med,6791.659107765578,37024.50350282266,0.015286405995171542,1.3973280624694941
B00959,personal,13,established,B,0.07592022246083652,14500.0,0.6297938459619306,med,9132.010766447993,14229.113162086052,0.053481962546458046,0.8936335446094399
B00960,personal,53,loyal,D,0.15385275609785048,11500.0,0.5291382546253564,med,6085.089928191598,43138.19218719867,0.011755031948227536,-0.12090156166323407
B00961,personal,17,established,D,0.1695118506722839,4500.0,0.5923199370825883,med,2665.4397168716478,10614.533541172024,0.02092602331929179,-0.5129411149897811
B00962,personal,8,established,B,0.04614745290646111,4000.0,0.4542887206850945,med,1817.154882740378,55561.58834469805,0.002725436368417792,1.4463148979339198
B00963,personal,18,established,B,0.05956288333418094,11000.0,0.5569252751040926,med,6126.1780261450185,20713.771950722108,0.024646155066619223,1.4625173326199776
B00964,salary_advance,7,established,E,0.35,7500.0,0.6286077967679191,med,4714.558475759393,62450.97869807582,0.006291012265465977,-1.5269159761207343
B00965,personal,8,established,C,0.09742425380809203,9000.0,0.49981320557059306,med,4498.318850135338,16944.833211645706,0.022122372023131758,0.5497802609821923
B00966,salary_advance,9,established,C,0.10277471073687458,3000.0,0.5586145674865586,med,1675.8437024596758,77545.55933034798,0.0018009237805185995,0.22878519527638033
B00967,personal,12,established,E,0.25630743026052993,3500.0,0.46263625385191925,med,1619.2268884817174,15887.475720539971,0.008493204107037152,-1.033323162938506
B00968,personal,27,loyal,B,0.07653583329507044,23500.0,0.5271399746252746,med,12387.789403693954,10029.923221059506,0.10292359780717392,0.6617460947171974
B00969,personal,22,loyal,E,0.3097861003580268,9000.0,0.6807405939608507,med,6126.665345647657,27548.594635534646,0.018532903482926782,-0.9495967909863944
B00970,personal,21,loyal,E,0.1826113020051777,3000.0,0.5881918794711802,med,1764.5756384135407,53034.29037328392,0.0027726960959181726,-0.06645535464609997
B00971,personal,8,established,E,0.25125814360439513,6500.0,0.6955217776773669,med,4520.891554902885,41561.67227224848,0.009064624744662426,-0.7984737327699676
B00972,personal,12,established,E,0.19456135118468898,7000.0,0.5551077522324971,med,3885.7542656274795,51002.71767542306,0.006348933355466938,-0.4997912641559985
B00973,salary_advance,19,loyal,C,0.10485223744322993,14000.0,0.491733655229827,med,6884.271173217578,42015.173626192525,0.013654335206106505,0.678521506338009
B00974,personal,11,established,E,0.2528339749236828,3500.0,0.5079554248684153,med,1777.8439870394534,17134.558381320803,0.008646482873356717,-1.0155666619054864
B00975,personal,14,established,B,0.04190954152670352,16500.0,0.45578577818648014,med,7520.465340076922,41008.28064712484,0.015282412115718621,1.5731790288732976
B00976,personal,20,loyal,B,0.07657309664346044,43000.0,0.7090245212164299,high,30488.054412306486,28312.49976128227,0.08973673191866806,0.8932832333941253
B00977,personal,13,established,A,0.030626074687603113,11500.0,0.5140827565846458,med,5911.951700723426,18208.572413173282,0.02705663192851558,1.7945630283820548
B00978,personal,18,established,D,0.14687563077289603,5000.0,0.5158035653068577,med,2579.0178265342884,29692.350957183568,0.007238165563956291,-0.1600799690780195
B00979,personal,39,loyal,D,0.14423039890990744,3000.0,0.47302045986554525,med,1419.0613795966358,26082.52446394418,0.004533883026923226,-0.14878996229710906
B00980,salary_advance,14,established,A,0.03293772475370948,4500.0,0.3231778443811203,low,1454.3002997150413,58617.92894277456,0.0020674850481536607,2.108415614493028
B00981,salary_advance,31,loyal,D,0.15989706929834815,36500.0,0.48050989742980993,med,17538.61125618806,20268.38240787483,0.07210989553107201,0.17194026012601493
B00982,salary_advance,22,loyal,C,0.0937458063735285,57000.0,0.614150854232828,med,35006.598691271196,19753.980731195268,0.14767740220577905,0.5717079780108753
B00983,personal,7,established,B,0.07927248155677794,3500.0,0.4902053581307079,med,1715.7187534574778,18320.00200718287,0.007804396677034488,0.7200474104973147
B00984,personal,8,established,E,0.3019753081803767,24000.0,0.5382694625990171,med,12918.46710237641,76363.99987696436,0.014097466436180988,-1.2377258082972784
B00985,salary_advance,10,established,B,0.0628649554381768,6500.0,0.4336350839068462,med,2818.6280453945,18892.54099152273,0.01243271990543449,1.06129468479365
B00986,personal,10,established,C,0.08483639085180628,9000.0,0.6022163389492724,med,5419.947050543452,54899.582780642835,0.00822706168854906,0.5833470661646026
B00987,personal,15,established,B,0.052476760136724594,16000.0,0.5008335872801972,med,8013.337396483155,15256.13314931834,0.043771125345968366,1.2693253180378326
B00988,personal,23,loyal,B,0.055485311828092396,10500.0,0.4460494048569398,med,4683.518750997868,35548.13960964092,0.010979287060748796,1.290044503010141
B00989,salary_advance,32,loyal,A,0.026512245085252087,12000.0,0.445814634357534,med,5349.7756122904075,31081.876193528984,0.014343234352447142,2.049978352877571
B00990,salary_advance,19,loyal,C,0.08532669531435014,14000.0,0.7367374730698122,high,10314.32462297737,53016.19182667468,0.016212538515116746,0.6395780994915898
B00991,salary_advance,12,established,E,0.19908094250564054,4500.0,0.7035562302165546,high,3166.0030359744956,48952.628958054775,0.005389569302953569,-0.5126703187070606
B00992,salary_advance,5,new,A,0.025552832842479934,76500.0,0.6186279740914877,med,47325.040017998814,28142.59444159937,0.14013467532345633,2.1099854140833623
B00993,personal,17,established,E,0.35,3000.0,0.47580959176112575,med,1427.4287752833773,20022.42628958592,0.005940958214547207,-1.5266956155219669
B00994,salary_advance,16,established,E,0.3163418904025801,2000.0,0.612826036672575,med,1225.65207334515,65757.49273578847,0.001553247676111199,-1.0765130788738078
B00995,personal,18,established,B,0.07269774261620103,40000.0,0.4734410276208726,med,18937.641104834904,18952.26828153621,0.08326901747553371,0.5651280405088313
B00996,salary_advance,52,loyal,A,0.027051303470825915,12500.0,0.5186947368186764,med,6483.684210233455,7729.132605366244,0.06990525911592278,2.3749860481773495
B00997,personal,32,loyal,C,0.09272657138723361,9000.0,0.6414937643987714,med,5773.443879588943,9679.727208375212,0.04970391344115542,0.5895508459141651
B00998,salary_advance,25,loyal,A,0.039338988194944816,7000.0,0.5219469947988673,med,3653.628963592071,11066.9255384062,0.0275116227395515,1.7493036997022058
B00999,personal,9,established,E,0.35,1500.0,0.5806354193646539,med,870.9531290469808,37332.98569631687,0.0019441099088879502,-1.9958027274719585
B01000,personal,12,established,E,0.18518652582692627,4500.0,0.5257570976883915,med,2365.9069395977617,90940.1776537812,0.0021680066689967496,-0.49954496218113714
B01001,personal,15,established,E,0.35,4500.0,0.7118365604500311,high,3203.2645220251397,8760.61713400549,0.030470308893263222,-1.8739478071432591
B01002,personal,10,established,B,0.0679768968963833,9500.0,0.5998778255970241,med,5698.839343171729,17493.677593443892,0.027147137933742623,0.7804109582286599
B01003,personal,21,loyal,E,0.296939699712165,5500.0,0.640361960009962,med,3521.9907800547912,28253.261666566654,0.010388153946082033,-1.1472313265890146
B01004,salary_advance,20,loyal,E,0.22331122842249357,17500.0,0.6089128690570583,med,10655.975208498521,62945.76937630344,0.01410734895832156,-0.5278188460326472
B01005,personal,9,established,C,0.08911526429392404,39500.0,0.5467388621520471,med,21596.185055005863,17441.965023231765,0.1031811545040983,0.5140252049614028
B01006,salary_advance,31,loyal,A,0.03736783896352628,7500.0,0.5136338418949783,med,3852.253814212337,37232.59634316435,0.00862204580700155,1.8118243520177293
B01007,personal,17,established,C,0.11711223983302264,33500.0,0.6384829406269444,med,21389.17851100264,23445.899879718247,0.07602316617096179,-0.15896810822921661
B01008,salary_advance,6,new,B,0.06660917277442549,24500.0,0.5859735990795594,med,14356.353177449204,112864.00734379169,0.010600037983262712,0.9201725041085097
B01009,personal,15,established,C,0.11085381219266663,39500.0,0.5459184639971,med,21563.779327885448,29129.222479548385,0.06168999573945995,0.5377881668730922
B01010,salary_advance,19,loyal,C,0.09279018668168604,13500.0,0.5365818550333923,med,7243.855042950796,32716.30397803879,0.018451185296412966,0.5345731405575279
B01011,personal,28,loyal,E,0.20851963124488432,4000.0,0.5923156142836934,med,2369.2624571347737,28179.254427449894,0.007006521006540053,-0.6947054828862488
B01012,personal,13,established,C,0.08481264325031182,5500.0,0.4614616776886353,med,2538.039227287494,21416.616844686447,0.009875661990614515,0.5648914068846425
B01013,salary_advance,25,loyal,A,0.03189674689569012,47000.0,0.4241580122814682,med,19935.426577229005,45361.94083691092,0.036622893938229206,1.3630956907750826
B01014,personal,18,established,B,0.06228700920309974,10000.0,0.5780131224849637,med,5780.131224849637,14221.85074463504,0.03386884103340123,0.8940244030902588
B01015,personal,7,established,D,0.1293553940642417,37500.0,0.48318638657642865,med,18119.489496616075,8945.632289215833,0.16879270343714312,0.31206642407889745
B01016,salary_advance,7,established,E,0.23296119680470756,9500.0,0.682401271291625,med,6482.812077270437,24770.109831133264,0.0218099291224588,-0.8184999134793264
B01017,salary_advance,30,loyal,B,0.043356640107903945,7000.0,0.496272621908562,med,3473.9083533599337,42131.88289038975,0.0068710995787474635,1.4403401613691802
B01018,personal,31,loyal,B,0.07666138459472571,9000.0,0.6239565308526408,med,5615.608777673767,19546.914124102,0.023940730243576454,0.39861891977165875
B01019,personal,19,loyal,D,0.12192789796535097,49000.0,0.6290534126549158,med,30823.617220090873,29809.12397762662,0.08616941478282981,-0.08273744432334301
B01020,salary_advance,37,loyal,C,0.11830792006577055,3500.0,0.6290214947752483,med,2201.575231713369,13747.565367453437,0.013345243156808153,0.4553641628062878
B01021,salary_advance,29,loyal,D,0.14701751478174677,12000.0,0.5184918199881434,med,6221.901839857721,48265.139069961166,0.010742573832359218,0.0597428216096203
B01022,salary_advance,23,loyal,A,0.03268420542950258,70500.0,0.5334687073795858,med,37609.5438702608,38505.26629992437,0.08139480536098052,1.638843778854429
B01023,personal,9,established,E,0.33421365644232603,2000.0,0.7057807157224014,high,1411.5614314448028,27196.690593224263,0.004325162978335793,-1.4181147335800204
B01024,salary_advance,42,loyal,D,0.1683435214635112,4500.0,0.42559756779853447,med,1915.1890550934052,29519.353655634164,0.005406591546220687,-0.24348593480641834
B01025,personal,22,loyal,C,0.11507058033906777,8000.0,0.7165736235192705,high,5732.588988154163,12500.62103914368,0.038215361262209056,0.07122711532830528
B01026,salary_advance,13,established,A,0.0225368288988476,30000.0,0.6948912325278582,med,20846.736975835745,12811.63052252878,0.13559773506305806,1.9637508482389996
B01027,personal,11,established,B,0.06180230515722267,10000.0,0.6110372608731969,med,6110.372608731969,25157.33333506245,0.020240528302920256,1.0542805490928489
B01028,salary_advance,18,established,E,0.35,2000.0,0.7090920439340038,high,1418.1840878680077,35687.44216847516,0.003311585256360322,-1.2908408032472254
B01029,personal,6,new,B,0.054173544165478545,6500.0,0.5646087958446201,med,3669.957172990031,36695.45810465355,0.00833426751462334,1.351347088752486
B01030,personal,24,loyal,B,0.04086642315843788,11500.0,0.45726622154991187,med,5258.561547823986,22034.989907117833,0.01988716419502929,1.749420216983684
B01031,salary_advance,9,established,E,0.20872524118294206,4000.0,0.5948123742141839,med,2379.2494968567353,40536.500574231504,0.004891166938341144,-0.8240083260226431
B01032,personal,20,loyal,E,0.35,3000.0,0.746301041575795,high,2238.903124727385,58772.852792704434,0.0031745142787608332,-2.1214582705964453
B01033,salary_advance,12,established,C,0.11141391255960086,21500.0,0.45630011360150685,med,9810.452442432397,25622.673468216344,0.03190680724828142,0.27777837765275754
B01034,personal,14,established,B,0.05912570069933415,4000.0,0.4102123568017814,med,1640.8494272071257,31898.52816360259,0.004286638291458319,1.122424409299822
B01035,salary_advance,10,established,A,0.029833380281022552,29500.0,0.44146851660584685,med,13023.321239872483,23996.90705498276,0.04522569377389928,1.9412619698002023
B01036,personal,15,established,E,0.23887375402984187,27500.0,0.670967073048363,med,18451.59450882998,25097.70106946774,0.061265885328693225,-0.8708272643612502
B01037,personal,46,loyal,A,0.016596122615667144,18500.0,0.3867786809450124,med,7155.405597482729,29532.905980291547,0.020190488541430723,2.1519791046629653
B01038,personal,35,loyal,E,0.35,6500.0,0.636226551333873,med,4135.472583670175,68651.30077766126,0.005019900736068589,-1.8279323958167013
B01039,personal,19,loyal,D,0.14459250853415798,5000.0,0.5559728134165206,med,2779.864067082603,44507.01105246079,0.005204917909461414,0.03194938617071241
B01040,personal,16,established,D,0.15868909054654698,7000.0,0.4842997756837839,med,3390.0984297864875,42355.41007053882,0.006669943745361391,-0.4172106692157472
B01041,salary_advance,26,loyal,A,0.03402584411420311,12000.0,0.26033178798486634,low,3123.981455818396,20961.4732280329,0.012419536792705521,1.9023370249243028
B01042,salary_advance,30,loyal,A,0.026386733135351163,7500.0,0.37644687778486985,med,2823.351583386524,16415.867362441582,0.014332431751601937,2.0483024659397797
B01043,salary_advance,10,established,B,0.04873311158305117,10500.0,0.5332228802328369,med,5598.840242444788,33331.043952746026,0.013998062012854934,1.3042236554333952
B01044,personal,15,established,E,0.31706461840114436,2000.0,0.6803916403293245,med,1360.7832806586491,53319.634673591725,0.002126770136662591,-1.3505500487458946
B01045,personal,6,new,B,0.07924230472457332,6000.0,0.5763905363929579,med,3458.3432183577474,69415.98276537837,0.004151713434218179,0.8626190317989219
B01046,personal,30,loyal,B,0.06340791149496425,14500.0,0.5839904998450154,med,8467.862247752722,6981.712754132807,0.10107193065125976,0.9090419685934918
B01047,salary_advance,51,loyal,E,0.23478691571448462,6000.0,0.5510763792854585,med,3306.458275712751,103312.49032612777,0.0026670365681142187,-0.9212343852795909
B01048,salary_advance,17,established,E,0.35,3000.0,0.5735398334132983,med,1720.619500239895,33838.105277541,0.004237381412974441,-1.717013828801687
B01049,personal,5,new,C,0.08229065965317213,3500.0,0.5714991167060118,med,2000.2469084710415,44351.9386940695,0.003758285371071622,0.6879892900207761
B01050,salary_advance,22,loyal,C,0.09058288670765273,5500.0,0.5187677560873749,med,2853.222658480562,10332.305683113724,0.023012148707714838,0.5699006990207555
B01051,personal,10,established,E,0.35,5500.0,0.7171987739624686,high,3944.593256793577,23616.52103089569,0.013918904664356106,-1.2851820924548754
B01052,personal,11,established,D,0.1514604878836962,7500.0,0.6128968507089444,med,4596.726380317083,42301.014757831304,0.009055587292316035,-0.20817192870876858
B01053,personal,23,loyal,B,0.07449152733132035,6000.0,0.6538866796031924,med,3923.3200776191543,14099.41706642444,0.02318842958267833,0.7640410811132027
B01054,personal,18,established,D,0.15660360649744973,12000.0,0.5261049790819762,med,6313.259748983714,5494.0927387480015,0.09575829970461427,-0.08285112666754706
B01055,salary_advance,12,established,E,0.2670741092338362,35000.0,0.7192710544619926,high,25174.48690616974,32355.132535262648,0.06483898363145581,-1.2019861531260863
B01056,salary_advance,11,established,A,0.02491490534828664,12500.0,0.6661880718866892,med,8327.350898583614,26176.557446314026,0.026510205157363697,2.23555690356411
B01057,personal,17,established,B,0.059136931041260964,10000.0,0.5250871149677708,med,5250.871149677709,59440.75601863834,0.007361491089872238,1.004217968987892
B01058,personal,13,established,E,0.19994977815574352,11000.0,0.6341365602465941,med,6975.502162712535,24637.989965968154,0.02359331453968588,-0.3353774516734673
B01059,salary_advance,8,established,D,0.14620641409733356,20500.0,0.4731897614409034,med,9700.390109538519,25650.149109159884,0.03151505431884094,0.05490534409771236
B01060,salary_advance,13,established,C,0.08779325108665657,41000.0,0.6213062126039179,med,25473.554716760635,39486.83594389802,0.05375959292896344,0.709487394713176
B01061,personal,19,loyal,E,0.19452591897580895,2500.0,0.702311507660737,high,1755.7787691518427,47497.68441032169,0.003080463800410544,-0.7296213957403316
B01062,personal,14,established,C,0.11009370730579081,5500.0,0.5022160141266263,med,2762.188077696445,18218.418412738363,0.012634595089060695,0.3226764365369687
B01063,salary_advance,7,established,E,0.24177595712073416,2500.0,0.6687333305062354,med,1671.8333262655885,45228.1209720463,0.003080372141517299,-0.9807324368607656
B01064,personal,28,loyal,C,0.11050673155504764,21500.0,0.5788422676699412,med,12445.108754903735,20192.09348610262,0.05136131114665081,0.329465783154834
B01065,salary_advance,3,new,E,0.23975809946590604,2000.0,0.6573436499131082,med,1314.6872998262165,27148.76624209986,0.004035442126855345,-1.1685714998568588
B01066,personal,12,established,E,0.25336345872872734,25000.0,0.694066967961555,med,17351.674199038873,38906.76253341404,0.03716507763086355,-1.1180839823267146
B01067,salary_advance,11,established,A,0.03495850950212365,4500.0,0.5313788733575345,med,2391.2049301089055,42822.75885254997,0.0046532984527037245,1.9957226136182098
B01068,personal,17,established,D,0.14246275275619566,12000.0,0.5515047502028696,med,6618.057002434435,32050.664601260327,0.01720727969494844,0.059225894284554124
B01069,personal,22,loyal,C,0.08553857123920865,6000.0,0.6189223958898503,med,3713.534375339102,14849.100501871684,0.020840400258986633,0.6074064854011676
B01070,salary_advance,30,loyal,E,0.2964753959202413,5500.0,0.7275419717288251,high,4001.4808445085378,9617.69499961842,0.034671169865088045,-1.261379861081323
B01071,personal,11,established,E,0.18920462746569283,7000.0,0.5405295816442239,med,3783.7070715095674,24260.97100115016,0.012996549998384203,-0.5970017585210479
B01072,personal,22,loyal,B,0.07571760594164727,14500.0,0.5269631511922082,med,7640.965692287018,45899.370083817965,0.013872677116508107,0.8612121187043472
B01073,salary_advance,18,established,C,0.0899651377085216,9000.0,0.36723085027419483,med,3305.0776524677535,34452.3880302273,0.007994311960726776,0.544136265947505
B01074,salary_advance,6,new,E,0.35,4500.0,0.7066240114373038,high,3179.8080514678672,30733.795356613307,0.008621909569394253,-1.8040298213537054
B01075,personal,46,loyal,C,0.08756129987626803,14000.0,0.6551957074594583,med,9172.739904432416,26799.416501864376,0.028522822203343772,0.6071379166570812
B01076,personal,7,established,C,0.10882818300333293,38000.0,0.5241093338294525,med,19916.154685519192,31888.668744828305,0.052046059696228796,0.36655880354968934
B01077,personal,20,loyal,A,0.031084345898674814,28500.0,0.5040879929950213,med,14366.507800358106,15572.31368467092,0.07688061052492698,1.6837619981986998
B01078,salary_advance,20,loyal,D,0.12623585801170745,12500.0,0.540119640246677,med,6751.495503083463,41320.375076041186,0.013616154844227978,0.09476888106165715
B01079,personal,19,loyal,E,0.35,4500.0,0.621930854923963,med,2798.6888471578336,42850.326865599694,0.00544276059615589,-1.842068720135671
B01080,personal,12,established,E,0.26724164060889566,26500.0,0.6401476277414407,med,16963.91213514818,22128.10879272674,0.06388523112559603,-0.9967707518051554
B01081,salary_advance,25,loyal,D,0.17110175050815044,7500.0,0.5059781189832657,med,3794.835892374493,34212.76834712001,0.009243225253099447,-0.3470650388685572
B01082,salary_advance,6,new,B,0.06448490582437023,44500.0,0.49378165729610285,med,21973.283749676575,10466.111020403847,0.1749558145876671,1.0867088777799743
B01083,salary_advance,15,established,E,0.35,11000.0,0.5910215746120954,med,6501.237320733049,29703.683889555025,0.018239144300827327,-2.3667365883953178
B01084,salary_advance,12,established,D,0.155165088061976,5000.0,0.6290087400197805,med,3145.0437000989023,25003.750347067562,0.01048190656882716,-0.09835646007262211
B01085,salary_advance,11,established,B,0.04157476399226428,4500.0,0.5125257060135807,med,2306.3656770611133,53775.76063354775,0.003574047814308209,1.7757954735772548
B01086,salary_advance,20,loyal,C,0.08703475934133835,14500.0,0.4893616915600582,med,7095.744527620844,24118.789995246698,0.024516654611816707,0.7572124628336347
B01087,salary_advance,29,loyal,B,0.04579444638046113,17000.0,0.4976953160753699,med,8460.820373281287,43380.50746128218,0.01625311472138477,1.646316816176424
B01088,personal,13,established,E,0.35,7000.0,0.6301777989588663,med,4411.244592712064,21695.390960812212,0.01694386225734909,-1.6417983335510877
B01089,personal,25,loyal,E,0.3080294422415697,35000.0,0.7294573641334411,high,25531.007744670438,7651.405282305094,0.27806447315539035,-1.2019895132063225
B01090,personal,16,established,B,0.04512809819965596,11000.0,0.4577442216706654,med,5035.18643837732,23764.66335942565,0.017656419681550146,1.4372424578452343
B01091,salary_advance,10,established,C,0.10894223441607277,9000.0,0.608451257882717,med,5476.061320944454,29977.92301724982,0.01522248366404346,0.4512153657572532
B01092,personal,14,established,D,0.14567652903090927,8000.0,0.49381636430525244,med,3950.5309144420194,29230.28554702535,0.011262664848319878,0.10327436220914413
B01093,personal,13,established,E,0.30347347472105357,2000.0,0.6995498111175148,med,1399.0996222350295,29474.264681457633,0.003955709716470066,-1.1181528281069966
B01094,personal,11,established,D,0.14752345908648076,8000.0,0.6623013446578305,med,5298.410757262644,20362.49869249616,0.0216836959176625,0.10078172895023148
B01095,personal,20,loyal,E,0.2226217688170469,28500.0,0.7020343319370889,high,20007.978460207032,22515.288207456353,0.07405330649058352,-0.7459375683400963
B01096,personal,18,established,B,0.06440247961922183,4000.0,0.655335859316168,med,2621.343437264672,14479.814940136237,0.015086193251905427,1.18687044890565
B01097,salary_advance,6,new,A,0.015,32000.0,0.46575454812853123,med,14904.145540112999,8972.02681133562,0.13843161132482817,3.0778307098681714
B01098,salary_advance,6,new,C,0.08262337709864745,24000.0,0.6482599149548306,med,15558.237958915934,25373.168797926206,0.051098065055856484,0.8339410536653293
B01099,personal,20,loyal,D,0.17077139237866285,3000.0,0.725179217359734,high,2175.537652079202,17856.775671577132,0.01015271780719645,-0.23494638546154367
B01100,personal,10,established,E,0.35,11000.0,0.5759642448560877,med,6335.606693416964,48723.15063260611,0.010836064942362158,-2.5336583304946583
B01101,personal,19,loyal,E,0.30104929984881484,8000.0,0.5749066799311522,med,4599.253439449218,8102.346357748004,0.047303719568541035,-1.2844641145423412
B01102,salary_advance,25,loyal,A,0.023444899331147573,12500.0,0.3246930379289384,low,4058.66297411173,31573.08637020027,0.010712348819611627,2.304861831027136
B01103,salary_advance,8,established,E,0.23548213156293882,4000.0,0.6993232874048034,med,2797.2931496192136,86406.48377603947,0.002697804056839871,-0.6791918432710732
B01104,personal,7,established,D,0.15653778327168255,4500.0,0.4330252369022278,med,1948.613566060025,24329.246435850422,0.006674455136393102,-0.3708348816865122
B01105,salary_advance,41,loyal,B,0.05101179735824986,16000.0,0.33242667306218704,low,5318.826768994993,26862.553971493766,0.016500127447050362,1.4053259745791782
B01106,personal,19,loyal,A,0.026928584373281942,7500.0,0.37570089584165783,med,2817.756718812434,34012.74966602705,0.006903677656369385,1.8822897993617924
B01107,personal,13,established,D,0.15517986781947216,5000.0,0.40424778083106544,med,2021.2389041553272,35507.019966979395,0.004743754206996783,-0.199586921163838
B01108,salary_advance,9,established,D,0.1483540784605894,34500.0,0.5965812361557605,med,20582.052647373737,21489.526693444084,0.07981427783009605,-0.054666869666034734
B01109,personal,12,established,D,0.12233644483649084,12000.0,0.4542800708175046,med,5451.360849810055,15451.12483412541,0.029401100288451488,0.07162102851068375
B01110,personal,8,established,E,0.22198694160503474,10000.0,0.4326679898199669,med,4326.679898199669,38522.4488998137,0.009359650501997276,-0.6276378166392172
B01111,personal,26,loyal,D,0.16215640244305138,33500.0,0.5720944860363815,med,19165.16528221878,9419.772692021927,0.16954730852520739,-0.17381920329295508
B01112,personal,10,established,C,0.09337330049362924,3500.0,0.5477910195693305,med,1917.2685684926569,42519.81901705981,0.003757597854393912,0.4118801175338736
B01113,salary_advance,30,loyal,B,0.07517390015706032,6000.0,0.34284983160938004,low,2057.09898965628,21687.9223697646,0.007904164948675563,0.9352915178344864
B01114,salary_advance,13,established,A,0.017567380032841775,19000.0,0.38961339670114137,med,7402.654537321686,26948.875087648717,0.022891043730165726,2.481605306558584
B01115,personal,9,established,D,0.13825908170945844,9000.0,0.5432532985543701,med,4889.279686989331,20149.115503700425,0.02022123372318504,0.4388488166354295
B01116,personal,13,established,B,0.05760063542121131,4000.0,0.47836331472945665,med,1913.4532589178266,59099.95505699087,0.0026980466920725776,1.151145548093828
B01117,salary_advance,3,new,E,0.25633571681934386,14500.0,0.5883303358467911,med,8530.789869778471,30851.970136192806,0.02304226124544664,-1.071285176723131
B01118,personal,15,established,C,0.08362869293562686,3500.0,0.653566984042653,med,2287.4844441492855,22539.939587686647,0.008457152377783791,0.5251572900302712
B01119,salary_advance,14,established,E,0.21234819133483698,7500.0,0.7721936113001393,high,5791.452084751045,22193.470598107047,0.02174608089929618,-0.3729813466010591
B01120,salary_advance,25,loyal,B,0.055461465468373224,10500.0,0.4826552995139985,med,5067.880644896984,24797.88325607392,0.017030622441183807,1.1454532632965577
B01121,personal,5,new,C,0.09176251760745187,13000.0,0.4173531419355172,med,5425.590845161723,100540.61931292593,0.0044970139782301456,0.3385145981148411
B01122,salary_advance,31,loyal,C,0.08692029676619689,6000.0,0.5074111027785142,med,3044.4666166710854,13037.712569724341,0.01945936068405144,0.7998688440014738
B01123,personal,25,loyal,A,0.015,5000.0,0.46608176806035495,med,2330.408840301775,48804.861097365334,0.0039791269214840205,2.807325721474793
B01124,personal,32,loyal,A,0.03712010752846583,29000.0,0.48077240397550025,med,13942.399715289508,36770.74767422633,0.03159758004472609,1.8279797691084525
B01125,personal,15,established,B,0.0653555620185712,45500.0,0.5745323352740489,med,26141.221254969227,62748.90858823792,0.03471670111229806,1.1772453328290966
B01126,personal,28,loyal,B,0.06017290591736776,10500.0,0.7191415138348948,high,7550.985895266395,38024.52926207756,0.016548497425662872,1.1642861923700136
B01127,salary_advance,7,established,A,0.037797913839106835,4500.0,0.31359757862812915,low,1411.1891038265812,26952.993606903805,0.004363118015782348,2.1133608177300442
B01128,salary_advance,24,loyal,E,0.18621603230416459,6500.0,0.5481804245757854,med,3563.172759742605,47146.5066765092,0.006298050147156078,-0.6869692974692158
B01129,salary_advance,10,established,A,0.03276967327459261,7000.0,0.6398699277670886,med,4479.08949436962,30527.184276609507,0.012227051616749723,1.7202831179905762
B01130,salary_advance,6,new,E,0.21528889020198705,4000.0,0.5485992951414395,med,2194.397180565758,40750.598954603585,0.004487453838838724,-0.6412443119995229
B01131,personal,8,established,E,0.2726664902194551,4500.0,0.6762916616850823,med,3043.31247758287,59013.452483955625,0.004297484089765063,-0.5643391190667296
B01132,personal,16,established,C,0.11841946946483112,5500.0,0.6052433589832451,med,3328.838474407848,28307.61094903404,0.009799597949120466,0.561392444061668
B01133,salary_advance,10,established,B,0.049621622999409636,7000.0,0.6182388521723476,med,4327.671965206434,21302.68201763492,0.016929292289831054,1.5832201655107236
B01134,salary_advance,20,loyal,D,0.17135158575042758,4500.0,0.7524176283560162,high,3385.879327602073,18880.850279256945,0.014944062712233442,-0.403576631681962
B01135,personal,6,new,E,0.1875568314296958,17500.0,0.6233728784890272,med,10909.025373557977,34468.3649428622,0.02637448713634889,-0.5125448776777309
B01136,personal,5,new,D,0.15320441281724084,7500.0,0.4051963663918439,med,3038.9727479388293,16597.500240437632,0.015258184987272817,-0.2524679274986895
B01137,personal,34,loyal,C,0.10918404230555731,8500.0,0.4855999961356102,med,4127.599967152687,22194.66602053142,0.015497717497131988,0.213633995304286
B01138,personal,27,loyal,B,0.0664824623506768,6500.0,0.7149519486830721,high,4647.187666439969,15801.137041280319,0.024508719711642882,1.2540320612351876
B01139,salary_advance,9,established,A,0.015,32000.0,0.28372305841046164,low,9079.137869134773,35581.69200836782,0.021263598770119414,3.7859276159845203
B01140,personal,16,established,C,0.10218791846338608,3500.0,0.5955406666706913,med,2084.3923333474195,17788.622138192823,0.009764632682783568,0.41932070852587977
B01141,salary_advance,28,loyal,D,0.15493275637143442,5000.0,0.32507232395414787,low,1625.3616197707393,13257.210846197186,0.010216839968749109,0.014803561837683832
B01142,salary_advance,20,loyal,D,0.17008893246900755,10500.0,0.4567408854641847,med,4795.779297373939,14604.332604324765,0.027365048825498138,-0.5465083306389955
B01143,salary_advance,17,established,D,0.14025938194215545,12000.0,0.6504897587997085,med,7805.877105596502,19651.351655902323,0.033101527578859063,0.024746086414394353
B01144,personal,30,loyal,E,0.18163364917410307,17500.0,0.5953769100627246,med,10419.095926097682,20657.516960463825,0.04203109190244026,-0.5402498860287901
B01145,personal,11,established,C,0.09607827362512017,9000.0,0.5068320592172549,med,4561.488532955294,30893.434205675436,0.01230436350592284,0.4675497919754231
B01146,salary_advance,16,established,B,0.0711153410298969,9500.0,0.447571432542396,med,4251.928609152762,24614.899054743593,0.014394833929972192,0.8020216357842265
B01147,salary_advance,16,established,D,0.1419114365678169,5000.0,0.3750327092130321,med,1875.1635460651605,32980.47295153595,0.004738065129277836,-0.11316820452495657
B01148,personal,14,established,A,0.03066838402366652,12000.0,0.548584542464626,med,6583.0145095755115,34469.73213422395,0.01591496389726664,1.984955013783783
B01149,salary_advance,13,established,E,0.19167115880782162,7000.0,0.5598106754126163,med,3918.674727888314,40427.87217055072,0.008077502222882331,-0.3854473192398943
B01150,personal,17,established,D,0.15040134914290104,5000.0,0.4217409386900073,med,2108.7046934500363,9420.999658090117,0.01865252069826107,-0.11943106789817422
B01151,salary_advance,16,established,B,0.07009795611339904,3500.0,0.5246675160878075,med,1836.3363063073261,14472.812172360098,0.010573482451313818,0.9891626658898175
B01152,personal,9,established,B,0.06365304987371932,43000.0,0.5818852865121591,med,25021.06732002284,36504.3860324863,0.05711886077140584,0.8920548937698285
B01153,personal,25,loyal,B,0.04214008307661838,4500.0,0.4723193531525188,med,2125.4370891863346,30220.53043374217,0.005860908292808613,1.677576521543199
B01154,personal,9,established,C,0.10018669924117511,5500.0,0.5577945104272146,med,3067.8698073496803,46042.175976366096,0.005552644110703427,0.42849647899323895
B01155,personal,14,established,B,0.05919909246532653,44000.0,0.5217895323346812,med,22958.739422725972,11507.91460685362,0.16625325704865135,1.0509127007879968
B01156,personal,13,established,E,0.20523808839155203,10000.0,0.5298811862475737,med,5298.811862475737,20716.06955013558,0.021315223630508688,-0.6651081720279391
B01157,personal,20,loyal,B,0.04942647574163651,10500.0,0.5121737908682739,med,5377.824804116875,22856.504918626957,0.019607200164908727,1.3180819603503822
B01158,personal,5,new,D,0.12015915376878089,13500.0,0.6156102349619648,med,8310.738171986524,29484.2081897519,0.023489235657104417,0.5547291501563996
B01159,salary_advance,26,loyal,A,0.023363244693207795,4500.0,0.571042573284033,med,2569.6915797781485,27439.327019056753,0.0078041624283565845,2.2628866747535357
B01160,personal,11,established,E,0.35,11500.0,0.719414083947197,high,8273.261965392765,34821.58667168414,0.01979916950989181,-1.6684359922285426
B01161,salary_advance,32,loyal,D,0.17820278974456688,5000.0,0.5106582976222563,med,2553.2914881112815,25259.063514233723,0.008423680892050483,-0.15718311560106724
B01162,salary_advance,12,established,B,0.053760379038620326,45500.0,0.5757606082990685,med,26197.107677607615,57227.220613675825,0.03814779545567514,1.173140969367302
B01163,personal,16,established,E,0.35,3000.0,0.7228997585754814,high,2168.6992757264443,68197.6307160816,0.0026500178634688816,-2.651364479881397
B01164,personal,47,loyal,B,0.06604731926140349,14500.0,0.45396554292845176,med,6582.50037246255,14547.243225791619,0.03770760474621559,0.8920061737883502
B01165,salary_advance,14,established,B,0.0569891030188249,11000.0,0.4579244404302339,med,5037.168844732573,27579.03511120797,0.015220404510228542,1.4098044249313673
B01166,salary_advance,32,loyal,C,0.11545474895350682,5000.0,0.6232957909124024,med,3116.478954562012,41726.715053284686,0.006223988138419022,0.1736247524495601
B01167,personal,16,established,E,0.22711745155816976,7000.0,0.7168420160274286,high,5017.894112192,37120.712823688096,0.011264811768803768,-0.43019000011191194
B01168,salary_advance,20,loyal,D,0.1568476990233683,18500.0,0.4018832591009005,med,7434.840293366659,21497.372699282994,0.028820732333858,-0.32413734723990384
B01169,personal,17,established,E,0.19771760150923398,4500.0,0.7375194281951954,high,3318.8374268783796,30951.467336306087,0.008935595284323784,-0.5215471197314033
B01170,personal,26,loyal,E,0.1807436357950345,49000.0,0.6835037963181112,med,33491.68601958745,11260.968686207534,0.24784491572061762,-0.09256850196175759
B01171,salary_advance,11,established,E,0.18364289816715548,4500.0,0.6038170225219615,med,2717.1766013488264,26621.43418858951,0.008505604237610483,-0.3328412744655215
B01172,personal,9,established,E,0.3031687571029472,10000.0,0.590479862786256,med,5904.798627862559,12050.15693546327,0.040834866712295005,-0.7376781777844968
B01173,salary_advance,11,established,D,0.12926006131401585,12000.0,0.6008370718875315,med,7210.0448626503785,35574.64451004075,0.0168894750787446,0.07899521511160645
B01174,personal,17,established,D,0.17934302381808492,7500.0,0.5189686457495568,med,3892.264843121676,14562.763849223084,0.02227292888573327,-0.28310431565612143
B01175,salary_advance,14,established,A,0.03214766454376498,18500.0,0.4529833277457775,med,8380.191563296883,29427.010207933097,0.023731574903696536,2.2241318998610566
B01176,personal,24,loyal,C,0.11588066760524525,12000.0,0.4175247976644404,med,5010.297571973285,32066.192941159792,0.013020716192613887,0.005814856882989827
B01177,personal,33,loyal,B,0.06427263567027719,14000.0,0.35983153667398504,med,5037.64151343579,28049.473451759713,0.014966536187389488,0.7441502161918585
B01178,personal,9,established,E,0.1932583314183882,7000.0,0.7885294924800889,high,5519.706447360622,19004.402187441654,0.02420363096630366,-0.5768829664763014
B01179,personal,10,established,E,0.23562126482764698,10000.0,0.6062270438993532,med,6062.2704389935325,23963.747880232622,0.021081393685759186,-0.5895957758414572
B01180,salary_advance,7,established,E,0.29105561413584563,5500.0,0.6525255132080753,med,3588.890322644414,51512.99667913391,0.005805800726690116,-1.3543705377326223
B01181,personal,50,loyal,E,0.3285432029358417,2000.0,0.6289426449108851,med,1257.8852898217704,21300.064504562142,0.00492128904724033,-1.1713662478110933
B01182,personal,19,loyal,E,0.26210710679566274,4000.0,0.5302115740858037,med,2120.846296343215,27222.158158321316,0.006492401900468322,-0.8069982796529996
B01183,personal,21,loyal,C,0.11983603563005336,14000.0,0.5123821300517076,med,7173.349820723907,19806.51410044545,0.03018093687235697,0.5836968347600708
B01184,personal,7,established,B,0.07189588636081462,44500.0,0.5277208878870925,med,23483.579510975615,47156.866326580035,0.04149904588008898,1.0761736552845853
B01185,salary_advance,16,established,E,0.35,2000.0,0.6252387377607821,med,1250.4774755215642,28079.833435504836,0.003711078149121158,-1.4366645268955178
B01186,personal,21,loyal,E,0.18703158103737452,7500.0,0.5037489846530324,med,3778.1173848977432,17673.370521071844,0.017814548449191392,-0.14907680134881696
B01187,salary_advance,14,established,E,0.2984253887365471,3500.0,0.666754358120139,med,2333.6402534204863,27008.823616029375,0.0072002403319394665,-1.0168907093503483
B01188,personal,29,loyal,D,0.12085323480873632,8500.0,0.5782062182524749,med,4914.752855146036,23562.988243498832,0.017381612794456883,0.1357229058664502
B01189,salary_advance,58,loyal,A,0.028648287918379534,17500.0,0.524386093559367,med,9176.756637288923,57868.01893693687,0.013215066522451035,1.8257694937071505
B01190,personal,9,established,E,0.1815985062527527,10500.0,0.6547194477133883,med,6874.554200990578,26250.015839304913,0.02182396842181808,-0.4468824016079753
B01191,personal,9,established,D,0.14608766434677953,12000.0,0.5527929451653005,med,6633.515341983606,12575.278117089732,0.04395870532788122,-0.04751697219969663
B01192,salary_advance,10,established,A,0.03529124347419562,29000.0,0.4698631213136213,med,13626.030518095018,35392.254652204,0.032083362711221704,1.8052283963923141
B01193,salary_advance,39,loyal,B,0.04120984182716935,4000.0,0.65303363823527,med,2612.13455294108,71850.87634856685,0.003029578628321052,1.2079009305079094
B01194,salary_advance,29,loyal,D,0.1389120112474215,8000.0,0.47336615877695415,med,3786.929270215633,51964.28783639862,0.006072967653827605,-0.010091855816802053
B01195,personal,15,established,D,0.1266630843759909,5000.0,0.3752032658773862,med,1876.0163293869311,14667.456685001729,0.010658609564904208,0.1589152858357252
B01196,personal,16,established,E,0.2661093502354523,28000.0,0.6636053302590149,med,18580.949247252418,23206.774529737326,0.06672243207632704,-0.8275490114022908
B01197,salary_advance,10,established,C,0.09877685464617193,24000.0,0.47055313808525284,med,11293.275314046068,26452.984129383643,0.0355765637467395,0.7704820127359997
B01198,personal,26,loyal,B,0.07241364809914999,3500.0,0.4177456605273064,med,1462.1098118455723,26630.118476697906,0.004575363959686471,0.9153401540727594
B01199,salary_advance,13,established,E,0.2550516742128643,3500.0,0.6972412089713583,med,2440.3442313997543,33174.242366227176,0.006130117970390915,-1.0171597004984525
B01200,personal,14,established,C,0.09782848032528256,8500.0,0.541090735709666,med,4599.271253532162,22264.403930180142,0.017214590862748166,0.17514941738577372
B01201,personal,22,loyal,D,0.12597658748608556,53500.0,0.4292770586274511,med,22966.32263656863,16259.08149982366,0.11771022980202231,0.28242674200408036
B01202,salary_advance,14,established,B,0.06351610127756697,3500.0,0.705064976003084,high,2467.727416010794,45410.116294610154,0.004528593364528362,0.8946773971721118
B01203,salary_advance,14,established,B,0.06451789154457772,10500.0,0.35681438927763887,med,3746.5510874152083,14501.953663572342,0.021529002082125333,1.1813470510191335
B01204,personal,16,established,C,0.11960045987552757,9000.0,0.5383026683325529,med,4844.724014992977,17306.47352045751,0.023328091697721088,0.477449604124605
B01205,personal,25,loyal,C,0.10775343886443653,12500.0,0.37370495377216434,med,4671.311922152055,14452.467489842338,0.02693491570116086,0.09680664662024768
B01206,personal,40,loyal,B,0.054668569795296496,16000.0,0.5338476720747753,med,8541.562753196406,37673.67446626964,0.018893747588571257,1.3333300208640004
B01207,personal,22,loyal,E,0.23076382118175992,4500.0,0.5324288756373081,med,2395.9299403678865,28525.65737897555,0.006999341880588802,-0.4730627763102515
B01208,personal,25,loyal,E,0.2963582323584397,15500.0,0.6929542757253154,med,10740.791273742389,43736.00657189086,0.020465195833718194,-0.9205219933694994
B01209,personal,14,established,E,0.35,1500.0,0.7000085233633989,high,1050.0127850450983,17468.309299071352,0.005009131904086251,-3.1952866845608003
B01210,salary_advance,11,established,C,0.10285216456314032,21500.0,0.679111221337086,med,14600.89125874735,13505.371654665434,0.09009311030760285,0.27985904826284497
B01211,salary_advance,23,loyal,D,0.1266164241301392,5000.0,0.5255164667206832,med,2627.582333603416,21075.246402359706,0.010389686093655101,-0.0715464394934352
B01212,personal,18,established,C,0.11308891257216926,9000.0,0.3905653408901418,med,3515.088068011276,24333.91882031234,0.01203768319565087,0.3977544760753508
B01213,personal,7,established,E,0.35,4500.0,0.6825879324886904,med,3071.645696199107,30182.05946146702,0.008480881664488555,-1.9712273940443676
B01214,personal,13,established,D,0.160490638573194,10000.0,0.5686386688321411,med,5686.3866883214105,10664.594426147769,0.04443352821728316,-0.6471785508995
B01215,personal,15,established,C,0.09579425940410242,5500.0,0.36578383446409674,med,2011.811089552532,35006.952892225134,0.004789075034480139,0.47026990586448525
B01216,personal,12,established,E,0.30905706497223656,6000.0,0.5216993224441069,med,3130.1959346646413,16451.446639548394,0.015855727884439345,-1.0298361463489805
B01217,personal,37,loyal,B,0.07830002528557341,3500.0,0.4558424737207179,med,1595.4486580225127,18843.463945110125,0.007055712008285554,0.809256748612862
B01218,salary_advance,21,loyal,D,0.1254183447612536,8500.0,0.701806666883252,high,5965.356668507642,51304.83325037452,0.009689400086011222,0.19297740493195936
B01219,personal,34,loyal,C,0.10276601372874887,22000.0,0.6175784505630867,med,13586.725912387907,8096.941971556466,0.13983392289867333,0.3671916902200024
B01220,personal,19,loyal,B,0.05706935519095708,10000.0,0.48504618883123574,med,4850.461888312358,32124.559657428657,0.01258243417714498,0.9951580064168556
B01221,personal,17,established,B,0.06834234634914484,10000.0,0.5694480361526807,med,5694.4803615268065,32057.958496178508,0.014802565490369629,0.952797023115313
B01222,salary_advance,9,established,C,0.10263308008785182,13500.0,0.3473198060523819,low,4688.817381707156,17148.53905609634,0.022785310196440478,0.4424924113206071
B01223,salary_advance,16,established,E,0.21193464568314882,7000.0,0.5373320009564498,med,3761.324006695149,21039.304779287413,0.014898004972729516,-0.4640102948787449
B01224,personal,16,established,E,0.2131247615985609,17500.0,0.6308037284196993,med,11039.065247344739,52658.12049982042,0.017469710183608475,-0.45803886237965
B01225,salary_advance,7,established,B,0.0674816672920094,10000.0,0.5378892372629496,med,5378.892372629496,79190.2092186413,0.005660308710826622,0.9869553630869581
B01226,personal,12,established,E,0.31697724217445955,26000.0,0.5734482987198855,med,14909.655766717022,48319.92240673137,0.025713437687971092,-1.0212535834826066
B01227,personal,13,established,D,0.15382871075923538,19000.0,0.5715801613508259,med,10860.023065665691,75904.36087510976,0.01192292394936128,-0.1780665966402057
B01228,salary_advance,20,loyal,C,0.08898413619548066,8500.0,0.5805710597082251,med,4934.8540075199135,18393.772614229434,0.02235744904456734,0.36411590163852514
B01229,personal,21,loyal,D,0.12125655070157944,8500.0,0.5528987661367634,med,4699.639512162488,11281.886606850205,0.03471375308591954,0.2966382166810354
B01230,personal,11,established,E,0.2843159015413397,9000.0,0.6980336899398953,med,6282.303209459058,26135.718178572577,0.020031026653942678,-1.0092825292493772
B01231,personal,21,loyal,E,0.35,7500.0,0.6726670198954244,med,5045.002649215683,41884.54778141397,0.01003751764561722,-1.4519443522121116
B01232,personal,14,established,C,0.08074266883057227,5500.0,0.5906749131942393,med,3248.712022568316,9700.06088849007,0.027909721907202867,0.5207426159596433
B01233,salary_advance,3,new,C,0.08699487407822061,6000.0,0.6866060438932959,med,4119.6362633597755,16162.495309486869,0.021240719045724336,0.9641314234886486
B01234,personal,12,established,E,0.35,3000.0,0.7260809284417655,high,2178.2427853252966,17180.541235299577,0.010565454814513368,-1.7921749574981565
B01235,personal,29,loyal,B,0.07608374657840729,14500.0,0.694042358426911,med,10063.614197190209,32732.048694306275,0.025621204595678043,0.7689261609262164
B01236,personal,6,new,B,0.054114290349734404,15000.0,0.4491301063827813,med,6736.951595741719,30491.119615794392,0.01841233251033737,1.0831829148451766
B01237,personal,17,established,C,0.10480394102767474,5500.0,0.38368170298302684,med,2110.249366406648,17564.965043448432,0.01001164041216311,0.5959110467623232
B01238,personal,39,loyal,D,0.12443391982188011,8000.0,0.5519629934894196,med,4415.703947915356,29699.81686855718,0.012389818113071169,-0.01667017867606646
B01239,personal,10,established,E,0.3410039764646669,9000.0,0.6039109991429563,med,5435.198992286607,14333.534608753427,0.03159955040542567,-0.9434963697507577
B01240,salary_advance,16,established,C,0.09463488710776886,39000.0,0.682749510228722,med,26627.23089892016,21278.795790485387,0.10427920499314734,0.4309780793499893
B01241,personal,8,established,D,0.14772692501191145,5500.0,0.4463765042328593,med,2455.070773280726,13418.181719826101,0.015247165031640263,0.24778505884688073
B01242,personal,40,loyal,C,0.09542648204507287,5500.0,0.5353883634580971,med,2944.635999019534,24769.521255749944,0.009906785469043508,0.49580751115589883
B01243,personal,15,established,E,0.1962697746582124,7500.0,0.619452926702642,med,4645.896950269815,17321.9698378766,0.02235069583960266,-0.18013463011756567
B01244,personal,16,established,E,0.2709167567920171,9000.0,0.631323103132224,med,5681.907928190016,39328.560375762914,0.012039401463598144,-1.0826517241227573
B01245,personal,34,loyal,B,0.07610674886229209,6000.0,0.5115075354916238,med,3069.0452129497426,26518.479567171245,0.0096443601563954,0.8226882913088518
B01246,personal,23,loyal,C,0.08169671486272745,6000.0,0.5630740862799172,med,3378.444517679503,23748.89985558113,0.011854740423851495,0.8708544944135239
B01247,personal,10,established,D,0.13338128933936316,21000.0,0.6611014210127806,med,13883.129841268392,71144.50739139476,0.016261655736930457,0.20082212546167189
B01248,salary_advance,11,established,C,0.11642485245023587,9000.0,0.6906930935170882,med,6216.237841653794,33216.71517590419,0.015595154951191384,0.4609936450712573
B01249,salary_advance,21,loyal,A,0.019114980808311238,8000.0,0.46463240215517954,med,3717.0592172414363,21971.803561089415,0.014097838345809483,2.4292494877461053
B01250,personal,11,established,E,0.22156719328033345,7000.0,0.5195156088934948,med,3636.6092622544634,19515.134253668915,0.015529012914557019,-0.6243787845733961
B01251,personal,5,new,C,0.08283311335862871,6000.0,0.6716186104869951,med,4029.711662921971,14049.68236085228,0.023901558527699464,0.9314350974566558
B01252,personal,15,established,E,0.21723249695110042,6500.0,0.4969166741258705,med,3229.958381818158,25945.769830653597,0.01037406869180054,-0.7340244692218376
B01253,personal,7,established,B,0.06557561356405543,10000.0,0.686256729656372,med,6862.5672965637195,31862.57645807247,0.017948347924704282,1.1089505729564282
B01254,personal,40,loyal,A,0.038374332159101215,4000.0,0.6252368190733386,med,2500.9472762933547,9387.114257264582,0.022201953370617422,1.6333675500805436
B01255,salary_advance,18,established,D,0.139731075031481,3000.0,0.7020507938696338,high,2106.152381608901,12705.73900029009,0.013813655267387535,0.05694879659811741
B01256,salary_advance,9,established,A,0.029408096617355464,30000.0,0.5466677547300692,med,16400.03264190208,20254.726767289514,0.0674740964184362,2.0109630540608334
B01257,salary_advance,11,established,B,0.06821593074077686,24000.0,0.3243737948141489,low,7784.971075539574,14705.849315777967,0.044114935200121615,0.8190358867460892
B01258,personal,5,new,E,0.3108984312102542,2000.0,0.5309333806563481,med,1061.866761312696,27550.931281039637,0.0032118296065351323,-1.2272724411405675
B01259,salary_advance,8,established,D,0.1470752384624716,12000.0,0.5986675733475642,med,7184.01088017077,29738.078964653847,0.020131346549288873,-0.02415659438920903
B01260,personal,28,loyal,B,0.04236043988513314,4000.0,0.43070069109009346,med,1722.8027643603739,25152.962142965982,0.005707753075523139,1.5327623061066515
B01261,personal,56,loyal,B,0.06364376680379365,26500.0,0.47682916494707334,med,12635.972871097443,36409.89570704709,0.028920646950777004,1.3230647018766497
B01262,personal,24,loyal,E,0.25177416697328336,16500.0,0.6614396570985153,med,10913.754342125501,19502.505965331507,0.04663398283929195,-0.6580404013792908
B01263,salary_advance,15,established,D,0.12612826867839821,12500.0,0.5407750018225188,med,6759.687522781485,26232.446163479442,0.021473685300052375,0.21074268780950284
B01264,personal,12,established,C,0.11032099634477273,12500.0,0.43463223578686383,med,5432.902947335798,15493.525846677367,0.029221361022550914,0.20352298277651182
B01265,salary_advance,9,established,D,0.14311691978522764,7500.0,0.6568893581479929,med,4926.670186109946,31462.160193221574,0.013049194534676246,-0.15760458907560893
B01266,personal,51,loyal,A,0.020876000225030344,8000.0,0.5006822874934611,med,4005.458299947689,28050.15636703,0.011899690942708619,2.757799723374719
B01267,salary_advance,14,established,B,0.07961445381022221,9000.0,0.5131617807223217,med,4618.456026500895,13916.156139555365,0.027656439873348405,0.5836637434053256
B01268,personal,52,loyal,C,0.11200916785248438,5500.0,0.6200552845474455,med,3410.30406501095,24703.923190760826,0.011503921997452855,0.3381878090969507
B01269,personal,35,loyal,B,0.0431864779240236,17000.0,0.5052459093910076,med,8589.180459647128,26349.325863204675,0.027164453543134185,1.5908510442580899
B01270,salary_advance,6,new,D,0.13779012241174485,8000.0,0.6907699973436302,med,5526.159978749041,31399.791971755363,0.014666126832198745,-0.015213534838834974
B01271,personal,11,established,B,0.05696619902437657,6500.0,0.5344085558828087,med,3473.655613238256,32047.202678385514,0.009032654238443849,1.007427610617323
B01272,personal,11,established,E,0.35,4500.0,0.760373978684638,high,3421.6829040808707,18094.218269153247,0.015758638354266018,-1.6677323955829848
B01273,personal,15,established,E,0.18296757792526924,17500.0,0.4037343404696785,med,7065.350958219374,40945.80171744694,0.014379477793138515,-0.45365404624556616
B01274,personal,15,established,B,0.05742510593777445,10000.0,0.5634165269053614,med,5634.165269053614,35870.86278557705,0.013089001377739834,1.0490704183772468
B01275,personal,60,loyal,A,0.03642096288197411,12000.0,0.4411579512774819,med,5293.895415329783,18060.47676168602,0.024426705734223265,1.9701977205896712
B01276,personal,9,established,E,0.2415743381641689,16000.0,0.523273452590858,med,8372.375241453728,14350.16364911274,0.0486195108186762,-0.7732957130059931
B01277,personal,18,established,E,0.2455993998135006,2500.0,0.7149755086028265,high,1787.4387715070663,18835.837704538008,0.007907969546957593,-0.8898216362186484
B01278,salary_advance,23,loyal,B,0.05196673646452618,16000.0,0.5948378226170848,med,9517.405161873357,11975.206049897928,0.06622993320683113,1.3174464303704592
B01279,personal,16,established,E,0.23681381018341122,7000.0,0.4035418966234724,med,2824.7932763643066,30163.974128899106,0.007803992892020721,-0.6230338949177128
B01280,personal,17,established,D,0.16473626476563794,4500.0,0.6476791284227148,med,2914.5560779022167,51583.542546109886,0.004708472143831745,-0.26857791775539397
B01281,personal,9,established,C,0.08244001059869455,61000.0,0.5859914249898592,med,35745.476924381415,58797.248105183695,0.05066206055034461,0.8764050247371578
B01282,personal,17,established,D,0.17825937346729953,7000.0,0.5203678255204457,med,3642.5747786431198,14777.517549467217,0.02054119693677535,-0.544102181614012
B01283,salary_advance,21,loyal,E,0.35,3500.0,0.5555675882713409,med,1944.486558949693,41470.69628584788,0.003907350517151514,-1.2154257515356859
B01284,salary_advance,19,loyal,E,0.20867659470513567,4500.0,0.4380132462822688,med,1971.0596082702095,28183.035075563083,0.005828150407344623,-0.5510844356058813
B01285,salary_advance,22,loyal,B,0.07920747231085812,59500.0,0.4976494271673702,med,29610.140916458527,7202.855399466049,0.3425741051557315,0.7599555857202809
B01286,personal,35,loyal,E,0.3407300707624153,12500.0,0.6268866524366735,med,7836.083155458419,22408.184895922517,0.029141446871065343,-1.4634231484728843
B01287,personal,27,loyal,C,0.11188882728294497,3000.0,0.6362945361326131,med,1908.8836083978392,21077.77222708907,0.007546985151908628,0.1028395827026794
B01288,personal,17,established,E,0.29593751993600187,5000.0,0.6602784622696966,med,3301.392311348483,52362.703037599975,0.005254045532144414,-1.392096516243992
B01289,personal,8,established,A,0.0352853444963129,7000.0,0.3888113448202876,med,2721.6794137420134,16663.484042567317,0.013610996189779451,1.6399390068655983
B01290,personal,11,established,A,0.027862373621268102,18500.0,0.496177456368569,med,9179.282942818527,36668.94134836177,0.020860712556923924,2.1651425947656726
B01291,salary_advance,14,established,E,0.20714452330400063,6500.0,0.5764418511561735,med,3746.872032515128,25364.387842297176,0.012310146729511954,-0.7081971023420685
B01292,personal,18,established,C,0.09530530085043813,3000.0,0.4588950700916714,med,1376.6852102750142,12146.605757200694,0.009444923941398843,0.256758680037918
B01293,personal,12,established,E,0.24600819990331574,6000.0,0.4579152483736992,med,2747.491490242195,19856.72620376318,0.011530482005813138,-0.9604037319968523
B01294,personal,9,established,D,0.16870869719634943,32500.0,0.6412222541917315,med,20839.723261231273,62467.225303085455,0.027800876326370585,-0.30931560205451125
B01295,personal,8,established,A,0.03277471485133789,11500.0,0.5310663845889583,med,6107.2634227730205,24456.37502692298,0.020810059463193118,1.8034693279558056
B01296,personal,6,new,E,0.19424669137523523,2500.0,0.6433271115565924,med,1608.3177788914809,44277.276681908,0.0030269811428816763,-0.4666885477264853
B01297,personal,14,established,E,0.19750254628932834,32500.0,0.5125871197624597,med,16659.081392279943,42962.368409963194,0.0323133205656337,-0.2860374622371136
B01298,salary_advance,7,established,E,0.24806446248108185,4500.0,0.618065088122656,med,2781.2928965519523,21024.735023359717,0.011023891991432045,-0.5925292672276969
B01299,personal,9,established,B,0.07774112269090214,10500.0,0.3814959502599116,med,4005.707477729072,13281.370767024107,0.025133622299456187,1.1461893776648633
B01300,personal,13,established,E,0.35,4500.0,0.6153498813982277,med,2769.0744662920247,14278.353369970282,0.016161261704704236,-3.2632667025240267
B01301,personal,7,established,D,0.17479689200838122,4500.0,0.5908090434458484,med,2658.6406955063176,59779.428359490994,0.0037061811625205645,-0.442797321531621
B01302,salary_advance,20,loyal,C,0.09164406827173625,6000.0,0.5609814472097417,med,3365.8886832584503,29244.756643947443,0.009591145757163338,0.7041139058645414
B01303,personal,24,loyal,D,0.16162468907278818,3000.0,0.41786275023976943,med,1253.5882507193082,10367.159804785064,0.010076596630807715,-0.26107732985091436
B01304,salary_advance,12,established,B,0.06283213854636528,4000.0,0.40766329806713264,med,1630.6531922685306,42560.34755760592,0.0031928255717003223,1.2135455077311672
B01305,salary_advance,12,established,B,0.04359845334088259,11000.0,0.4607901732540644,med,5068.691905794709,10069.152313521072,0.04194901209135187,1.552027283970474
B01306,personal,22,loyal,E,0.331172723521017,15000.0,0.7111138303092603,high,10666.707454638905,17079.456842235493,0.05204452905600892,-1.012039512879515
B01307,salary_advance,11,established,A,0.023647732027399084,8000.0,0.3822662383899378,med,3058.129907119502,28133.37589908501,0.00905842796260059,2.4434866537708047
B01308,personal,10,established,E,0.35,7500.0,0.6558194023062921,med,4918.645517297191,107605.87159483967,0.003809152050593948,-1.4232588243535156
B01309,salary_advance,31,loyal,A,0.026736717637223018,12000.0,0.5014326992841341,med,6017.19239140961,42142.01879608167,0.011898639733195623,2.0386306816758415
B01310,personal,26,loyal,C,0.09262702226965126,3500.0,0.5159852069745936,med,1805.9482244110777,20633.79709244258,0.007293649573723441,0.5498276985356944
B01311,salary_advance,22,loyal,C,0.11353383233547322,8500.0,0.581036578472187,med,4938.8109170135895,27325.42490051977,0.015061708204580216,0.2462989028861854
B01312,personal,27,loyal,C,0.11733403863520654,5000.0,0.43097000285565,med,2154.85001427825,44615.6542747154,0.004024839205932119,-0.009366929675836133
B01313,personal,5,new,E,0.22213827311133855,11000.0,0.5265453113384403,med,5791.998424722843,58807.507832275114,0.008207566570754596,-0.3835127906603138
B01314,personal,34,loyal,C,0.09927134560388298,9000.0,0.6752696477116504,med,6077.426829404854,23477.511318594985,0.021571802433020683,0.6084178618637819
B01315,salary_advance,20,loyal,D,0.15353726524941727,11500.0,0.7118113762793044,high,8185.830827212,23855.275969040085,0.028595459126930508,-0.17015435137152535
B01316,personal,28,loyal,D,0.148620466880412,36500.0,0.6425776489549115,med,23454.08418685427,17042.63325052826,0.11468339351318299,0.16606004232160967
B01317,personal,20,loyal,D,0.1708686792246945,4500.0,0.6859369903025414,med,3086.7164563614365,38786.87806991089,0.006631788485266043,-0.3706728229275946
B01318,salary_advance,16,established,E,0.2074396710478983,27500.0,0.4263186386569984,med,11723.762563067457,47300.89972735328,0.02065457991751443,-0.8650495270738728
B01319,salary_advance,14,established,E,0.2224095291799296,4500.0,0.5004557913340536,med,2252.051061003241,9262.444665752171,0.020261489112499868,-0.4673117024578972
B01320,personal,20,loyal,E,0.20516735074983658,2500.0,0.5721526228493691,med,1430.3815571234227,21628.27342012425,0.005511233410925401,-0.7499746326954394
B01321,personal,13,established,E,0.18660319667717665,4500.0,0.789610897802618,high,3553.2490401117807,13802.495498559869,0.021452938470936416,-0.4201549127505187
B01322,personal,26,loyal,B,0.07750888185051684,24000.0,0.4971624342894632,med,11931.898422947117,29231.402144232357,0.034015640566017684,0.8324749054684155
B01323,salary_advance,6,new,C,0.10505445864218041,13500.0,0.6177201039229829,med,8339.22140296027,13617.752842463497,0.05103155601020878,0.4707103541779623
B01324,personal,12,established,A,0.033864628376101075,74500.0,0.5180245383090996,med,38592.82810402792,13015.840858208043,0.24708883918482127,1.9743447766606508
B01325,salary_advance,50,loyal,E,0.35,7500.0,0.6762338246279409,med,5071.753684709557,49907.950833662544,0.008468513199451806,-1.460453013719917
B01326,personal,11,established,C,0.10750764923856841,9000.0,0.5433758004500642,med,4890.3822040505775,24561.199620613534,0.016592505929373173,0.4693409662141885
B01327,personal,14,established,D,0.12740839879426938,35000.0,0.4458946868869594,med,15606.314041043579,26031.213360929636,0.04996025932617226,0.00642023852435217
B01328,personal,10,established,B,0.07949829650821814,42000.0,0.2762645570847743,low,11603.111397560522,34112.761126222584,0.028344992251402107,0.8156703423719669
B01329,personal,19,loyal,B,0.048576106700693,25500.0,0.6386605486564347,med,16285.843990739086,45887.61018927381,0.029575601350713996,1.1164652043104089
B01330,salary_advance,10,established,D,0.15149332876337301,8500.0,0.5003490780430208,med,4252.967163365676,21370.65379887566,0.01658414073878822,0.18500824986482295
B01331,personal,14,established,C,0.10366605603486108,21000.0,0.37263948327945406,med,7825.429148868536,21634.119804941172,0.030143084240020827,0.17265128485675557
B01332,personal,26,loyal,D,0.17371737990212022,4500.0,0.6256625442337936,med,2815.481449052071,21684.725768556724,0.010819756569293636,-0.3440692129184846
B01333,salary_advance,11,established,B,0.056414587554265226,43500.0,0.5624647177694707,med,24467.215222971976,48768.01235706669,0.04180885181429546,0.9636799793544542
B01334,salary_advance,25,loyal,E,0.27888878411000256,36000.0,0.6933722889824863,med,24961.402403369506,25913.66406688422,0.08027104393954451,-1.1288760521227013
B01335,salary_advance,25,loyal,B,0.043281321832701204,16500.0,0.6079976008268005,med,10031.96041364221,22922.997160649284,0.03646978164670206,1.526826438649317
B01336,personal,29,loyal,C,0.09978495194988238,5500.0,0.4565533316128203,med,2511.043323870512,33356.00307944718,0.006273341857660323,0.37682655576388996
B01337,personal,17,established,E,0.22893045039924909,4500.0,0.5093818607725188,med,2292.2183734763344,73658.13052402902,0.002593307709966653,-0.4870620378310888
B01338,salary_advance,60,loyal,C,0.09922981561101588,39500.0,0.5111265579168436,med,20189.499037715323,28025.097566508124,0.06003398379435418,0.5174668005532738
B01339,personal,29,loyal,C,0.11163781789647313,21000.0,0.6337537191483921,med,13308.828102116233,23197.59819985066,0.04780964817800948,0.24080376541161921
B01340,personal,19,loyal,A,0.036871587333539756,17000.0,0.2937551552381987,low,4993.837639049378,78327.12021393822,0.005313014642320453,1.6973037604805015
B01341,salary_advance,10,established,A,0.015,56000.0,0.4307623373779856,med,24122.690893167193,55903.98268677977,0.03595851573509889,3.5834936632485124
B01342,personal,15,established,B,0.06294034530077725,10500.0,0.603803443840996,med,6339.936160330459,51619.44665211922,0.01023505766966956,1.2198708241503822
B01343,personal,36,loyal,D,0.13820388246284415,19000.0,0.6570653074893821,med,12484.240842298259,20427.193057087843,0.05092982675678352,-0.16532578588975622
B01344,salary_advance,42,loyal,B,0.044154041414093376,6500.0,0.5740841950348087,med,3731.5472677262565,19343.17104793067,0.016076075196770182,1.379781824285279
B01345,personal,37,loyal,B,0.0665389766203304,6500.0,0.6218646634629416,med,4042.12031250912,9810.56407246797,0.03433475964150375,1.073329166057484
B01346,personal,25,loyal,E,0.2140626423738966,7000.0,0.32892135567932973,low,2302.449489755308,45738.8940541583,0.004194915394888054,-0.5251607224472202
B01347,personal,8,established,E,0.29196123083283043,3500.0,0.7650355335699878,high,2677.6243674949574,28066.961961607627,0.0079501074702398,-1.2607992972206816
B01348,personal,21,loyal,D,0.12197679274259182,8500.0,0.5848322787937872,med,4971.074369747191,9991.716389370886,0.0414599635673822,0.3367190710832114
B01349,personal,8,established,B,0.06785074481440884,24000.0,0.6562505810523247,med,15750.013945255792,52104.99941208874,0.02518954374654766,0.8077076027014347
B01350,salary_advance,7,established,E,0.35,2000.0,0.5235868425667596,med,1047.1736851335193,22347.21480767446,0.0039049373495599247,-1.2618082676014284
B01351,salary_advance,18,established,E,0.19697335347754596,11000.0,0.414010780102182,med,4554.118581124002,23914.87089518982,0.01586920052479427,-0.37089786765440613
B01352,personal,21,loyal,B,0.05751129237825398,3500.0,0.689419960727795,med,2412.9698625472824,11706.11795959458,0.0171774129197229,0.9726517089904064
B01353,personal,27,loyal,C,0.0949339466772049,22000.0,0.4527909654793533,med,9961.401240545772,35267.21798050363,0.023537914742931664,0.4417236132705802
B01354,salary_advance,21,loyal,A,0.02358442692563922,7500.0,0.44090538968661863,med,3306.79042264964,35453.367279505364,0.007772628940479621,2.166273620598995
B01355,personal,22,loyal,E,0.2857009340717578,9000.0,0.6694143487149751,med,6024.729138434775,26202.414600292752,0.019160858615320967,-1.0113674540763435
B01356,personal,9,established,A,0.021249638605210775,19000.0,0.5416420037164281,med,10291.198070612134,21374.825635390825,0.04012195719611993,2.3521649334494557
B01357,personal,15,established,E,0.3397227990831228,5000.0,0.7372892725489969,high,3686.4463627449845,114068.81677572122,0.002693145000058143,-1.5379924435695795
B01358,salary_advance,7,established,E,0.35,3000.0,0.6717760827474144,med,2015.3282482422433,13879.215957021466,0.012100396824064911,-1.6791637188282604
B01359,personal,5,new,E,0.2026084341575947,2500.0,0.48523365641082916,med,1213.084141027073,18091.72000483986,0.005587658058965423,-0.40891277949730687
B01360,salary_advance,24,loyal,E,0.19305593604771792,7000.0,0.6540410204923385,med,4578.28714344637,39717.26289595816,0.009605997513473082,-0.38445892824600936
B01361,personal,10,established,D,0.14789249774500413,5000.0,0.6384820853876106,med,3192.410426938053,15399.002827362352,0.0172760668484406,-0.03875566404487908
B01362,personal,26,loyal,C,0.11540090214135727,5500.0,0.3734944533813837,med,2054.2194935976104,14786.741237489838,0.011576922531503015,0.32627312104533335
B01363,personal,30,loyal,C,0.1124027397858422,12500.0,0.6884840130123966,med,8606.050162654958,50128.01214822954,0.014306788084219747,0.2042257878925688
B01364,personal,11,established,E,0.25800725343857883,4000.0,0.36831205417111074,med,1473.248216684443,37528.48218945644,0.0032714002155460418,-0.8424110321967792
B01365,personal,22,loyal,C,0.10650185126108618,6000.0,0.6323051569069232,med,3793.8309414415394,35111.215467423004,0.00900431882646715,0.8326561525796911
B01366,personal,11,established,E,0.2052044056725864,7500.0,0.5241209574416988,med,3930.9071808127414,29732.727881732357,0.01101734088120191,-0.3173371147671696
B01367,personal,5,new,B,0.07699626209422483,9500.0,0.600524785377196,med,5704.985461083362,18385.464011115695,0.025858224453995177,0.7536648707547636
B01368,personal,17,established,D,0.15120394980766066,7500.0,0.6240408870228162,med,4680.306652671122,23412.62984996325,0.01665876737849133,-0.18037225252830674
B01369,personal,12,established,E,0.1963735869089408,9000.0,0.6054043201708923,med,5448.638881538031,25758.214156838694,0.017627512426268883,-0.9646474228665894
B01370,personal,12,established,E,0.35,4500.0,0.691809224554661,med,3113.141510495974,42848.20334614565,0.0060545936340020284,-1.6877105518433855
B01371,salary_advance,48,loyal,C,0.10218160165643966,9000.0,0.5324114259169485,med,4791.702833252536,34003.595604236,0.011743127817576077,0.5778905685516286
B01372,personal,7,established,E,0.30943750855139207,5500.0,0.6964986445563282,med,3830.742545059805,16150.173860551744,0.01976626060982507,-1.2692045713626225
B01373,salary_advance,20,loyal,E,0.18171241042216946,4500.0,0.7781571397132938,high,3501.707128709822,41533.19330808934,0.007025920815379492,-0.599961854004778
B01374,salary_advance,9,established,B,0.06185399933953012,14500.0,0.39241140858060625,med,5689.9654244187905,10687.409790299469,0.04436657662351563,0.8774573091469869
B01375,personal,27,loyal,E,0.35,3500.0,0.33323093199120535,low,1166.3082619692186,22556.26160959257,0.004308885791729258,-1.3776700611633919
B01376,salary_advance,19,loyal,A,0.02530147603563197,31000.0,0.43095692883160985,med,13359.664793779906,14355.284232514821,0.07755369949137017,2.1621933783329124
B01377,salary_advance,20,loyal,B,0.07802274810859758,10000.0,0.4772516047042649,med,4772.516047042649,16790.912653136773,0.02368600675869693,0.9097163843955401
B01378,salary_advance,9,established,C,0.11432879748818466,13000.0,0.5150488342441863,med,6695.6348451744225,77623.26383429015,0.007188174560945456,0.3061573689750388
B01379,personal,10,established,E,0.3153045538852214,6000.0,0.5355129978268092,med,3213.077986960855,11981.621576365458,0.022347267204764005,-1.034765940550586
B01380,personal,27,loyal,B,0.0609806101717759,45000.0,0.5998423144957133,med,26992.9041523071,17144.681179805117,0.13120154616864646,1.164372296342938
B01381,personal,43,loyal,C,0.1178227628477446,9000.0,0.41261036273598684,med,3713.4932646238817,35622.080887903554,0.008687245785157793,0.3970950664026047
B01382,personal,21,loyal,D,0.13351044211400612,7500.0,0.6201016642474394,med,4650.762481855795,20774.85171540072,0.01865541788042428,-0.28609664274080193
B01383,salary_advance,10,established,B,0.07925571477807727,40000.0,0.6016968624038384,med,24067.874496153534,29306.269608363866,0.06843778600331957,0.549824696651589
B01384,salary_advance,19,loyal,E,0.2569684650325739,9000.0,0.6445088990785653,med,5800.580091707088,59056.64210208251,0.008185051792707303,-0.9327854554393803
B01385,personal,60,loyal,E,0.35,5500.0,0.6803012089879286,med,3741.656649433607,38562.87564173106,0.008085619020815773,-1.2353271315491385
B01386,salary_advance,17,established,E,0.29665819431117074,4000.0,0.6992152857847443,med,2796.8611431389772,20789.94442042969,0.011210792930221357,-0.7701860853010783
B01387,personal,36,loyal,B,0.07858472090489471,6000.0,0.5370045605834034,med,3222.0273635004205,24995.5799527631,0.010741990415870328,0.749527267609714
B01388,salary_advance,10,established,C,0.10097231708078164,21500.0,0.5149645947168698,med,11071.738786412701,36020.132793458586,0.025614700094478315,0.3467416781938684
B01389,personal,16,established,B,0.048113744776675134,6500.0,0.5649455497180901,med,3672.1460731675857,38148.60124351732,0.008021583040766582,1.0489792655557526
B01390,salary_advance,23,loyal,D,0.17858349251491354,3000.0,0.635280187316316,med,1905.8405619489479,27212.018380578324,0.005836393486432139,-0.16998985216857676
B01391,salary_advance,20,loyal,B,0.047043513494367264,4000.0,0.5940404737711927,med,2376.161895084771,32804.95828035293,0.006036084227415575,1.3246678404813417
B01392,personal,10,established,E,0.22106689348222847,48500.0,0.4116028845313117,med,19962.739899768618,32822.526500914355,0.05068353462271434,-0.11387055239528114
B01393,personal,10,established,E,0.24799727815860553,6000.0,0.596774367344564,med,3580.646204067384,25572.56549038728,0.011668253769237415,-0.9430451947409286
B01394,salary_advance,28,loyal,B,0.07949558908791464,10500.0,0.4117596854881781,med,4323.47669762587,19285.70287082581,0.01868170049156877,1.135307670712919
B01395,personal,31,loyal,D,0.12221340018462822,38000.0,0.6071610652163766,med,23072.12047822231,40474.50622282907,0.047503401176369815,0.3339881417547675
B01396,personal,37,loyal,D,0.14685443257302114,7500.0,0.6453081943233604,med,4839.811457425203,31586.576147766187,0.012768640056628075,-0.22911919414539872
B01397,salary_advance,44,loyal,C,0.0802926338152084,24000.0,0.5028953129813882,med,12069.487511553318,8565.186252783233,0.11742775886933547,0.7919990871440916
B01398,personal,17,established,D,0.1716195966672952,11500.0,0.5033829892361184,med,5788.904376215361,17082.169243591194,0.028240482291143117,-0.129530385937392
B01399,personal,13,established,D,0.15405391748613464,7500.0,0.631548483989711,med,4736.613629922832,20653.3045940482,0.01911160515239376,-0.1536880685175025
B01400,personal,34,loyal,D,0.1592795436099996,20000.0,0.556811559816378,med,11136.231196327559,24085.80047164721,0.03852972490796206,-0.012593149910799406
B01401,personal,24,loyal,E,0.28732732387694965,38500.0,0.7407734796401156,high,28519.77896614445,52165.13849561595,0.0455600869798983,-0.9049485388936377
B01402,salary_advance,9,established,C,0.11188796639159768,5500.0,0.7112392524564808,high,3911.8158885106445,156573.2525806945,0.0020819945425089863,0.42476541589487227
B01403,personal,9,established,E,0.24598090390730512,2500.0,0.699240126399211,med,1748.1003159980273,6958.007698924301,0.020936312898258237,-0.8027143737214145
B01404,personal,21,loyal,E,0.19016144734083018,17000.0,0.6180295485791533,med,10506.502325845606,31806.421991518735,0.027527203805589928,-0.6203288676440678
B01405,personal,14,established,D,0.16701626144517118,7500.0,0.7407447616035051,high,5555.585712026288,27952.791996838892,0.016562405503340996,-0.24069984410260706
B01406,salary_advance,16,established,B,0.06326827777795462,10000.0,0.5412356963737824,med,5412.356963737824,24360.80132091461,0.018514569411595138,1.0840265441721781
B01407,personal,29,loyal,B,0.07049049780500098,5500.0,0.48893322435970454,med,2689.132733978375,36265.303980004224,0.00617930555943383,0.5856135076909812
B01408,salary_advance,24,loyal,D,0.12339738776924222,21000.0,0.48968492639009786,med,10283.383454192055,29213.429804023686,0.02933406405654704,0.21885779164241104
B01409,salary_advance,34,loyal,D,0.12277866872501841,12500.0,0.4882997908160237,med,6103.747385200296,22053.16291397397,0.023064519924761225,0.17865394213214258
B01410,salary_advance,5,new,B,0.07344509506004164,40500.0,0.5346450595119099,med,21653.12491023235,27339.380888467986,0.06600102186709797,0.635813262188768
B01411,salary_advance,18,established,E,0.35,4500.0,0.7041721357649348,high,3168.7746109422064,36538.13050325145,0.007227095291269815,-2.04673576944724
B01412,salary_advance,24,loyal,B,0.04061959056317302,69500.0,0.35942567904295003,med,24980.084693485027,34676.21192283072,0.06003175113503438,1.5473649891994805
B01413,salary_advance,7,established,E,0.35,5000.0,0.6044476672021901,med,3022.2383360109507,29844.25891571225,0.008438916019958024,-1.524015774930339
B01414,personal,11,established,E,0.35,8000.0,0.662051894086347,med,5296.415152690776,19518.222682806543,0.022613120905711142,-1.4154079083229805
B01415,salary_advance,10,established,E,0.1816858435847709,11500.0,0.6394397439003171,med,7353.557054853647,126820.57684458852,0.0048319952210022785,-0.16426583126322558
B01416,personal,16,established,A,0.02503131242161902,12500.0,0.46919604497119666,med,5864.9505621399585,32785.195020704006,0.01490751785583964,2.170124142930845
B01417,personal,40,loyal,A,0.0208998094855197,12000.0,0.49916006435808075,med,5989.920772296969,40919.204317080315,0.012198674746706243,2.0774193600142667
B01418,salary_advance,50,loyal,B,0.05034672771691623,7000.0,0.38019779739909637,med,2661.3845817936744,20347.404727637026,0.010899770828343968,1.4564877557971356
B01419,salary_advance,10,established,B,0.07590803662348715,9500.0,0.44207573014263335,med,4199.719436355017,29859.71515775302,0.011720695185713472,0.7065423782954499
B01420,salary_advance,21,loyal,E,0.28804364497850593,8500.0,0.6192859689566562,med,5263.930736131578,29729.183216577694,0.014755228607593356,-1.1122769680124747
B01421,personal,22,loyal,C,0.08082500588203335,3500.0,0.5893113397440504,med,2062.589689104176,9399.648898826224,0.018286052590057743,0.5567581628806989
B01422,personal,20,loyal,D,0.15946065752784738,11500.0,0.5973979510285713,med,6870.07643682857,18139.30811986242,0.03156164314276262,-0.14922151855997123
B01423,personal,20,loyal,E,0.21652140815711537,4500.0,0.5078072027909629,med,2285.1324125593333,17955.848380080657,0.010605330197478294,-0.41666933362272174
B01424,personal,19,loyal,C,0.10605637607471698,5500.0,0.5187868832522445,med,2853.327857887345,19336.48062433199,0.012296825162248287,0.5548030899746593
B01425,personal,41,loyal,E,0.18218282910274194,12000.0,0.7122820382160838,high,8547.384458593006,14936.878119821762,0.0476861384622842,-0.07111000944669876
B01426,personal,30,loyal,B,0.06788059640817559,6500.0,0.5649432151168856,med,3672.1308982597566,27560.002613733304,0.011103442640307519,1.2692995459688505
B01427,personal,9,established,E,0.35,27500.0,0.6457432389210018,med,17757.93907032755,58020.24252229252,0.02550537866662743,-1.9359547676126674
B01428,salary_advance,25,loyal,B,0.06414569702347105,60500.0,0.4250653233197299,med,25716.452060843658,28904.968647837435,0.07414080595784718,0.8250114223459821
B01429,personal,26,loyal,D,0.15922629756441156,7000.0,0.5165262992298773,med,3615.6840946091406,14048.926264421538,0.021446977670254098,-0.4790972235140434
B01430,salary_advance,19,loyal,C,0.11977949028924315,8500.0,0.5526716720558342,med,4697.709212474591,15260.191489818082,0.025653398121997142,0.34036417108430644
B01431,personal,30,loyal,B,0.07565549809059738,3500.0,0.5603327531242066,med,1961.164635934723,21864.54967501629,0.007474674244703913,0.7046264194792415
B01432,personal,18,established,E,0.28421163963775087,14500.0,0.6761046445885295,med,9803.517346533677,12350.062675603764,0.06615025367374239,-1.117307862610067
B01433,personal,18,established,D,0.12216490623541099,5000.0,0.5966778825445449,med,2983.3894127227245,31807.309351556927,0.00781630981878041,0.16423213931246486
B01434,personal,17,established,D,0.1733416593245019,33000.0,0.5425039251410941,med,17902.629529656107,56624.91594514187,0.026346808100931145,-0.2123382052092645
B01435,salary_advance,5,new,E,0.18826867776904183,41500.0,0.5470554381841718,med,22702.80068464313,19599.369630595585,0.09652861763983697,-0.6605868651768887
B01436,personal,15,established,D,0.16954675419464071,4500.0,0.7638951946226797,high,3437.5283758020587,28053.63938073879,0.01021117774046046,-0.4705724860109197
B01437,personal,11,established,D,0.15863275046115605,11500.0,0.5199674327220564,med,5979.625476303649,21249.138275323483,0.023450462629064812,-0.15455189118692608
B01438,salary_advance,8,established,E,0.22010972341990961,7000.0,0.46407423131077424,med,3248.51961917542,19028.719733356378,0.014226388956167004,-0.4178365125632122
B01439,salary_advance,36,loyal,B,0.07963329384290771,9500.0,0.3706954428053872,med,3521.6067066511782,29859.754141660556,0.009828186265767579,0.7570944753256115
B01440,personal,21,loyal,C,0.11688149634687545,5000.0,0.5247027930412156,med,2623.513965206078,18679.500593248555,0.011704068996694298,0.12182337833392431
B01441,personal,16,established,D,0.16761280197952397,10000.0,0.679503779030084,med,6795.037790300839,17246.762973332905,0.0328324306461034,-0.6112825370669608
B01442,personal,12,established,B,0.04704493417421619,7000.0,0.4389725520750509,med,3072.8078645253563,11041.208064081395,0.023191966002053956,1.5898422339029836
B01443,personal,19,loyal,B,0.06892353645915465,24000.0,0.6688927952404835,med,16053.427085771604,27876.059729909135,0.04799048371408148,0.8152399225616209
B01444,personal,28,loyal,D,0.12059474321990112,8000.0,0.5633555205989967,med,4506.8441647919735,48380.64747677379,0.007762821844133003,0.01728776737704557
B01445,personal,10,established,C,0.10144417848910565,12500.0,0.6620999201550568,med,8276.24900193821,39696.560819788625,0.017373984108073587,0.14586043082470876
B01446,salary_advance,16,established,E,0.1914574050800066,29000.0,0.5235234387644221,med,15182.17972416824,61120.116621431116,0.020699921950689867,-0.6768201367735082
B01447,personal,26,loyal,D,0.1286524580268199,12000.0,0.4932392317889142,med,5918.870781466971,18564.686872124144,0.02656868037615754,-0.036771606778583266
B01448,salary_advance,5,new,D,0.1731075618814126,7500.0,0.5916966487601405,med,4437.724865701054,42956.58197514813,0.008608934614235274,-0.3200774504382476
B01449,personal,15,established,E,0.28464493909072214,5500.0,0.673127246364417,med,3702.1998550042936,14669.88540840217,0.021030611078051667,-1.2467939099098826
B01450,salary_advance,12,established,C,0.08325701730140819,9500.0,0.5148562519264703,med,4891.134393301468,39739.155098611525,0.010256748835341079,0.7373540479944178
B01451,personal,15,established,E,0.1966766400355004,7000.0,0.6203811691943542,med,4342.668184360479,66456.50838541564,0.0054455014889526225,-0.5056127026128259
B01452,salary_advance,12,established,E,0.18815329753450544,35000.0,0.6295509875978292,med,22034.284565924023,35387.35481570107,0.05188831971354261,-0.005466667447403817
B01453,salary_advance,17,established,D,0.13357012139207544,4500.0,0.4332485582734152,med,1949.6185122303684,67103.82926196794,0.0024211466191931897,-0.21871985912335523
B01454,personal,47,loyal,A,0.015,13000.0,0.39347257671163505,med,5115.143497251255,19354.8323486153,0.0220235417401984,3.3590905906430994
B01455,personal,13,established,E,0.22958139624811452,16500.0,0.5514942619783748,med,9099.655322643184,24988.54787675645,0.030346085493251736,-0.6626151501740128
B01456,personal,19,loyal,E,0.35,4500.0,0.6076042050460482,med,2734.2189227072167,16258.546169824156,0.014014265144761857,-1.6686769538858277
B01457,personal,49,loyal,E,0.31739485729707406,14000.0,0.6685065880958463,med,9359.092233341848,27422.919385508503,0.02844060261471046,-1.1999319709588354
B01458,salary_advance,12,established,B,0.06739140742852104,6500.0,0.46639686314168705,med,3031.5796104209658,31204.59383439422,0.008095975725320686,1.1093026226954348
B01459,personal,44,loyal,A,0.03691544922992336,4500.0,0.3006843367416941,low,1353.0795153376234,27291.19180066606,0.004131612393540958,1.7364526916831298
B01460,salary_advance,16,established,E,0.2124361532695324,11000.0,0.5649755438896731,med,6214.730982786404,20727.644657548455,0.02498567768417095,-0.3317971913728537
B01461,personal,43,loyal,A,0.027820687629706638,11500.0,0.38610974801641124,med,4440.262102188729,20539.524466073373,0.018015112397575354,1.6789496696354638
B01462,personal,24,loyal,B,0.05231760390208824,45000.0,0.563026241835423,med,25336.18088259404,32527.586562728273,0.06490947008352979,1.141589999842544
B01463,personal,19,loyal,D,0.14708070482147703,8500.0,0.6374332958541215,med,5418.183014760032,24646.549459349746,0.018319613135895536,0.2105198690139111
B01464,salary_advance,15,established,D,0.149399746008052,5000.0,0.3523638515502497,med,1761.8192577512484,14278.473710416474,0.010282490583861454,0.08955371622946451
B01465,salary_advance,11,established,C,0.10246204831788117,5500.0,0.46553167260718575,med,2560.4241993395217,9475.76413995198,0.022517306269652967,0.5308702264156533
B01466,personal,17,established,C,0.0862068070051897,10000.0,0.5628739804581043,med,5628.739804581043,19389.390852384626,0.024191665120003786,0.877455822153641
B01467,personal,26,loyal,B,0.05923481766986298,9500.0,0.3885225585402511,med,3690.9643061323854,12578.59947802337,0.024452671331315762,0.7972945655950222
B01468,salary_advance,16,established,E,0.1973608678189479,4500.0,0.6594324454775,med,2967.44600464875,16990.956421931063,0.014554046335783477,-0.3268083017986958
B01469,personal,13,established,E,0.18358148424655987,7500.0,0.6764814150506424,med,5073.610612879818,21315.336412056735,0.019835524818060103,-0.1742070470263107
B01470,salary_advance,14,established,A,0.020225486072789043,55500.0,0.44908136908461643,med,24924.015984196212,24825.967349718114,0.08366245321916668,2.331263454721924
B01471,personal,28,loyal,D,0.12355948234677559,9500.0,0.46369725115713323,med,4405.123885992765,18651.778686360394,0.019681428958542743,0.651213797296192
B01472,personal,32,loyal,B,0.05470849932184755,16000.0,0.2916731911406302,low,4666.771058250083,89783.86934576576,0.0043314861680757745,1.2693254268826153
B01473,personal,11,established,B,0.06992658645547459,5500.0,0.6176512111503496,med,3397.0816613269226,13445.413612451966,0.021054773516356304,0.5398849872492323
B01474,personal,11,established,D,0.12183537982574065,21500.0,0.7351534828104895,high,15805.799880425526,52316.48765321551,0.025176575284761207,0.2733577439977027
B01475,personal,20,loyal,C,0.08783402020016941,5500.0,0.7080376995683951,high,3894.207347626173,24602.112560317495,0.013190626543684907,0.508698900015069
B01476,personal,38,loyal,B,0.0613393336709616,10500.0,0.489519451852516,med,5139.954244451418,18738.967997319643,0.022857689944943516,1.2973906253249794
B01477,salary_advance,30,loyal,B,0.04897854419267466,7000.0,0.39343944706278444,med,2754.076129439491,37166.63784396495,0.006175063374940825,1.4686422353106834
B01478,personal,8,established,C,0.10774373820390294,3000.0,0.6339818810945542,med,1901.9456432836628,20971.45165459146,0.007557677593526903,0.2638934780115486
B01479,personal,14,established,E,0.27191385502397614,4000.0,0.5961078682232426,med,2384.4314728929703,17260.387626341184,0.011512060275971991,-0.6937625255478881
B01480,personal,9,established,D,0.12059504555375378,5500.0,0.5971770238275425,med,3284.4736310514836,71998.13149742052,0.0038015727662427333,0.3855588055484719
B01481,personal,14,established,D,0.13386241490445264,34500.0,0.5982270122987706,med,20638.831924307586,8046.93839567345,0.21373379238042822,-0.06700793646808344
B01482,personal,39,loyal,D,0.13001917433901894,5000.0,0.5716164681642381,med,2858.0823408211904,23513.250586702343,0.010129332289618103,0.09174408865492412
B01483,personal,7,established,A,0.017996420788835416,80000.0,0.5544302811206785,med,44354.42248965428,29867.89364371127,0.12375167523459082,2.678775974966068
B01484,salary_advance,6,new,E,0.3007043878894722,5500.0,0.7221150142004252,high,3971.632578102339,58361.54017637804,0.0056710186281630865,-1.1890513077078277
B01485,personal,10,established,B,0.06507682647907666,6000.0,0.46995783314872197,med,2819.7469988923317,21608.953165298615,0.01087414622896721,0.9585128590574828
B01486,salary_advance,19,loyal,D,0.15463239109954083,8000.0,0.48125175617118565,med,3850.0140493694853,116256.98229333226,0.002759700946861105,-0.11267094425383062
B01487,personal,23,loyal,C,0.08230857107115376,5500.0,0.3019200535486919,low,1660.5602945178055,40844.01115311357,0.0033880126029835742,0.5311954893433961
B01488,salary_advance,20,loyal,A,0.015,32000.0,0.39442422130074223,med,12621.57508162375,7317.243420158722,0.1437423716930044,3.318587519090185
B01489,personal,31,loyal,E,0.21651092241210396,2500.0,0.4888220495104389,med,1222.0551237760972,12094.118016666063,0.00842045090357194,-0.5623689948240629
B01490,personal,6,new,E,0.18496819648471688,16500.0,0.6384732547623344,med,10534.808703578517,30647.724599994657,0.028644890828155082,-0.7238726548272637
B01491,salary_advance,31,loyal,B,0.07099074867772025,3500.0,0.4978189290775255,med,1742.3662517713392,14340.938501972585,0.010124664269889998,0.7324862628483997
B01492,salary_advance,13,established,D,0.16204328712458047,4500.0,0.565774775788717,med,2545.9864910492265,36363.0447779464,0.005834647296901932,-0.49721695763136176
B01493,salary_advance,24,loyal,A,0.031182640482900346,7000.0,0.5732856540703203,med,4012.999578492242,20961.624059842063,0.015953755805672046,1.634056350940301
B01494,personal,7,established,E,0.21726154556332308,10500.0,0.633604608767322,med,6652.8483920568815,13935.36981124958,0.039783948340133324,-0.5345294360632951
B01495,salary_advance,16,established,B,0.06375948665759312,10000.0,0.5086497053133231,med,5086.497053133231,15827.051010459394,0.026781663504316076,1.004009640149337
B01496,salary_advance,18,established,E,0.2676753019108766,26500.0,0.7604751545724915,high,20152.591596171023,42982.67827887757,0.03907114912938149,-0.9791891318000693
B01497,salary_advance,31,loyal,E,0.24991259730508683,6000.0,0.6854086189058824,med,4112.451713435295,8842.94770508419,0.038754533090352414,-1.0568315021542256
B01498,personal,6,new,D,0.1539774134937373,3000.0,0.5361846585832675,med,1608.5539757498025,47805.74759580546,0.00280397591057813,-0.22898497895304948
B01499,salary_advance,16,established,E,0.33008512777438165,8500.0,0.5985236550657802,med,5087.451068059132,48581.364023524286,0.008726684896420473,-1.218507838037595
B01500,salary_advance,9,established,A,0.03242567596493591,11500.0,0.5625024486776437,med,6468.778159792902,22420.393727508188,0.024043504909015728,1.8682689127654504
B01501,salary_advance,21,loyal,E,0.2662435004303915,16000.0,0.6297700731915552,med,10076.321171064883,12426.12694235346,0.06757483122597482,-0.7798034904949981
B01502,personal,25,loyal,E,0.24727432322530232,6500.0,0.49270708740349184,med,3202.596068122697,36524.016701269524,0.007307055186720876,-0.6376866876706978
B01503,personal,33,loyal,B,0.07382198422238503,14500.0,0.616035181588659,med,8932.510133035556,20588.79707532853,0.03615441162959502,0.8136198854746102
B01504,salary_advance,12,established,D,0.13274212437504726,4500.0,0.6909829156365473,med,3109.423120364463,11692.294050055309,0.022161484500338884,-0.23636395006200617
B01505,personal,27,loyal,E,0.27630454896877277,36000.0,0.7268037346014569,high,26164.93444565245,76882.00518925645,0.028360488236967355,-1.1183879698676038
B01506,salary_advance,34,loyal,A,0.015,8000.0,0.6001535586058679,med,4801.2284688469435,16540.590797272795,0.02418912222106847,2.7899641600719596
B01507,personal,6,new,E,0.25633903307301487,15000.0,0.7868587796890447,high,11802.88169533567,11971.893968366807,0.08215688154357118,-1.001633803159574
B01508,personal,23,loyal,C,0.10608457681377575,5500.0,0.7139128831434667,high,3926.520857289067,31469.62112978044,0.010397648897371345,0.20374219250345083
B01509,salary_advance,27,loyal,C,0.09541646392332181,22500.0,0.5751395201256075,med,12940.639202826169,25917.764744641958,0.04160800944296138,0.5408074798939697
B01510,personal,14,established,C,0.11514645416604083,23500.0,0.5169074773265468,med,12147.325717173851,60925.287846353116,0.016615057209917048,0.7103091519665778
B01511,personal,8,established,C,0.09395885026362165,22500.0,0.3648872540935735,med,8209.963217105404,21822.871467833906,0.031350759795010556,0.4623524606710589
B01512,salary_advance,27,loyal,D,0.1499312980580276,8000.0,0.5722000388959395,med,4577.600311167516,21950.03528049941,0.017378864667984887,-0.07680103773100566
B01513,salary_advance,8,established,C,0.11739305188421856,8000.0,0.6136604300790045,med,4909.283440632036,32350.201469272884,0.012646194917041989,0.024172782556693195
B01514,salary_advance,14,established,D,0.1521153129506303,20500.0,0.5683241991858018,med,11650.646083308937,30023.47506067673,0.03233760154835302,0.12307756645818424
B01515,personal,16,established,C,0.09067638224369168,9500.0,0.349259866652611,low,3317.9687331998043,30531.69926979452,0.009056076178074378,0.748959498198562
B01516,personal,24,loyal,E,0.2638474538069918,9500.0,0.5823732501138246,med,5532.5458760813335,31243.709016414086,0.014756426307492212,-0.7683219148586012
B01517,salary_advance,11,established,A,0.026366912873321106,8000.0,0.5289923644219969,med,4231.938915375976,29452.64393684753,0.011973851211372045,2.368110556755782
B01518,personal,11,established,E,0.22814852067643904,6500.0,0.5043963253183004,med,3278.5761145689526,21395.467273123882,0.012769745700168958,-0.7591833874594441
B01519,personal,17,established,D,0.1372968028133646,8000.0,0.5832762317558704,med,4666.209854046963,42530.3270559034,0.009142906911095715,-0.008749396756593255
B01520,personal,28,loyal,E,0.28955892421382523,9500.0,0.652813340070613,med,6201.726730670824,22071.80825184757,0.02341496242592514,-0.7599894396932417
B01521,personal,57,loyal,E,0.2805660354617438,4000.0,0.71548892224155,high,2861.9556889662003,41872.83907770621,0.005695728129904366,-0.8981590116406167
B01522,salary_advance,7,established,D,0.1561550789630387,7000.0,0.7391940752776539,high,5174.358526943577,57714.8132636615,0.0074711589543243915,-0.524428409077624
B01523,salary_advance,19,loyal,D,0.17590639444220052,19000.0,0.5423734318812606,med,10305.095205743952,18533.821348262692,0.046334639666335914,-0.2205232176642551
B01524,salary_advance,9,established,D,0.13792452155181664,8000.0,0.5871276438287623,med,4697.021150630098,100958.60701330013,0.0038770189169469223,-0.06425702415483053
B01525,personal,28,loyal,E,0.23628536587516277,30000.0,0.6203455362681112,med,18610.366088043334,18179.737017693285,0.08530727585118046,-0.5789650287637407
B01526,personal,9,established,C,0.08866939151118224,6000.0,0.5986280202445486,med,3591.768121467292,18252.11972793166,0.016398862958598003,0.6955524212942098
B01527,personal,11,established,E,0.19852398799396395,6500.0,0.6528682172781988,med,4243.643412308292,36206.53684430693,0.009767212825307715,-0.782983895318375
B01528,personal,11,established,E,0.26895473122465835,6000.0,0.738570500240091,high,4431.423001440546,34298.58307099088,0.010766778597112961,-0.8938154934519152
B01529,personal,15,established,E,0.19241678833396375,7000.0,0.3595391395363962,med,2516.7739767547737,27987.083356645137,0.007493855721116677,-0.3929688641172687
B01530,personal,19,loyal,B,0.050719509786695524,16000.0,0.5457819962234328,med,8732.511939574924,42194.20204926638,0.0172466664364983,1.3928388786962946
B01531,personal,21,loyal,C,0.09653642288354464,6000.0,0.5868603435711902,med,3521.1620614271415,30913.446293934667,0.009491991575302531,0.6148761736103993
B01532,personal,16,established,E,0.18379133025775496,8000.0,0.5529896166426089,med,4423.916933140871,83797.47029676448,0.0043994137665828836,-0.09968952988746987
B01533,salary_advance,7,established,E,0.3063310186396594,3500.0,0.4037217127597948,med,1413.0259946592819,26127.03863687054,0.004506908259225164,-1.0830447699686792
B01534,personal,24,loyal,E,0.23771227907334772,10000.0,0.6000957216444818,med,6000.957216444817,16815.031678702948,0.029740043170447508,-0.7427084598637094
B01535,personal,15,established,E,0.35,13500.0,0.5701681388006582,med,7697.269873808886,19861.925502996597,0.032294913000955806,-1.2784099400396236
B01536,salary_advance,31,loyal,A,0.03871988966680562,4500.0,0.6415307937214877,med,2886.8885717466947,34864.63985673452,0.006900230394867772,2.0568512236723464
B01537,salary_advance,11,established,C,0.08232125500474607,10000.0,0.5644378309483664,med,5644.378309483664,35146.25779354096,0.013383070877323404,0.8805631231316475
B01538,salary_advance,6,new,E,0.2084668626660422,7000.0,0.515690490635971,med,3609.8334344517975,30138.593862382644,0.009981203975360297,-0.5116205089241941
B01539,personal,16,established,E,0.22176599274597383,10500.0,0.3951967971821067,med,4149.566370412121,16861.24437807468,0.02050840316293599,-0.5643716438256554
B01540,salary_advance,33,loyal,D,0.15477939930937,3000.0,0.6282999105246095,med,1884.8997315738286,49501.41163204394,0.0031731413802646474,-0.07529017623733392
B01541,personal,17,established,E,0.2603326727201117,6000.0,0.677324913502344,med,4063.949481014064,78068.72919189635,0.004338003964669706,-0.8858612163807086
B01542,personal,14,established,D,0.13394951228452362,22500.0,0.5278757797630563,med,11877.205044668768,27339.120124499208,0.036203326315859666,0.46030103121618055
B01543,personal,10,established,D,0.15869739228845955,7500.0,0.6373658438541193,med,4780.243828905895,72826.32083183934,0.005469913183293287,-0.2875362207843132
B01544,personal,43,loyal,A,0.023299305314401893,19000.0,0.4255981321283585,med,8086.3645104388115,43323.080028417804,0.015554381377344662,2.4811677442974633
B01545,personal,9,established,B,0.053066431292066375,10500.0,0.6144046749720431,med,6451.249087206453,91151.47353814887,0.005897919909934738,1.2503598245169982
B01546,personal,11,established,B,0.04168156534804079,46500.0,0.6038403764772343,med,28078.577506191396,34889.95518842502,0.06706461634050923,1.3094803404667223
B01547,salary_advance,22,loyal,B,0.04580822162845407,4000.0,0.3439209198296062,low,1375.6836793184248,29002.33699264703,0.00395279548123772,1.421356974948126
B01548,personal,5,new,E,0.22701278611967235,2500.0,0.46787643753722413,med,1169.6910938430603,42758.388534237965,0.002279652277873016,-0.7726590705071891
B01549,personal,33,loyal,B,0.07165864816251459,10000.0,0.7106768056603601,high,7106.768056603601,21195.162493715223,0.027941784903005168,0.9977908845295841
B01550,personal,23,loyal,D,0.13826243702475524,8000.0,0.6534716830236963,med,5227.77346418957,33654.920940391494,0.012944549459916112,0.05116730547134207
B01551,personal,26,loyal,A,0.024625508063846824,18000.0,0.354988888317934,med,6389.799989722812,55932.11742825012,0.009520171181789642,2.0302760507283626
B01552,personal,22,loyal,C,0.09423516554242369,6000.0,0.37714680360845654,med,2262.880821650739,42223.43808261993,0.0044660835395554654,0.8042793830499206
B01553,personal,15,established,D,0.13476295028242266,5500.0,0.5771625820242696,med,3174.394201133483,26448.990972222477,0.01000162351646145,0.26236035860301515
B01554,personal,9,established,D,0.1584103889948977,12500.0,0.45096267234728166,med,5637.03340434102,30038.30191310983,0.01563846002526752,0.12707266242950907
B01555,salary_advance,15,established,A,0.0281629253234386,7500.0,0.4437043447321645,med,3327.782585491234,40811.62432403621,0.006795005590950631,2.090266427360858
B01556,salary_advance,9,established,E,0.29231394808562194,8500.0,0.6200611652632835,med,5270.519904737909,40072.50171848489,0.010960383635316956,-1.0837503338367855
B01557,personal,21,loyal,A,0.02667449804294546,18500.0,0.46043755487378085,med,8518.094765164946,40641.110644128916,0.017466088381444294,2.238287827668726
B01558,salary_advance,25,loyal,C,0.08581096965970395,3500.0,0.6476998466186245,med,2266.9494631651855,32425.19289028879,0.0058261012017092415,0.5638461925458623
B01559,salary_advance,37,loyal,E,0.22745032687356337,10000.0,0.758788694927831,high,7587.88694927831,17094.301619166246,0.03699033318394788,-0.6561489758156512
B01560,salary_advance,20,loyal,D,0.13889796417818945,20000.0,0.5195433634399478,med,10390.867268798957,18660.530893981402,0.04640305308851248,-0.0022097316430560454
B01561,personal,27,loyal,E,0.27768599883817835,13500.0,0.5185415995623532,med,7000.311594091769,34670.405015446035,0.016825857651439454,-1.250807262723583
B01562,salary_advance,13,established,B,0.06698266612066553,4000.0,0.5593393515174285,med,2237.357406069714,42501.84138713231,0.004386785240845055,1.00365674558564
B01563,salary_advance,12,established,E,0.21736371346608707,6500.0,0.743552964307624,high,4833.094267999556,39579.43417040704,0.010175937683509528,-0.6882929503465195
B01564,salary_advance,21,loyal,B,0.0680364355828227,43000.0,0.4837387382301101,med,20800.765743894735,18557.527966455822,0.09340668371659262,0.9186676662047002
B01565,personal,13,established,B,0.06241412546330629,15500.0,0.5989802781095083,med,9284.194310697378,24756.861132639446,0.03125125011121697,1.1342170301658476
B01566,personal,19,loyal,E,0.20134557368158393,4500.0,0.5016552662309439,med,2257.4486980392476,14103.055211876717,0.013339005060278028,-0.2720169285661368
B01567,personal,9,established,D,0.15454006806181955,4500.0,0.580784370207017,med,2613.5296659315763,12515.388250750846,0.017402108066009465,-0.2681036930243923
B01568,personal,10,established,E,0.32243102597370527,8000.0,0.5229697187207795,med,4183.757749766236,28136.23749770201,0.012391368219566015,-1.3033666099160157
B01569,personal,23,loyal,D,0.12734294281967565,20000.0,0.5661739858869056,med,11323.479717738112,56782.644337930236,0.016618164243914553,0.011642891048802395
B01570,personal,26,loyal,A,0.015,56000.0,0.4291829341590614,med,24034.244312907438,28421.24478735273,0.07047030162568894,2.974023625273372
B01571,personal,9,established,B,0.07239770153940561,42000.0,0.589707912416377,med,24767.732321487834,76839.52889525333,0.02686088427573401,0.7779331641104418
B01572,personal,23,loyal,D,0.12516015409574818,5000.0,0.7218213793060901,high,3609.1068965304507,24581.33799303882,0.01223525375752028,0.13526958110639514
B01573,salary_advance,12,established,E,0.1839690988675414,11000.0,0.5438072846945738,med,5981.880131640312,27369.087566358092,0.01821361452994753,-0.2616880361817151
B01574,personal,16,established,D,0.15242653869743633,3000.0,0.37348768934849136,med,1120.463068045474,15598.752310446516,0.005985858386544895,-0.04263339565643339
B01575,personal,35,loyal,C,0.08248354547256476,3500.0,0.520212130563293,med,1820.7424569715254,22225.950111998864,0.006826639010543289,0.5300507521936395
B01576,salary_advance,25,loyal,D,0.13156785810737548,3000.0,0.5831872977379202,med,1749.5618932137606,13982.110520280428,0.010427383206777566,0.3309302928542422
B01577,salary_advance,25,loyal,B,0.060290940147027745,46000.0,0.5296891898658859,med,24365.70273383075,11499.565070087363,0.17656974115489776,1.2800591957711291
B01578,salary_advance,46,loyal,D,0.14650908206722818,4500.0,0.5599114132519701,med,2519.6013596338657,14113.510285168011,0.014877006196689736,-0.20344749006040896
B01579,salary_advance,11,established,E,0.24987972795549823,7000.0,0.7332713532575689,high,5132.899472802982,28195.03843657923,0.015170811832575662,-0.6083876749842682
B01580,salary_advance,9,established,C,0.08602813643002585,9500.0,0.5472264436442112,med,5198.651214620007,17940.419984937736,0.02414775879914668,0.7201954570502046
B01581,personal,11,established,E,0.3036191043500686,3500.0,0.6189720318366241,med,2166.402111428184,20436.339649145215,0.008833945431770759,-1.1686417535643978
B01582,personal,14,established,C,0.08580609494634067,9500.0,0.45573320646204235,med,4329.465461389403,33705.92150935384,0.010704017937886471,0.7290172528625397
B01583,personal,4,new,E,0.18328811054471283,2500.0,0.4128010023880788,med,1032.002505970197,11477.69533711778,0.007492811605892101,-0.36428061239693343
B01584,personal,14,established,E,0.35,4500.0,0.685869561534441,med,3086.4130269049847,28129.37920109641,0.00914350379852643,-1.8279092187172135
B01585,salary_advance,12,established,C,0.10317104389205584,9000.0,0.5697491616443646,med,5127.742454799281,42892.037849995155,0.009962498697956403,0.45949912556094674
B01586,personal,25,loyal,E,0.3190286602488556,13500.0,0.5320943399489346,med,7183.273589310617,44981.55159298954,0.013307814231464734,-1.2851466245889944
B01587,personal,19,loyal,B,0.04594695375605862,15500.0,0.5103035990333564,med,7909.705785017025,35743.07694082666,0.018441113781072657,1.0933620096556613
B01588,personal,11,established,E,0.1810106161628218,19000.0,0.5671596508873961,med,10776.033366860525,26142.032835642643,0.03435091625113993,-0.24871432925059608
B01589,personal,22,loyal,A,0.022544318355439574,12500.0,0.407045985539748,med,5088.07481924685,19090.45225161532,0.022210381888745495,2.2510842165068197
B01590,personal,24,loyal,B,0.050501834958264186,7000.0,0.4224386858486673,med,2957.070800940671,25711.732538493656,0.009584051419955102,1.4713128443726071
B01591,personal,10,established,E,0.30445760628689206,6000.0,0.6622563067562744,med,3973.537840537647,66796.42067354867,0.0049572739083797,-1.0606925062318246
B01592,salary_advance,12,established,E,0.35,29000.0,0.6307152110477534,med,18290.74112038485,31262.870031859227,0.04875523025062745,-1.6707398638414173
B01593,personal,4,new,E,0.3302143596668846,3500.0,0.573091315651133,med,2005.8196047789656,25367.268273218233,0.006589264241276331,-1.1051012567913738
B01594,salary_advance,9,established,E,0.26333544989958263,4000.0,0.5293880144610059,med,2117.5520578440237,36681.6174739374,0.004810656771402739,-0.8712586028303712
B01595,salary_advance,10,established,A,0.02596163181078461,54000.0,0.4587504858000871,med,24772.526233204702,27649.09668707237,0.07466345861004613,2.175738086877094
B01596,personal,17,established,D,0.14040271918548064,35000.0,0.6551019454288481,med,22928.568090009685,30460.502485228124,0.0627275931651952,-0.01031465928015141
B01597,personal,9,established,C,0.08779400431384697,6000.0,0.5465002907516932,med,3279.001744510159,23489.424202436934,0.011632900960914058,0.9334188041831667
B01598,salary_advance,12,established,D,0.12322767043473215,12000.0,0.5391744611170126,med,6470.0935334041515,21413.658289692907,0.025178998087241118,0.0649690874494141
B01599,personal,8,established,D,0.15502982467671694,7500.0,0.605362828551181,med,4540.221214133857,46527.561811359046,0.008131777232997385,-0.1796674882806456
B01600,salary_advance,18,established,C,0.09488749685614441,8500.0,0.6782174184204987,med,5764.848056574238,9203.210506723255,0.052199610599319504,0.31737297749109167
B01601,personal,20,loyal,B,0.04872788243044976,11000.0,0.5484843363903038,med,6033.327700293342,35004.46680090843,0.014363232875889158,1.5065393185924463
B01602,salary_advance,20,loyal,B,0.0578831279124082,63500.0,0.5433355585559576,med,34501.80796830331,20697.865488195694,0.1389104913095999,1.0616247556745986
B01603,salary_advance,16,established,E,0.2193819727397177,4000.0,0.6617724483629338,med,2647.089793451735,9434.54417870945,0.023381184288561202,-0.7073338434766651
B01604,personal,7,established,A,0.03708768027347184,28000.0,0.47800451130247995,med,13384.12631646944,15740.06761414492,0.07086016953977219,1.6225141380864172
B01605,personal,11,established,D,0.1762884929190784,3000.0,0.6000548607074033,med,1800.16458212221,26375.073325445235,0.005687707985711106,-0.29281549898631315
B01606,salary_advance,13,established,D,0.130343862767881,11500.0,0.5213414707161447,med,5995.426913235664,28447.443497988635,0.017562875534725315,-0.1055201238766485
B01607,personal,13,established,E,0.35,6500.0,0.5446816043363945,med,3540.430428186564,40416.86593752257,0.007299820561832306,-2.829505302249035
B01608,personal,17,established,C,0.09358865588510029,14000.0,0.571694671018732,med,8003.725394262247,41957.39715463153,0.015896532230786756,0.634399591161337
B01609,personal,36,loyal,B,0.0729052986142939,39500.0,0.5744358643864347,med,22690.21664326417,11490.854880702678,0.1645527166228605,0.5010126396618834
B01610,personal,25,loyal,C,0.10940666083711413,13500.0,0.5161517029801351,med,6968.047990231824,33111.20330389484,0.017536984703432634,0.49992565660190214
B01611,salary_advance,9,established,D,0.17926724448466658,12000.0,0.6708177077275745,med,8049.8124927308945,40162.908934986524,0.016702418363506905,-0.05282467111081807
B01612,salary_advance,23,loyal,D,0.12204576117583577,5000.0,0.48654430678426963,med,2432.721533921348,30345.619142715314,0.006680595098093812,0.17478215986721723
B01613,personal,23,loyal,D,0.16370263139225996,50500.0,0.39382420982422217,med,19888.12259612322,35466.462721227115,0.04672988007583272,0.03041957316957017
B01614,salary_advance,10,established,B,0.07622174966464991,9500.0,0.459412107019511,med,4364.415016685355,9293.900060249052,0.03913332928401427,0.8131608711272794
B01615,personal,26,loyal,B,0.07992518827674323,10000.0,0.3699850865981377,med,3699.8508659813774,15605.547762535316,0.019757134462056045,1.0391177730333507
B01616,personal,15,established,D,0.15815027608348328,7500.0,0.6103882306972579,med,4577.911730229434,57029.608043257766,0.006689378680218503,-0.23103158837459842
B01617,personal,7,established,B,0.04920378788193279,10000.0,0.44557403152642905,med,4455.74031526429,23067.04888183706,0.016097060999903667,0.948937494316759
B01618,salary_advance,21,loyal,C,0.08452786311679039,14000.0,0.6307616613555976,med,8830.663258978368,91373.16850266424,0.008053661889741813,0.6710258189825223
B01619,personal,18,established,E,0.24690028991332966,7000.0,0.6866714521752676,med,4806.700165226873,13317.945275911236,0.030076587551891146,-0.5042264181236554
B01620,personal,14,established,D,0.13142609566813976,5000.0,0.46654034946382883,med,2332.701747319144,63581.303286248556,0.003057373822638182,0.19841557490736433
B01621,personal,16,established,E,0.32699232621158336,23000.0,0.5607388998487578,med,12896.99469652143,19227.790105309457,0.05589563606410894,-1.3593864184938602
B01622,salary_advance,11,established,C,0.09569718553080561,40000.0,0.5924774893166199,med,23699.099572664796,43232.15346789216,0.04568185496138837,0.5827183090792485
B01623,personal,23,loyal,E,0.33548582947496147,5500.0,0.7172793655343734,high,3945.036510439054,22869.048272464926,0.014375457982325267,-1.1421821055263717
B01624,personal,16,established,E,0.281046903422023,37000.0,0.42302546621176884,med,15651.942249835447,28670.47083609499,0.045493794931945185,-1.0277269599837642
B01625,salary_advance,18,established,E,0.35,4500.0,0.6765522423041118,med,3044.4850903685033,37329.859907171514,0.006796357969061163,-1.6686914067166243
B01626,personal,20,loyal,C,0.11217014160003695,8500.0,0.34148498253855636,low,2902.622351577729,19199.81084622194,0.01259831140536512,0.22488304732849937
B01627,personal,8,established,B,0.04662764063879149,49000.0,0.4408932399659538,med,21603.76875833174,41798.19840316032,0.043071570832540755,1.6096337023090939
B01628,personal,10,established,D,0.16992001283895378,11500.0,0.6769924074886066,med,7785.412686118975,23243.235891817956,0.027912825629339267,-0.11707666108143513
B01629,personal,4,new,C,0.10390944395749616,13000.0,0.8040536295016892,high,10452.69718352196,29671.060729105302,0.029357160722345895,0.29358537943312724
B01630,personal,22,loyal,A,0.015,13000.0,0.42534320056667985,med,5529.461607366838,6280.191375132672,0.07337172384668539,2.752313897312389
B01631,salary_advance,8,established,C,0.09210222620339263,9500.0,0.4095312220852523,med,3890.546609809897,22347.407528582953,0.014507822308671899,0.7540558481200959
B01632,salary_advance,17,established,E,0.19382399549885915,2500.0,0.5383736242690688,med,1345.9340606726719,53903.36005265753,0.0020807825637057468,-0.4152120445880223
B01633,salary_advance,20,loyal,D,0.1354793538218207,51500.0,0.5685169359351429,med,29278.62220065986,39421.7294803998,0.06189188591031793,0.12243139726416274
B01634,salary_advance,22,loyal,B,0.0639567517339203,6000.0,0.46288915945522735,med,2777.334956731364,43809.24240377374,0.005283008037310341,0.7506582082230062
B01635,personal,8,established,E,0.23800655222965028,6500.0,0.5110002253366843,med,3321.501464688448,27703.796009038186,0.009991114164778566,-0.6328946452609244
B01636,personal,15,established,E,0.21711961039297256,2500.0,0.5551578166593001,med,1387.8945416482502,67639.74118128215,0.0017099101275492958,-0.5580869998134319
B01637,salary_advance,41,loyal,A,0.03610495410900179,17000.0,0.5289663532659498,med,8992.428005521146,31528.314500871704,0.02376812754894895,1.7352539092594896
B01638,personal,42,loyal,B,0.04935512032484044,11000.0,0.4857514944601572,med,5343.266439061729,18712.461191391383,0.02379549107415065,1.4261562807722123
B01639,salary_advance,28,loyal,E,0.24992280338657172,9500.0,0.5266881499691836,med,5003.537424707244,43059.040220125775,0.009683482258948481,-0.8968924820486638
B01640,salary_advance,19,loyal,D,0.13813808264652916,8000.0,0.5028173374665171,med,4022.538699732137,44686.60618217756,0.007501387707637203,-0.06816951790021963
B01641,personal,9,established,E,0.1912545276787467,4500.0,0.5497559051036934,med,2473.9015729666203,38035.49849722982,0.0054201593921241725,-0.4640043869133926
B01642,personal,24,loyal,B,0.06186982828977439,3500.0,0.42099284741501974,med,1473.4749659525692,21555.50169229703,0.0056964380717674,0.999088946165252
B01643,personal,15,established,B,0.07983912722517117,6500.0,0.44660443748736894,med,2902.928843667898,31407.741768323744,0.007702264580394116,1.1430755885056563
B01644,personal,22,loyal,A,0.015,19000.0,0.49991480252592796,med,9498.381247992631,57891.66357854449,0.013672638195862901,3.1019679342738837
B01645,personal,11,established,D,0.1751660031019882,17500.0,0.5659400784560957,med,9903.951372981675,34984.22403406136,0.023591470266090476,-0.4656732962826614
B01646,personal,14,established,E,0.24210264120427163,7000.0,0.42116710291461157,med,2948.169720402281,11935.000788263374,0.020584901031185578,-0.4157287143420289
B01647,salary_advance,17,established,B,0.06520976035876402,10000.0,0.6228819761654988,med,6228.819761654988,19037.76578321912,0.027265190641686685,0.9385700156377141
B01648,salary_advance,18,established,E,0.18046540957531473,4500.0,0.6240450269259443,med,2808.2026211667494,18557.03168634738,0.012610685213702469,-0.33221671895485927
B01649,salary_advance,21,loyal,C,0.10128115889302396,23000.0,0.4027623729202323,med,9263.534577165343,17767.42713144834,0.04344811485943327,0.609038138509483
B01650,personal,11,established,D,0.14896829460209784,45000.0,0.5475033600527554,med,24637.651202373992,8423.608966586631,0.24373610032729165,-0.41503810878354574
B01651,personal,7,established,E,0.35,6500.0,0.6109740786781663,med,3971.331511408081,76101.07274601147,0.004348746747918678,-2.621653921904179
B01652,personal,40,loyal,C,0.08860821245670529,3500.0,0.6074441472813082,med,2126.054515484579,16614.6782047277,0.010663535425759912,0.5232332301515457
B01653,personal,60,loyal,D,0.12409272432642023,8500.0,0.5201739457967968,med,4421.478539272773,17289.046501362016,0.021311559599910327,0.21763904069720974
B01654,salary_advance,21,loyal,A,0.030397113465714304,75500.0,0.47075954426511696,med,35542.34559201633,9247.054521758955,0.32030330584712813,2.0212310502568993
B01655,personal,7,established,D,0.13988375996172814,5000.0,0.5482098998881979,med,2741.0494994409896,43327.20213563879,0.005271994967618621,0.005490407536354829
B01656,personal,10,established,E,0.3203831112486984,8000.0,0.48908919870892925,med,3912.713589671434,25591.724869091908,0.012740816317533453,-1.2547474783141723
B01657,salary_advance,21,loyal,C,0.11321175167921413,39500.0,0.6780837035335204,med,26784.30628957406,22181.136893871295,0.10062719214125972,0.49190112702047667
B01658,personal,34,loyal,E,0.35,11500.0,0.7096313833978574,high,8160.760909075359,22836.131057775852,0.029780150033691773,-1.6910828431366283
B01659,personal,8,established,E,0.3176687460909515,8500.0,0.560087852307867,med,4760.746744616869,37171.30663973761,0.010672987614608631,-1.2109178351996426
B01660,personal,15,established,C,0.08964318202363368,9500.0,0.5563200932503845,med,5285.040885878652,20660.69060210389,0.021316812797069467,0.6355059681529976
B01661,salary_advance,18,established,D,0.16632814154434086,36000.0,0.65867885881454,med,23712.43891732344,9010.126725831942,0.219312850592694,0.10265956004633672
B01662,salary_advance,26,loyal,A,0.03932669275608622,11500.0,0.49777089365758886,med,5724.365277062272,13222.235942976116,0.03607789498028102,1.6725082394980655
B01663,personal,13,established,E,0.35,19000.0,0.784609843110785,high,14907.587019104914,12849.892027968936,0.09667777095362112,-1.9668922508780478
B01664,salary_advance,6,new,C,0.1017657145953564,8000.0,0.8024840127231827,high,6419.872101785461,31301.609995954932,0.01709143209836782,0.10753860267624699
B01665,salary_advance,23,loyal,C,0.09548713665967859,13000.0,0.5389513526116363,med,7006.367583951272,44869.36165355285,0.01301253113065051,0.27448750161221463
B01666,salary_advance,30,loyal,A,0.03489056064779647,50000.0,0.4325526530361902,med,21627.632651809512,60246.098642127195,0.02991567523218611,1.7058485826132062
B01667,personal,15,established,C,0.08408426790867005,9500.0,0.4366827567787137,med,4148.48618939778,10946.861470949369,0.031580483901001946,0.6727627681666226
B01668,personal,20,loyal,B,0.059008225630781064,6500.0,0.30740835487521345,low,1998.1543066888873,37841.00381668076,0.004400328799347014,1.042252150088298
B01669,salary_advance,12,established,A,0.03373093584713055,4500.0,0.606449480329129,med,2729.022661481081,19181.67824382428,0.01185603012586466,1.8914100380841012
B01670,personal,10,established,D,0.1718742138867135,18000.0,0.5497727731633202,med,9895.909916939763,134309.4765809047,0.006139992357488087,-0.36808710928656624
B01671,personal,28,loyal,A,0.03192277674816167,17000.0,0.5758699104359605,med,9789.788477411328,57581.39389577755,0.014168043724811043,1.7350808353007192
B01672,salary_advance,20,loyal,E,0.18876909269793618,4500.0,0.683325380944505,med,3074.9642142502726,68599.6338800325,0.0037353992049333077,-0.294206150879736
B01673,personal,21,loyal,E,0.2658375850425806,16500.0,0.5006655903602821,med,8260.982240944655,41828.863774568046,0.016457898317667058,-0.6808777497656938
B01674,salary_advance,37,loyal,A,0.03756442299416773,48000.0,0.40637885399471113,med,19506.184991746133,33191.14850496904,0.04897436482908957,1.5027465714983386
B01675,salary_advance,9,established,E,0.31390773883794115,14000.0,0.7734752980692466,high,10828.654172969453,21559.66239654171,0.04185537932598622,-1.1547407384088015
B01676,salary_advance,12,established,B,0.05365149918194003,15000.0,0.515091625877877,med,7726.374388168156,19348.565358818174,0.03327712005551372,0.9227656284189578
B01677,personal,17,established,C,0.10838961818320435,51500.0,0.49372103389551075,med,25426.633245618803,17325.63026230947,0.12229777917003312,0.10131319372132609
B01678,salary_advance,12,established,B,0.04323573450811045,27000.0,0.3989770173202819,med,10772.379467647612,37784.96729631375,0.02375808034795395,1.4218527286548728
B01679,personal,25,loyal,D,0.12794677922078349,3500.0,0.5389975510598155,med,1886.4914287093543,63463.58396697706,0.0024771311235891598,0.34055603504511056
B01680,salary_advance,14,established,C,0.09432386786428966,55000.0,0.6877051390361415,med,37823.782646987784,22109.345857707664,0.14256332627544258,0.4060489462955271
B01681,salary_advance,9,established,B,0.065817238051627,9500.0,0.5934374591030322,med,5637.655861478806,18082.649285865416,0.025980963723632244,0.8592649929249059
B01682,salary_advance,17,established,D,0.17816423386144095,32500.0,0.6007724018327879,med,19525.10305956561,11897.37572146244,0.13676057306446596,-0.31264955005977846
B01683,personal,18,established,E,0.23251537461692295,10000.0,0.7422310632167044,high,7422.310632167044,30778.769139292344,0.020095861638089574,-0.7062063074902213
B01684,personal,27,loyal,B,0.06531213749815329,14500.0,0.6592158459149823,med,9558.629765767244,52896.746576150705,0.015058628971327726,0.8744294398434195
B01685,personal,20,loyal,D,0.1397735413846285,5500.0,0.5861152347618017,med,3223.6337911899095,54373.382862877435,0.00494058186416856,0.3707121908693626
B01686,personal,21,loyal,D,0.13781143329638845,3000.0,0.7990633696332019,high,2397.1901088996055,57419.6183572996,0.003479052075289608,-0.007313917304280326
B01687,personal,19,loyal,C,0.11379035602995287,5500.0,0.5275579269466445,med,2901.5685982065447,33808.70650301186,0.007151926476759415,0.3172159003023325
B01688,personal,14,established,A,0.038581292233770846,17000.0,0.6033200701755107,med,10256.441192983682,28271.337198208927,0.03023215445227643,1.59455950783833
B01689,personal,11,established,E,0.2046569090276393,18000.0,0.5526991903720708,med,9948.585426697275,54460.92462321357,0.015222818769491296,-0.4430184067398925
B01690,salary_advance,19,loyal,D,0.13575087114508044,3000.0,0.642749477102832,med,1928.248431308496,14610.070143820427,0.010998398207121094,0.2779803867179844
B01691,salary_advance,13,established,E,0.35,3500.0,0.6175735350613204,med,2161.5073727146214,21110.69979887784,0.008532432184103147,-1.357444224662495
B01692,personal,41,loyal,C,0.0981156108852649,13000.0,0.5938629904991197,med,7720.218876488557,68938.24923103255,0.009332287666381705,0.35764706184288503
B01693,salary_advance,34,loyal,B,0.05568590855492665,7000.0,0.7256901431006717,high,5079.8310017047015,14897.772175022414,0.028414936486395932,1.406883511240392
B01694,salary_advance,23,loyal,B,0.0445395302960808,7000.0,0.5902697860079681,med,4131.888502055776,26398.118745659864,0.01304350681787095,1.586198115680868
B01695,personal,20,loyal,C,0.11048422707154042,3500.0,0.5913975819261593,med,2069.8915367415575,38071.90292940358,0.004530662985640051,0.5082176016305326
B01696,personal,15,established,B,0.06746860574991749,15000.0,0.4453388706786937,med,6680.0830601804055,28155.11171193942,0.019771670382408922,0.9558335730808833
B01697,salary_advance,8,established,B,0.06025052953918023,15000.0,0.5357469536941543,med,8036.204305412314,50623.92798809567,0.01322859996709798,1.0812304018802419
B01698,salary_advance,14,established,B,0.05199804225860051,27500.0,0.40211879776507126,med,11058.26693853946,62263.022725861374,0.014800473933552341,1.4629502296922627
B01699,salary_advance,17,established,B,0.057815000388061914,6500.0,0.594729670221576,med,3865.742856440244,35024.93012338512,0.009197598307886417,1.3343026554775617
B01700,salary_advance,18,established,A,0.0392741186360609,7500.0,0.5686613029617266,med,4264.959772212949,57787.88896146511,0.006150307975224367,1.9199781961072513
B01701,salary_advance,21,loyal,C,0.09419314633564427,23000.0,0.5220348109671651,med,12006.800652244798,16142.78524120985,0.061982285341077276,0.5803068334337503
B01702,personal,27,loyal,E,0.2634646830882917,38500.0,0.7569819783367882,high,29143.806165966344,24670.251916055135,0.09844449590926102,-0.9270580423615083
B01703,salary_advance,11,established,B,0.046060743131198435,10000.0,0.6637679318883354,med,6637.6793188833535,100997.91468831094,0.005476746177852497,1.0137187436854203
B01704,personal,11,established,B,0.06266960361919975,24000.0,0.5434179883587464,med,13042.031720609915,78324.18666362802,0.013876122089655801,0.7805531893227763
B01705,salary_advance,36,loyal,A,0.021224755535670912,19000.0,0.5221897941621206,med,9921.606089080293,13328.813913378131,0.062031063888850456,2.3199953933811392
B01706,personal,25,loyal,A,0.03247547317454849,49500.0,0.4325784747155946,med,21412.634498421932,26715.005100649738,0.06679340698154797,1.681290356169706
B01707,personal,13,established,A,0.03450515589339183,12000.0,0.4542680444132909,med,5451.216532959491,28993.908772755683,0.01566770620593753,1.9454724558645653
B01708,salary_advance,15,established,B,0.05620628548372799,3500.0,0.4137272851222251,med,1448.045497927788,33829.522182979046,0.0035670163328929017,0.969853980326533
B01709,personal,15,established,C,0.11207841711654766,3000.0,0.5075951217139026,med,1522.7853651417079,54215.57262368436,0.0023406334063700222,0.22881059193862816
B01710,salary_advance,16,established,E,0.27099735079826315,9000.0,0.6103992127697047,med,5493.592914927342,73979.07009421026,0.006188228765166741,-1.0349831213257468
B01711,personal,21,loyal,C,0.09786540669577694,23500.0,0.37251822230510323,med,8754.178224169926,27462.559865141262,0.02656397858016678,0.7080965345140804
B01712,salary_advance,60,loyal,C,0.11313530275149833,8500.0,0.6124609921372112,med,5205.918433166295,49865.875403254606,0.008699868047816856,0.1974966431286821
B01713,salary_advance,18,established,C,0.09890760270801222,3500.0,0.6397037589183984,med,2238.963156214394,38426.701392980416,0.004855484760707294,0.5615100134324709
B01714,personal,23,loyal,C,0.10368074067973751,3500.0,0.545001964635146,med,1907.5068762230112,26592.329063107987,0.005977622568323439,0.4545131863096561
B01715,salary_advance,6,new,C,0.08603954584933833,14500.0,0.2770509973380523,low,4017.239461401758,10572.515168934446,0.03166417354504993,0.8217335888501349
B01716,personal,12,established,D,0.16942095319699058,34000.0,0.5493668841243174,med,18678.474060226792,47106.2275505655,0.03304317891616463,-0.09733070953851063
B01717,personal,32,loyal,B,0.05022161441164548,10500.0,0.36993475940833875,med,3884.314973787557,37528.523208214414,0.008625250524418319,1.3350201907325847
B01718,salary_advance,20,loyal,E,0.35,6500.0,0.6051870639911425,med,3933.7159159424264,33332.03003415352,0.009834674315545142,-1.973154312875058
B01719,salary_advance,1,new,C,0.11959661333286419,8500.0,0.692551240373775,med,5886.685543177087,15682.547553663053,0.03128044897804303,0.18999357515784443
B01720,personal,23,loyal,B,0.04050002651695976,28000.0,0.2701399418430949,low,7563.918371606658,79025.47124456026,0.007976245140209906,1.6024897791525619
B01721,personal,47,loyal,A,0.024443592958637062,31500.0,0.3882128895384367,med,12228.706020460755,29256.572706950068,0.03483179131218993,2.2700485084562145
B01722,salary_advance,5,new,B,0.07359050073550231,6000.0,0.6127363205847208,med,3676.4179235083247,14360.59725748856,0.021333942787971433,0.7319613383850628
B01723,personal,37,loyal,A,0.032263745964179705,18500.0,0.4067611292478869,med,7525.080891085907,13144.041159060844,0.04770907719083597,2.084883022582539
B01724,personal,3,new,D,0.1619143673060118,19000.0,0.49918617907377033,med,9484.537402401636,39050.45552041141,0.02023992054212217,-0.1810640042412576
B01725,personal,27,loyal,C,0.0927502148198642,38500.0,0.7308438613072242,high,28137.488660328134,39695.27162182402,0.05906977395274633,0.4028625759270631
B01726,personal,16,established,C,0.08958297503652056,9000.0,0.5785281213595953,med,5206.753092236358,20854.904217653257,0.02080547033404316,0.5294156432277516
B01727,salary_advance,4,new,E,0.18123486856538473,5000.0,0.6603417504809717,med,3301.7087524048584,34698.225931397836,0.0079295810851461,-0.003194282891065048
B01728,personal,21,loyal,E,0.20175854467398638,7000.0,0.6355498568033058,med,4448.84899762314,38839.12867284322,0.009545461732456914,-0.3823574680173606
B01729,personal,30,loyal,D,0.17584186745198063,11500.0,0.591431414083202,med,6801.461261956822,29055.37792197887,0.0195071783274812,-0.11524024413189937
B01730,salary_advance,20,loyal,D,0.16132421883722417,4500.0,0.698590517041908,med,3143.657326688586,18292.79203701581,0.014321020178910434,-0.36215290607615724
B01731,personal,22,loyal,B,0.0634206349139973,61500.0,0.7015296139247188,high,43144.0712563702,45649.40135068796,0.07875983397337587,0.9283770948652447
B01732,salary_advance,13,established,C,0.098909858232544,5500.0,0.3826865637492817,med,2104.7761006210494,42646.36073909175,0.0041128482089752855,0.36139181250047725
B01733,personal,5,new,E,0.23710854285952523,29000.0,0.6013205029164037,med,17438.294584575706,36762.14852147969,0.039529550742449834,-0.7102861167580975
B01734,salary_advance,24,loyal,D,0.12111441133510265,8500.0,0.5537367255496509,med,4706.762167172033,17008.14230976942,0.023061318129515746,0.18331624316270978
B01735,salary_advance,43,loyal,B,0.05020068437677433,4000.0,0.4663337649836334,med,1865.3350599345335,12938.10521183888,0.01201447861048771,1.2550563461996265
B01736,salary_advance,30,loyal,B,0.040875446494903794,11000.0,0.5946675096569486,med,6541.342606226434,28059.657587781425,0.019426890087553023,1.5304481806100703
B01737,personal,5,new,E,0.34058948502066944,7500.0,0.6671064623951859,med,5003.298467963894,44858.30932860948,0.009294633374224752,-1.4805139965051826
B01738,personal,7,established,E,0.32465865446129616,13500.0,0.7901236946162191,high,10666.669877318958,47677.033575700494,0.01864396942884227,-1.2876846697756177
B01739,salary_advance,10,established,B,0.06054852120786265,10500.0,0.6164966023341775,med,6473.214324508864,37101.40092836475,0.014539465183105716,1.3045099556210151
B01740,personal,6,new,E,0.2977348633648296,2000.0,0.7504508730524616,high,1500.9017461049232,20999.42219992183,0.005956123188437498,-1.3751332384885957
B01741,personal,16,established,C,0.09855432210903876,40000.0,0.4225018161893563,med,16900.072647574252,17286.582992118852,0.0814700850908437,0.5474868338224844
B01742,personal,20,loyal,A,0.03531959623233071,12000.0,0.3995570795149915,med,4794.684954179897,26654.765816727726,0.014990080282912915,2.0169091987540133
B01743,salary_advance,7,established,A,0.02927447875757648,7500.0,0.40848676032518466,med,3063.6507024388848,26794.148545078722,0.009528357461096934,1.9692348033931344
B01744,salary_advance,25,loyal,B,0.04132743148361762,48000.0,0.6287201952469791,med,30178.569371854996,49464.59357259375,0.05084203870586952,1.4878725906320915
B01745,salary_advance,22,loyal,B,0.052086701944629214,7000.0,0.406211655492212,med,2843.481588445484,20664.18075391709,0.011467030890745874,1.4588095153221206
B01746,salary_advance,12,established,A,0.015378988475054997,5000.0,0.3640635114928308,med,1820.3175574641539,21630.13797625288,0.007013044944753431,2.601907450196455
B01747,personal,14,established,E,0.35,4500.0,0.5687166867866483,med,2559.2250905399173,83303.43844465465,0.0025601435130037896,-2.3343956628937708
B01748,personal,5,new,E,0.220321933160901,9500.0,0.8225210705628364,high,7813.950170346946,63143.94434645283,0.010312350945687455,-0.8143356760806351
B01749,personal,13,established,B,0.05723058793701079,9500.0,0.5111103590251029,med,4855.548410738478,16555.452079822004,0.024440832680212552,0.8484918490766015
B01750,salary_advance,16,established,D,0.1378095313889756,35000.0,0.6175006160542537,med,21612.521561898877,60343.80345311721,0.029846369642424913,0.012712992158042946
B01751,personal,18,established,B,0.04550671016788513,6500.0,0.396645898410425,med,2578.198339667763,14515.394275260065,0.014801517448628234,1.2397783086070346
B01752,salary_advance,20,loyal,C,0.08273151380927533,59000.0,0.6267904522960523,med,36980.636685467085,21189.640939390127,0.1454352026352751,0.7106459396898074
B01753,salary_advance,18,established,C,0.11484007387493438,3500.0,0.3718453873429169,med,1301.4588557002091,22558.474332035286,0.0048077233879095845,0.48174386033759753
B01754,personal,14,established,E,0.2161257455066097,3000.0,0.48941732425022555,med,1468.2519727506767,25779.235144408573,0.004746235890132474,-0.27467466424593767
B01755,personal,19,loyal,D,0.15685246658232893,5000.0,0.5010633277278645,med,2505.3166386393227,37830.31277336314,0.005518759197261496,-0.12251095880806073
B01756,personal,28,loyal,D,0.17915629235545097,3000.0,0.5984938157876344,med,1795.481447362903,28525.68889639567,0.005245217897816101,-0.1471099631476519
B01757,salary_advance,15,established,C,0.09379559883296922,9000.0,0.45921331303433627,med,4132.919817309026,37725.82095306586,0.00912929065756389,0.6211662968367763
B01758,salary_advance,19,loyal,D,0.1374554635167637,20000.0,0.7072389247785709,high,14144.778495571418,21568.46397321458,0.05465069477184189,-0.024564965822866935
B01759,salary_advance,14,established,A,0.039299889092707006,26500.0,0.556127072534281,med,14737.367422158446,33051.50704453413,0.03715757802486152,1.3032048834912875
B01760,personal,11,established,C,0.10800642757170181,14000.0,0.47008027736151725,med,6581.123883061242,28097.384175898296,0.01951879174309542,0.6532259246028234
B01761,personal,21,loyal,A,0.037983881639533895,4000.0,0.5970350666181933,med,2388.140266472773,12536.735571686395,0.015874283040809227,1.4994164409698403
B01762,personal,12,established,E,0.34683091187706827,14500.0,0.5951845595288205,med,8630.176113167898,35089.44369466694,0.020495661003405878,-1.1289243559929987
B01763,personal,20,loyal,E,0.35,5500.0,0.5826707573409179,med,3204.6891653750486,28362.707715780198,0.009415794610446789,-1.299476546786444
B01764,personal,16,established,D,0.12533574303693384,12000.0,0.6505873558124236,med,7807.0482697490825,18166.77636384913,0.035811931780426166,-0.004185755631763539
B01765,personal,13,established,A,0.015,19000.0,0.22997543423421837,low,4369.533250450149,21297.326542085044,0.01709734647451187,2.898800613559521
B01766,salary_advance,13,established,B,0.054483120505640976,7000.0,0.569236572724336,med,3984.6560090703524,21586.50414667705,0.015382512386733296,1.6162087780945704
B01767,personal,12,established,E,0.25004491606988344,7000.0,0.5306992078954275,med,3714.8944552679923,23512.67318094684,0.013166284222835995,-0.5544463085067131
B01768,personal,6,new,C,0.0964120484725616,38500.0,0.4746932136780326,med,18275.688726604254,70786.73945791757,0.021514962720606115,0.424512134431341
B01769,salary_advance,20,loyal,B,0.040591978178210225,7000.0,0.6860922039050158,med,4802.645427335111,84934.86447670983,0.004712086782544655,1.4775869074436834
B01770,personal,18,established,E,0.3493633630009182,8000.0,0.59084382766916,med,4726.75062135328,6006.987921798581,0.0655729444175135,-1.3683882407328614
B01771,salary_advance,26,loyal,A,0.02591923035358518,53500.0,0.5689041687831687,med,30436.37302989953,35189.25003651224,0.07207781969000679,2.119625869034605
B01772,salary_advance,12,established,D,0.14489327059178844,8500.0,0.5882554467144696,med,5000.171297072991,45488.883330463046,0.009160060896542298,0.18257587317905927
B01773,salary_advance,46,loyal,C,0.09539407721354994,9500.0,0.5749302791923007,med,5461.837652326856,23888.627123512597,0.019053130819975672,0.6593191553921396
B01774,salary_advance,13,established,C,0.08536778719412483,8500.0,0.52158639631295,med,4433.484368660075,44821.78383900631,0.008242800689252169,0.37378465943385564
B01775,personal,10,established,B,0.06273433698484242,25500.0,0.48465480726716165,med,12358.697585312622,66822.30619052236,0.015412390325265243,1.1445401393078949
B01776,salary_advance,9,established,E,0.18505631784628415,7000.0,0.7240220424502991,high,5068.154297152094,12650.941337247641,0.03338456642636108,-0.405182158201408
B01777,personal,6,new,E,0.35,4500.0,0.7316930684836591,high,3292.618808176466,28957.051759243073,0.009475581387314013,-1.7069700047844523
B01778,personal,38,loyal,C,0.08493020443169619,6000.0,0.4835433025427314,med,2901.2598152563887,78921.65633317347,0.00306343863654748,0.7229552929000445
B01779,personal,34,loyal,E,0.35,29500.0,0.5506254920125752,med,16243.452014370967,13619.107983872273,0.099391311295904,-1.643658086173129
B01780,personal,22,loyal,D,0.14964437485357168,36000.0,0.5065491837558774,med,18235.770615211586,25251.02965740435,0.060181607320001954,0.09889640486445994
B01781,salary_advance,10,established,A,0.03846417417638055,16500.0,0.5941863801445022,med,9804.075272384287,21023.19220750593,0.03886214161172888,1.5368742898588184
B01782,personal,44,loyal,B,0.06654454856585268,62000.0,0.6359630055328448,med,39429.70634303638,47980.07056184527,0.06848278511146334,0.9790939035087383
B01783,personal,13,established,B,0.059901626461187824,15000.0,0.5733603959843698,med,8600.405939765547,51802.06389351329,0.01383536564206679,1.042356065725276
B01784,personal,14,established,B,0.07046452661585069,40500.0,0.37647697244593437,med,15247.317384060341,29415.588884793462,0.04319511626917918,0.620351365202829
B01785,salary_advance,36,loyal,A,0.015,8000.0,0.5087394745506881,med,4069.9157964055053,27384.02555176431,0.012385310153152675,3.160334488783408
B01786,personal,23,loyal,E,0.2037072221159475,5000.0,0.7008860753228643,high,3504.4303766143216,10451.164482986425,0.0279429019793219,-0.188239627656815
B01787,salary_advance,55,loyal,B,0.04596945938764446,25500.0,0.530010782172814,med,13515.274945406758,58844.36679106095,0.01913985948929137,1.1481316770083234
B01788,salary_advance,18,established,D,0.1507530601828121,8000.0,0.7465915856422165,high,5972.732685137732,22153.671690716375,0.022467053349447864,-0.08812047121265038
B01789,personal,13,established,B,0.06775472186698005,10000.0,0.39221022050679666,med,3922.1022050679667,24877.553694651135,0.013138022107559719,0.9568012699148709
B01790,salary_advance,11,established,C,0.11899298626434741,13000.0,0.6201431183055474,med,8061.860537972116,45907.32142234943,0.014634304304467827,0.28842512394950404
B01791,personal,5,new,B,0.042781460103764546,16000.0,0.4032300278002573,med,6451.680444804117,29991.815942645255,0.017926224877318656,1.3688448794440453
B01792,personal,14,established,D,0.17327774444203375,7000.0,0.687762192967271,med,4814.335350770897,46728.66527156028,0.008585621057925104,-0.5308159554019765
B01793,salary_advance,30,loyal,A,0.021034196467862084,12500.0,0.5329751822908791,med,6662.18977863599,37491.727018541234,0.014808133039015195,2.157126525716984
B01794,salary_advance,22,loyal,B,0.060538430345657125,10500.0,0.6790350049237988,med,7129.867551699887,30094.053812358325,0.019743289920759362,1.3431395305439708
B01795,personal,16,established,D,0.12788264515774697,5000.0,0.6150745780385675,med,3075.3728901928375,31912.194889520935,0.008030819411512555,-0.032461069086980585
B01796,personal,9,established,C,0.08818418966102881,5500.0,0.5002808342023086,med,2751.5445881126975,14508.28274887969,0.015804446764068662,0.5424423378599244
B01797,personal,18,established,D,0.1536338569887639,8500.0,0.5102983397134792,med,4337.5358875645725,24786.661104739633,0.014582896923321261,0.26126438752919223
B01798,personal,28,loyal,B,0.07224531784524,24000.0,0.5056643977752999,med,12135.945546607198,48836.13931333454,0.02070861476297042,0.75595468025181
B01799,salary_advance,20,loyal,C,0.09882938266326172,9000.0,0.49091493397218405,med,4418.234405749657,16411.67041132712,0.022434413514971687,0.5431289269056091
B01800,personal,18,established,E,0.2603639045358109,6500.0,0.7259685506437543,high,4718.795579184403,18153.12782344895,0.02166199504330502,-0.7015885075549914
B01801,salary_advance,10,established,D,0.1597174993498972,12000.0,0.6873748114858542,med,8248.49773783025,16584.215391503385,0.041447532805080296,0.014928880037469394
B01802,personal,26,loyal,E,0.2871915691831635,3500.0,0.4843652371214031,med,1695.2783299249108,29271.198590424967,0.004826354948328687,-1.2831449779482225
B01803,salary_advance,2,new,B,0.06769428952294278,9500.0,0.5306861237573126,med,5041.518175694469,58185.46550990191,0.00722047183019803,0.8419483325326255
B01804,salary_advance,20,loyal,E,0.2071393005174113,4500.0,0.5990097717354494,med,2695.5439728095225,36349.58248434468,0.006179676602820359,-0.4851639721754797
B01805,salary_advance,60,loyal,D,0.12312683184945748,13500.0,0.4673446399370616,med,6309.152639150331,8124.7527915294495,0.06471122671908663,0.5323529447643003
B01806,personal,7,established,B,0.07834383981144405,3500.0,0.5786576066026838,med,2025.3016231093934,38435.767489052385,0.004391095749738525,0.6480450414810331
B01807,personal,14,established,B,0.06994534790936176,9500.0,0.6667236244466538,med,6333.874432243211,21096.247709509313,0.025019751219345056,0.8393967170999113
B01808,personal,16,established,E,0.35,6500.0,0.7306497017117742,high,4749.223061126532,35602.113884730046,0.01111643510013484,-1.7746519368372387
B01809,personal,12,established,D,0.16397008381171987,19500.0,0.6973245029893493,med,13597.827808292312,24779.57250860851,0.045729292422782175,-0.09184807522507778
B01810,personal,29,loyal,C,0.0810068541458075,14500.0,0.45615157625546027,med,6614.197855704174,16759.975195765088,0.03288687174079395,0.859744699448822
B01811,personal,21,loyal,C,0.09020232206517201,39000.0,0.5478287736317845,med,21365.322171639596,25866.154695219593,0.06883294155170074,0.45201610926232677
B01812,salary_advance,17,established,A,0.03489912290270555,17000.0,0.4151001659444136,med,7056.702821055032,21103.442225205214,0.027865528388487073,1.6940749576735445
B01813,personal,25,loyal,E,0.1963699012725306,7000.0,0.6123563783262299,med,4286.494648283609,31864.35358595685,0.011210266242915245,-0.4218068999146023
B01814,salary_advance,16,established,E,0.35,3000.0,0.6817089373524952,med,2045.1268120574855,16526.116457488235,0.010312600348456375,-1.6990411301901966
B01815,personal,60,loyal,B,0.05393407810266809,4000.0,0.6057192411161278,med,2422.8769644645113,14492.35546450917,0.01393192529674224,1.2103260167685213
B01816,salary_advance,17,established,D,0.16187781360825007,5000.0,0.6972841794625275,med,3486.4208973126374,40241.13524027947,0.007219852845633472,-0.18708611961848765
B01817,personal,18,established,E,0.35,3000.0,0.7138939662592186,high,2141.681898777656,49506.6224140944,0.003605042777347576,-1.758540597585998
B01818,personal,6,new,E,0.20008223953913773,7500.0,0.4949376812917191,med,3712.0326096878935,37013.27037487442,0.008357436337679307,-0.15851239056647382
B01819,personal,12,established,B,0.05610262536875768,15500.0,0.3781515271673244,med,5861.3486710935285,18829.4034614673,0.02594058402278586,1.2305579759317014
B01820,salary_advance,30,loyal,E,0.23110681402584607,10500.0,0.64578197008931,med,6780.710685937755,17907.260708194928,0.03155475496984066,-0.5132526178126982
B01821,personal,7,established,A,0.022289193133632156,8000.0,0.613240383323091,med,4905.923066584728,18483.448256437252,0.022118541764684595,2.3359959539472674
B01822,personal,5,new,E,0.31485665985923733,5500.0,0.6284782046868792,med,3456.6301257778355,43902.09022970677,0.006561248199671659,-1.1878815945366619
B01823,personal,16,established,C,0.10919351311243128,5000.0,0.4086830391022586,med,2043.4151955112932,17089.561679806186,0.009964246176492475,0.08701085412574988
B01824,salary_advance,34,loyal,D,0.1513757020983198,7000.0,0.7649406289161452,high,5354.5844024130165,43748.92326058122,0.010199459406348444,-0.4691324178476084
B01825,personal,16,established,D,0.16143587968154144,8000.0,0.6154401353858077,med,4923.521083086462,38188.76863608225,0.010743824381990601,0.041610348696014196
B01826,personal,13,established,D,0.15781109579545965,5000.0,0.5908364588686187,med,2954.1822943430934,53143.434045905124,0.00463240402660606,-0.13374782175867694
B01827,personal,5,new,E,0.35,3000.0,0.5458051182726453,med,1637.415354817936,48278.142135987015,0.0028263573023131964,-1.8394939023310872
B01828,salary_advance,21,loyal,A,0.015,80000.0,0.42009399256883784,med,33607.519405507024,36259.64051817833,0.07723812418166488,3.57582696895091
B01829,personal,23,loyal,D,0.13535441815751378,8000.0,0.6356959239421545,med,5085.567391537235,11994.76218798175,0.035331862023302976,-0.0953371690186946
B01830,personal,6,new,E,0.22787283494928637,7000.0,0.6432077504563168,med,4502.454253194218,37630.51640506883,0.009970751319505625,-0.49446255730602856
B01831,salary_advance,30,loyal,B,0.04741869368504063,4500.0,0.42406675248042547,med,1908.3003861619145,28667.242271886254,0.0055472734583931075,1.7190358793536542
B01832,personal,25,loyal,A,0.022416032413729248,8000.0,0.46412268272759605,med,3712.9814618207683,21910.263164453016,0.014121926308963247,2.214254883348469
B01833,personal,30,loyal,B,0.047572965822011065,11000.0,0.43743422028339857,med,4811.776423117384,56909.82839707776,0.007045907181363161,1.526436868004303
B01834,personal,22,loyal,E,0.25152542536751565,40000.0,0.7524280935327059,high,30097.123741308234,24754.569612670868,0.10131841047340315,-0.8011801230265864
B01835,personal,23,loyal,C,0.08787176931713316,6000.0,0.624759383425828,med,3748.5563005549684,20106.593914120695,0.015536181465998194,0.6139090094946628
B01836,personal,21,loyal,E,0.35,3000.0,0.5956739688409808,med,1787.0219065229423,49922.69022716733,0.002982982117602419,-1.4813724823849945
B01837,personal,26,loyal,B,0.048594520487281856,66500.0,0.3921350677156366,med,26076.982003089834,21529.92313779603,0.1009330976094359,1.3017050813223565
B01838,salary_advance,6,new,E,0.35,5500.0,0.6634940943157649,med,3649.217518736707,19560.71952917785,0.015546537510601846,-1.285188138530462
B01839,salary_advance,7,established,E,0.2046362771819499,4500.0,0.5431849787723433,med,2444.332404475545,14473.363568262803,0.014073740777595736,-0.45320132360923704
B01840,personal,10,established,D,0.1418739369566638,12000.0,0.5260001589588456,med,6312.001907506146,17135.42416357483,0.030696652381501963,-0.0032015040313106763
B01841,personal,15,established,D,0.12212565431795976,9000.0,0.4354193114144508,med,3918.773802730057,17963.296336451196,0.01817954107332584,0.44500656114101217
B01842,personal,20,loyal,D,0.1330005135047373,36000.0,0.46035265122106295,med,16572.695443958266,37857.18758010069,0.03648073303757859,0.13906537660468093
B01843,salary_advance,19,loyal,A,0.023130855278046883,4500.0,0.4840731243658488,med,2178.32905964632,15359.819142513723,0.011818330668669923,2.2690836767328815
B01844,personal,30,loyal,B,0.07257191061941255,25500.0,0.49026339071877856,med,12501.716463328854,9683.596187518011,0.10758500097518309,1.1232395821922794
B01845,salary_advance,30,loyal,B,0.05742548932902289,6500.0,0.7346042451919358,high,4774.927593747582,31785.846475645314,0.012518484700955889,1.3947247540642085
B01846,personal,10,established,E,0.35,14000.0,0.6893562659491531,med,9650.987723288144,18983.525238764265,0.04236562845021041,-1.2294009019846637
B01847,salary_advance,18,established,A,0.015904304246976798,30000.0,0.3635171250770013,med,10905.513752310038,26663.56205220942,0.03408369860384794,2.0493678975454026
B01848,personal,10,established,E,0.2589624681883011,16000.0,0.4590138009347322,med,7344.2208149557155,54465.82864524918,0.011236740842272917,-0.8030651442785116
B01849,salary_advance,14,established,A,0.02812431244268044,30500.0,0.5150452933284141,med,15708.88144651663,27982.9202058317,0.04678115951613843,2.087542432987094
B01850,personal,19,loyal,A,0.020550703720132225,19000.0,0.4226752585101772,med,8030.829911693367,61715.5752669904,0.01084387244353208,2.4221950569255712
B01851,salary_advance,2,new,C,0.1048659038469068,5500.0,0.6699865998634609,med,3684.926299249035,25913.49672244983,0.011850087037387502,0.5126565323637751
B01852,personal,60,loyal,B,0.048423833962864586,4000.0,0.530500953515549,med,2122.0038140621964,46808.779700362764,0.003777788105219057,1.432013097679421
B01853,salary_advance,22,loyal,E,0.35,4500.0,0.48298902806560545,med,2173.4506262952245,19908.758158330256,0.009097548128526395,-2.3329197630568688
B01854,salary_advance,11,established,D,0.12218042643583706,8500.0,0.4576196459520671,med,3889.7669905925704,28544.79417170174,0.011355739588320283,0.1549975845096226
B01855,salary_advance,47,loyal,B,0.041106502218446146,7500.0,0.41887717048651374,med,3141.578778648853,16104.718757514209,0.016255995245612106,1.8521656399195394
B01856,personal,13,established,B,0.078060740141467,15000.0,0.5688519335241032,med,8532.779002861549,17191.846178524083,0.041360590917419074,0.9245102683140846
B01857,personal,17,established,E,0.3358471497736128,8500.0,0.53239981247555,med,4525.398406042175,23776.036048964204,0.0158612029801863,-1.2197233380998775
B01858,personal,12,established,E,0.18598988812559708,46500.0,0.5982503762523893,med,27818.6424957361,12955.896218953141,0.17893167472171406,-0.29372203986787376
B01859,personal,40,loyal,E,0.35,4500.0,0.5401620139767844,med,2430.7290628955298,29367.619959385396,0.006897418160594221,-2.1363655052011468
B01860,personal,15,established,C,0.11943507471986095,22000.0,0.5498940883927036,med,12097.66994463948,22776.44142217834,0.0442623649307931,0.41299284017275345
B01861,salary_advance,17,established,E,0.35,7500.0,0.6798341337586999,med,5098.756003190249,30608.06949353152,0.013881840332628029,-1.5333284012268238
B01862,salary_advance,31,loyal,A,0.03733193241573594,73500.0,0.6274279534996846,med,46115.95458222682,13065.689596165947,0.29412884692387564,1.8804778427875717
B01863,personal,22,loyal,B,0.042321848558552345,28000.0,0.5204841194399777,med,14573.555344319377,39574.99549275946,0.030687633194604987,1.5827248607174091
B01864,salary_advance,15,established,E,0.19674730096415818,5000.0,0.4975836945461845,med,2487.9184727309225,68438.2745126862,0.003029394602223819,-0.12436681440649866
B01865,salary_advance,30,loyal,B,0.062040151101142464,4000.0,0.6541950635650545,med,2616.780254260218,60936.840467900045,0.0035785416426902298,1.2712759304540886
B01866,salary_advance,60,loyal,C,0.08731986549551064,56500.0,0.5225979760660538,med,29526.785647732042,76661.01592878904,0.03209669792179604,0.5329012759394915
B01867,personal,19,loyal,C,0.11962190071815346,14000.0,0.616082074483566,med,8625.149042769925,27538.410292170316,0.026100359919293693,0.6419083950148662
B01868,personal,17,established,E,0.24229549020960503,14500.0,0.5617034609821002,med,8144.700184240453,22163.890303490447,0.03062300914052454,-1.14725942324315
B01869,salary_advance,18,established,B,0.07371227820567751,25000.0,0.5317804856619057,med,13294.512141547642,35177.81639721894,0.031493598104151296,0.9724926232399093
B01870,personal,33,loyal,E,0.2995525143576949,8500.0,0.5536543363295955,med,4706.061858801561,23599.46041451469,0.016617830012994453,-1.2411852302244162
B01871,personal,11,established,E,0.35,6500.0,0.6853337745690876,med,4454.669534699069,10329.504232603833,0.03593807145682786,-1.8299301623293818
B01872,salary_advance,14,established,D,0.12390710252194014,37000.0,0.6339671456104475,med,23456.78438758656,42218.53968380342,0.04630032319779139,0.22807168333300812
B01873,salary_advance,7,established,C,0.11537128508762533,36000.0,0.5097368749603679,med,18350.527498573243,23649.067553592115,0.06466261815252111,0.13875672038872047
B01874,salary_advance,8,established,C,0.0855727769064498,9000.0,0.4822669310575201,med,4340.402379517681,12003.529053666438,0.0301328214957467,0.6223017305517504
B01875,salary_advance,12,established,D,0.16077022673838406,3000.0,0.6149193964503065,med,1844.7581893509193,20342.035820745077,0.007557249946232072,-0.29950749023632894
B01876,personal,15,established,A,0.03080751854320891,4500.0,0.40192362538261595,med,1808.6563142217717,23946.72657691529,0.006294027663212088,1.8856916657855893
B01877,personal,43,loyal,C,0.08900771449597462,9000.0,0.3901303418306567,med,3511.1730764759104,27078.839863606987,0.010805402219843017,0.560604989379442
B01878,personal,22,loyal,B,0.0793930102244808,23000.0,0.5710270714234316,med,13133.622642738927,27258.338369696958,0.040151697389533315,0.6328817785162255
B01879,personal,9,established,D,0.12706756298964014,21000.0,0.5475731157571512,med,11499.035430900174,57122.928205533666,0.01677527715538549,0.19723387740704562
B01880,personal,11,established,B,0.0695391715866626,10000.0,0.5081966028562921,med,5081.966028562921,13244.037511167313,0.031976439865095456,1.002909868948078
B01881,salary_advance,35,loyal,B,0.0440845215876827,6500.0,0.5576346351928985,med,3624.62512875384,24743.564275359055,0.012207299267859293,1.3260174144844643
B01882,personal,30,loyal,B,0.05927542899782662,9500.0,0.5908874289053125,med,5613.430574600469,16590.240613119684,0.028196449474444468,0.8420178997082792
B01883,salary_advance,16,established,B,0.0643777932551046,25500.0,0.5012226286288857,med,12781.177030036584,53685.19467910646,0.01983969867675461,1.0859841048655907
B01884,personal,12,established,E,0.35,6500.0,0.5497410366262353,med,3573.3167380705295,19755.757394182227,0.01507289186123036,-1.8246146370471914
B01885,personal,30,loyal,E,0.35,3500.0,0.5811734620288999,med,2034.1071171011495,22267.72477063903,0.007612314602010922,-1.3868476505857772
B01886,personal,9,established,D,0.16074789049811977,8000.0,0.628495602331161,med,5027.964818649288,47922.118981048065,0.008743291764424612,-0.07605874530144384
B01887,personal,20,loyal,D,0.1498128461680169,8500.0,0.574227030007879,med,4880.929755066972,55749.635564654425,0.007295906818688856,0.20232611731809788
B01888,salary_advance,57,loyal,B,0.05837176831954546,10500.0,0.4525954722284054,med,4752.252458398257,60472.436540612594,0.006548785874270033,1.3298098440482082
B01889,personal,18,established,E,0.19544031130920222,20000.0,0.4952409002247316,med,9904.818004494633,10897.490336922196,0.07574234753647625,0.020016902183505356
B01890,personal,10,established,D,0.13829926456219824,40000.0,0.6056346174325896,med,24225.384697303583,35087.58897528603,0.05753550235470902,0.5818649344542106
B01891,salary_advance,20,loyal,D,0.16213068813205106,2500.0,0.5662933072697142,med,1415.7332681742855,31212.19989267482,0.003779860847794496,-0.49559526956128575
B01892,personal,12,established,C,0.1071261771339612,5000.0,0.6355870797062301,med,3177.9353985311504,26155.783723943627,0.010125024456260743,-0.01074457040869473
B01893,personal,7,established,E,0.3404677492777718,5500.0,0.7156787646643851,high,3936.2332056541177,27906.43150411146,0.011754259363336463,-1.3410567379577842
B01894,personal,24,loyal,C,0.0836931334111209,6000.0,0.4996704941566452,med,2998.022964939871,54566.513429275365,0.004578545180500464,0.7868579343714008
B01895,personal,30,loyal,E,0.35,5000.0,0.7264334091724494,high,3632.1670458622466,47630.284879674844,0.0063547927105586,-1.4782850423633205
B01896,salary_advance,13,established,C,0.09211946637305458,3500.0,0.5490113940304766,med,1921.5398791066682,44059.7644692843,0.0036343436055024853,0.6983100985408797
B01897,personal,13,established,E,0.35,2000.0,0.6687314540745798,med,1337.4629081491596,30145.857885907313,0.0036971992227783565,-1.4689993808971122
B01898,personal,9,established,D,0.171065588879706,18000.0,0.3699485188085213,med,6659.073338553384,93791.07002113921,0.005916584362324794,-0.3835277932217955
B01899,personal,15,established,B,0.06647621877408785,3500.0,0.4281582153232135,med,1498.5537536312472,21582.91774837197,0.005786033238193221,0.894927691449249
B01900,personal,12,established,C,0.11677837568878374,21000.0,0.46446114100673325,med,9753.683961141398,11061.448353330266,0.07348106421498336,0.22737998859841746
B01901,personal,9,established,E,0.35,3000.0,0.6211393855514136,med,1863.4181566542406,23251.28763960411,0.006678548250521637,-1.645660223724301
B01902,salary_advance,46,loyal,D,0.12576035977283456,5000.0,0.5737040040223856,med,2868.5200201119283,27771.226888199904,0.00860759000571551,0.07760615530597592
B01903,personal,21,loyal,E,0.2875785625707315,2000.0,0.6390160768046123,med,1278.0321536092245,55091.529500220095,0.0019331951832451824,-1.101378525476802
B01904,personal,22,loyal,E,0.35,2000.0,0.6645222115503284,med,1329.0444231006568,20311.897255696706,0.005452651740545438,-1.2947584996051935
B01905,personal,26,loyal,C,0.09365237298036035,9000.0,0.47382367249236945,med,4264.413052431325,35248.4396043017,0.010081801020375048,0.5176631761339743
B01906,personal,25,loyal,B,0.07953022625935555,25000.0,0.5920063008441158,med,14800.157521102894,11938.403276783856,0.10330916383854684,0.9602983435601032
B01907,personal,13,established,C,0.0900978333464427,39000.0,0.7114985783965636,high,27748.44455746598,48765.571783011386,0.047418092216328714,0.4406059207156895
B01908,salary_advance,19,loyal,B,0.04228218431758335,4000.0,0.46926806646510855,med,1877.072265860434,27933.324398821405,0.0055998593861711216,1.352626814879751
B01909,salary_advance,14,established,C,0.11489562975129188,3500.0,0.48532101329288263,med,1698.6235465250893,23056.296097003164,0.006139405983289002,0.33808914911418153
B01910,personal,20,loyal,D,0.1362284527652861,5000.0,0.49374783329776906,med,2468.739166488845,86890.92133572043,0.0023676612091520837,0.12660978125003225
B01911,personal,19,loyal,E,0.20462494625096958,10000.0,0.6076536341129913,med,6076.536341129913,48457.81447493751,0.010449873439698618,-0.6730693270623144
B01912,salary_advance,13,established,D,0.17918293924577092,5000.0,0.5231829098836124,med,2615.914549418062,15185.3582080731,0.014355465055956253,-0.09007967175049891
B01913,personal,7,established,E,0.35,3500.0,0.4703027184166493,med,1646.0595144582726,25332.274253388747,0.005414895829438067,-1.3213483853261705
B01914,personal,17,established,E,0.23581047203551653,16000.0,0.46554950100306275,med,7448.792016049004,121173.14437525328,0.005122691758181803,-0.8451655271269194
B01915,personal,14,established,D,0.1607723333232434,20500.0,0.6626493766735279,med,13584.31222180732,79885.46757913812,0.014170612663216972,0.08892687043804186
B01916,salary_advance,5,new,C,0.1133284228129983,11500.0,0.6871981467714128,med,7902.778687871247,44695.572284448746,0.014734454823953032,-0.11780608754092231
B01917,salary_advance,21,loyal,A,0.015,8000.0,0.568380488660372,med,4547.0439092829765,9741.238305807794,0.038898578792356045,3.814728037894776
B01918,personal,27,loyal,E,0.24513346197944916,6000.0,0.6352850824127495,med,3811.710494476497,55976.24311343674,0.005674595570171923,-0.9457955975050075
B01919,salary_advance,60,loyal,C,0.10112785616918665,6000.0,0.44040132366453605,med,2642.4079419872164,18970.646841520713,0.011607440888642701,0.6249012791682179
B01920,personal,13,established,E,0.3243133832318049,7500.0,0.5988101986068287,med,4491.076489551216,55711.1097979388,0.0067178050390070436,-1.4237321112037242
B01921,personal,12,established,E,0.18532848532115126,18000.0,0.4388765102566608,med,7899.777184619895,18079.47024565635,0.03641228180030073,-0.3877858759699509
B01922,personal,8,established,D,0.16431201970419068,4500.0,0.4310087146812374,med,1939.5392160655683,35201.932140199126,0.0045914601324082245,-0.34709318211518453
B01923,personal,18,established,B,0.07241102674839747,42500.0,0.5526982064637963,med,23489.673774711344,18917.535127968862,0.10347398862049575,0.8448800262331382
B01924,personal,18,established,E,0.24171593860653873,7000.0,0.6465509295911561,med,4525.856507138093,22030.779666542443,0.01711944446074004,-0.4496665392179212
B01925,personal,10,established,D,0.16062717098290125,19000.0,0.7488260427067331,high,14227.69481142793,37881.12136154609,0.03129900044324532,-0.19131960005615892
B01926,personal,14,established,E,0.24644103974728127,2500.0,0.5877158492889216,med,1469.289623222304,13024.739509672378,0.009400633451768116,-0.4303179624722195
B01927,salary_advance,5,new,E,0.33917386908900954,5000.0,0.5091516707781089,med,2545.758353890544,99193.71344590903,0.0021387094214046494,-1.401051744057209
B01928,personal,27,loyal,E,0.20392383844965928,3000.0,0.5722431646120554,med,1716.729493836166,15291.12988269135,0.009355802497953414,-0.25210237179310746
B01929,personal,10,established,D,0.15197324722054684,11000.0,0.5548517161703755,med,6103.368877874131,14827.923063619974,0.0343011000916273,-0.3819367150838177
B01930,salary_advance,16,established,C,0.09946095577281913,3500.0,0.4974160041689592,med,1740.9560145913572,37942.36483109161,0.003823685437859913,0.42382588340638455
B01931,personal,7,established,C,0.0866278785215799,5500.0,0.5737020507848064,med,3155.3612793164352,54751.915049627285,0.00480251280778095,0.5589472872248251
B01932,salary_advance,11,established,D,0.1587661755958886,20500.0,0.44430299312972077,med,9108.211359159275,22515.595431549977,0.033710750202932654,0.11540349028897079
B01933,salary_advance,14,established,D,0.13524446477842442,12500.0,0.5757223030305821,med,7196.528787882276,14923.492534086243,0.040185682470356324,0.09782373601865318
B01934,salary_advance,16,established,E,0.2792829304463935,8000.0,0.691232729591341,med,5529.861836730728,16198.78632528561,0.028447922608142415,-1.3708131584870529
B01935,personal,21,loyal,B,0.057579021185196644,15000.0,0.6582992904778777,med,9874.489357168166,15267.615588439792,0.053896701048748184,0.9397345172563512
B01936,personal,36,loyal,D,0.1544148405800118,11000.0,0.6096264860917043,med,6705.891347008747,31872.498361657785,0.017533118131387346,-0.29589788715004073
B01937,personal,24,loyal,B,0.06692286348294783,15500.0,0.6174269452120026,med,9570.11765078604,25887.296220884535,0.030806994961056624,1.1471232382297756
B01938,personal,27,loyal,B,0.04155784762440829,11500.0,0.446642570093491,med,5136.389556075146,34003.132608490676,0.012588030283403398,1.7164399478541958
B01939,personal,36,loyal,C,0.11656876063445702,3000.0,0.52616495830366,med,1578.49487491098,32881.91814408699,0.004000412597571334,0.2120849733069948
B01940,personal,22,loyal,E,0.2054681759238468,7000.0,0.7181633893095563,high,5027.143725166894,42335.09789994768,0.009895539742319234,-0.6233112807658922
B01941,personal,16,established,D,0.15731435244286454,3000.0,0.43352786897411616,med,1300.5836069223485,21472.55289609677,0.005047465374423665,-0.016698613086298133
B01942,personal,28,loyal,B,0.06876446244438342,9500.0,0.49020645538806995,med,4656.961326186664,17925.640438551836,0.0216494418621122,0.7487019980186385
B01943,personal,29,loyal,D,0.14146712050101354,8000.0,0.6702774268458546,med,5362.219414766836,29318.14063151768,0.015241471944399522,0.0844799987532791
B01944,salary_advance,23,loyal,D,0.12986084958433078,5000.0,0.5380740268978716,med,2690.3701344893584,26101.693984623715,0.008589385475882115,0.18596159062067608
B01945,salary_advance,7,established,B,0.06800851134912166,24500.0,0.4956835100687688,med,12144.245996684836,30918.921071497225,0.03273142996754415,0.9135322106974136
B01946,personal,10,established,C,0.1030958521635767,13500.0,0.5176872014017233,med,6988.777218923265,18188.737856486714,0.03201970945824787,0.49757827469419513
B01947,salary_advance,14,established,D,0.14333779264652563,8000.0,0.5788301901953103,med,4630.641521562483,38300.54899728813,0.010075228777813678,0.0037103596728422783
B01948,personal,25,loyal,E,0.3408674780871042,24000.0,0.729675573976093,high,17512.21377542623,14071.330332398304,0.10371095791789685,-1.25406616526069
B01949,salary_advance,16,established,B,0.0638322098506882,6000.0,0.6179018195786075,med,3707.4109174716446,21116.044584139217,0.014631097626179687,0.8063781853794524
B01950,salary_advance,30,loyal,D,0.15536904255268452,5000.0,0.5707389044750227,med,2853.6945223751136,50059.75812621928,0.004750479941692699,-0.017327193441376565
B01951,personal,33,loyal,C,0.10264273411390831,6000.0,0.6447694126690293,med,3868.616476014176,14440.279562414868,0.02232537846245145,0.614341075370309
B01952,salary_advance,31,loyal,B,0.07461689012475997,10000.0,0.5594307345991851,med,5594.307345991851,47936.55645561761,0.00972519332431151,0.9011572316790369
B01953,salary_advance,31,loyal,E,0.3226298223862389,3500.0,0.7059521795979146,high,2470.832628592701,12394.341846931986,0.016612638379048708,-1.1389474270426652
B01954,salary_advance,9,established,C,0.10129595196667925,22000.0,0.4438967306934422,med,9765.728075255729,11250.026566938917,0.0723385556554656,0.43108168441157335
B01955,salary_advance,21,loyal,B,0.06058825796750106,6500.0,0.6761282873717152,med,4394.833867916149,11829.784696115627,0.030958818361244957,1.2645325253744555
B01956,personal,11,established,C,0.08852392560938473,9500.0,0.5589185792178248,med,5309.726502569336,28688.26382008111,0.015423631465551464,0.6371524153104868
B01957,personal,6,new,C,0.11185296819268904,8000.0,0.29713001712065473,low,2377.0401369652377,40186.14898983545,0.004929227683163666,0.1173657510963127
B01958,salary_advance,14,established,E,0.35,3000.0,0.7829411087691253,high,2348.8233263073757,54771.58174545395,0.003573664863321705,-1.6271860439495902
B01959,personal,34,loyal,A,0.030159231494327574,17000.0,0.4913857096870237,med,8353.557064679404,52421.85777401663,0.013279379727266998,1.6770810621866374
B01960,personal,21,loyal,B,0.07966170702740148,14500.0,0.48999630236405756,med,7104.946384278835,43238.397985692725,0.013693358055321202,0.8110226675425805
B01961,personal,49,loyal,E,0.23598629475474167,9500.0,0.5488976698928927,med,5214.52786398248,17026.378577901047,0.025521809389884704,-0.8033193293704773
B01962,personal,18,established,E,0.2318988262506869,9500.0,0.6479213247183064,med,6155.252584823911,16944.91480551402,0.03027089373356296,-0.7877630401582735
B01963,personal,60,loyal,C,0.09023719030314463,9500.0,0.4489483727308711,med,4265.009540943276,41493.238981402894,0.008565671672548139,0.6312242092945207
B01964,salary_advance,18,established,B,0.058320583980334476,10000.0,0.46106152544520324,med,4610.615254452033,58789.56440237751,0.006535478562849576,1.0297841932982557
B01965,personal,16,established,E,0.21275459296753066,10500.0,0.539522497234103,med,5664.986220958081,15258.202648933828,0.03093956712606822,-0.4879628563477017
B01966,salary_advance,8,established,B,0.05783005186148542,10500.0,0.4839273887957075,med,5081.237582354929,54813.929942457005,0.0077249791365217296,1.1755254073790748
B01967,salary_advance,30,loyal,E,0.2677158846760573,6000.0,0.5705730758740448,med,3423.438455244269,9356.38608084356,0.030491103666737674,-1.0427668291001777
B01968,personal,12,established,E,0.32889591636280585,3500.0,0.7030663306055476,high,2460.7321571194166,33338.18786553987,0.006150934595495717,-1.0424590110937872
B01969,personal,11,established,E,0.35,6500.0,0.6884921811929171,med,4475.1991777539615,25410.20141085228,0.014676517465680395,-2.0643640098420826
B01970,personal,33,loyal,E,0.2171104376331059,2500.0,0.631900970460898,med,1579.7524261522449,24045.31947909023,0.005474913137551208,-0.4974051428696932
B01971,salary_advance,31,loyal,A,0.02911718299313849,78000.0,0.5299859475925316,med,41338.903912217465,27369.899274482726,0.1258648643461828,2.258077184544095
B01972,salary_advance,30,loyal,A,0.01840412044326748,8000.0,0.43801894339084474,med,3504.151547126758,16822.09360619247,0.017358875521875324,2.8078022345854023
B01973,personal,13,established,D,0.12870764281195818,8500.0,0.4553794018167198,med,3870.7249154421183,34383.87405071637,0.009381153768315883,0.23459046823044263
B01974,personal,15,established,E,0.21370526495304903,4000.0,0.7548568874398267,high,3019.4275497593067,27816.027558668808,0.009045826617378573,-0.6384292072685546
B01975,personal,15,established,D,0.13870811121998317,4500.0,0.6623118995448402,med,2980.4035479517806,45000.159594254226,0.005519246255318334,-0.22163990085094343
B01976,personal,25,loyal,B,0.07506734384407789,6000.0,0.6795410580728868,med,4077.2463484373206,64518.979683950194,0.005266210512020311,0.8733398908330222
B01977,salary_advance,38,loyal,E,0.27993609324717833,9500.0,0.7059367040735907,high,6706.3986886991115,28848.241070657048,0.01937263890795904,-0.8129808516390823
B01978,salary_advance,20,loyal,D,0.13036578195122794,5000.0,0.513598946805414,med,2567.9947340270696,17149.16732056873,0.012478714398701513,0.1775008240187952
B01979,personal,48,loyal,A,0.0203055454025018,7500.0,0.2681022533390485,low,2010.7669000428639,14388.081654406282,0.011646021503192518,1.8348930744502492
B01980,salary_advance,26,loyal,E,0.1949537908677442,3000.0,0.46261859095142865,med,1387.855772854286,68462.29946650598,0.0016893187730926164,-0.2957100693283625
B01981,personal,14,established,E,0.2643259870836304,4000.0,0.6679938662004902,med,2671.9754648019607,63812.54913194058,0.00348935476008712,-0.7490248992615429
B01982,salary_advance,25,loyal,B,0.07628706602748667,41500.0,0.5207294401018291,med,21610.27176422591,43829.149371080806,0.041088088776379345,0.7631936559814405
B01983,personal,42,loyal,C,0.09687699604998865,9500.0,0.49450702488365905,med,4697.816736394761,27803.568261428703,0.014080377178637003,0.6831422595047092
B01984,personal,49,loyal,E,0.18026520366617213,19000.0,0.3375261286891796,low,6412.996445094412,42122.65751534521,0.012687147534075868,-0.22500404619947223
B01985,salary_advance,31,loyal,B,0.06876954819527917,9500.0,0.526248150688935,med,4999.357431544883,55130.36650540749,0.007556871932903679,0.8269643832519554
B01986,personal,16,established,C,0.10659023493892308,9000.0,0.4327580263716379,med,3894.822237344741,19151.257583021754,0.016947634815714114,0.6079395337394395
B01987,salary_advance,14,established,A,0.018801177920684583,31500.0,0.3948261532922878,med,12437.023828707066,27347.69198671373,0.037897847207573374,2.3114518237636474
B01988,salary_advance,22,loyal,C,0.08796182147621857,3500.0,0.620214603670795,med,2170.751112847782,14640.84427180616,0.012355566572004277,0.623755620565219
B01989,personal,41,loyal,C,0.10636245360705371,22000.0,0.44712815953930923,med,9836.819509864803,25059.69621086075,0.03271128876654662,0.3587026846594373
B01990,personal,20,loyal,A,0.02759466647593317,12000.0,0.38964700867227997,med,4675.76410406736,62903.08267168065,0.00619440243820835,1.9274523459795105
B01991,salary_advance,21,loyal,D,0.12728949173372636,8500.0,0.5763363955267524,med,4898.859361977396,48688.65298332869,0.008384669838875319,0.20083414170190472
B01992,personal,16,established,E,0.35,23500.0,0.7155711278097167,high,16815.92150352834,28976.885538991668,0.04836015899897358,-1.3243530327621809
B01993,personal,13,established,D,0.13876920704386736,5500.0,0.5176838457950478,med,2847.2611518727626,6116.356076468362,0.03879299368604883,0.2502489756589624
B01994,personal,15,established,B,0.06874051835253667,63500.0,0.6592222368867796,med,41860.6120423105,18756.845357597427,0.18597926625471936,1.076175025087915
B01995,salary_advance,17,established,B,0.06545001203168707,41000.0,0.4048252095120615,med,16597.833589994523,28461.946987660347,0.048596562974622746,0.7110471351996854
B01996,personal,42,loyal,C,0.09466767064429693,5500.0,0.40619055865649534,med,2234.0480726107244,23890.773543372536,0.007792576175048353,0.30298434245275424
B01997,personal,14,established,E,0.35,5000.0,0.4941364204849313,med,2470.6821024246565,27392.510612651542,0.007516294439508659,-1.4483933731348388
B01998,salary_advance,16,established,C,0.11374744167845992,21500.0,0.3898971892455499,med,8382.789568779323,30743.210640686564,0.02272260388034333,0.29163075473162686
B01999,personal,10,established,B,0.05103338165628696,6500.0,0.5436791359565228,med,3533.9143837173983,20059.849971478503,0.01468071125798543,1.2331549263163366
B02000,salary_advance,24,loyal,E,0.24923396320925392,10500.0,0.501529699247313,med,5266.061842096787,26791.982936979017,0.016379470227106712,-0.4841170815392215
B02001,personal,34,loyal,D,0.12829867774368825,5000.0,0.419892298913021,med,2099.461494565105,24780.34647328718,0.007060237222094168,0.15525282619672867
B02002,salary_advance,40,loyal,C,0.11642014692239874,5500.0,0.5880115949992378,med,3234.0637724958083,18274.072533912626,0.014747961291852628,0.36251526784163923
B02003,salary_advance,18,established,E,0.20484767713351154,7500.0,0.6646663597934678,med,4984.997698451009,74271.73299537617,0.0055931975479389905,-0.3477045706377453
B02004,personal,22,loyal,C,0.08766449843777058,14000.0,0.6380676871831444,med,8932.947620564022,20701.217505981265,0.03595983190353819,0.6479230045190058
B02005,salary_advance,15,established,C,0.11049939613549695,14500.0,0.6192503822344825,med,8979.130542399997,7786.797364896297,0.09609353415392212,0.7933052412560075
B02006,personal,21,loyal,B,0.06605321757626965,14500.0,0.4355754187227011,med,6315.843571479166,71739.45994051624,0.007336552269276484,0.8328269047934368
B02007,personal,19,loyal,E,0.19771735828502912,4500.0,0.6214756976103362,med,2796.640639246513,16891.20258917585,0.013797323510477601,-0.5768097636151249
B02008,personal,16,established,E,0.35,4500.0,0.6943734900520322,med,3124.680705234145,44132.404698872255,0.005900201009807335,-1.6459836943336827
B02009,salary_advance,17,established,C,0.11045209854913449,6000.0,0.49335401287808284,med,2960.124077268497,18499.749381821046,0.013334072875681275,0.6123884365307285
B02010,personal,21,loyal,D,0.1694323101711555,5000.0,0.590614158466499,med,2953.070792332495,36794.47491022589,0.006688211566948648,-0.10591904148265185
B02011,personal,13,established,A,0.030942649823168654,7500.0,0.3633339629443978,med,2725.0047220829833,26200.111671278326,0.008667280876103571,1.8383123796867857
B02012,personal,14,established,A,0.028431483220554096,17500.0,0.42079741561921097,med,7363.954773336192,46638.51404986536,0.013157856983219807,1.8845096960149461
B02013,personal,42,loyal,A,0.025973727008677266,8000.0,0.5007745785254067,med,4006.196628203254,23919.819664639406,0.013957033276068833,2.39068979439604
B02014,personal,60,loyal,E,0.21641993582246266,2500.0,0.7295308603039872,high,1823.827150759968,18761.722777544303,0.008100833686689683,-0.5401109010347132
B02015,personal,8,established,C,0.11180837666068519,13500.0,0.6527331005494237,med,8811.89685741722,30988.17374373045,0.023696934972383482,0.5693690867420935
B02016,personal,8,established,B,0.07247137217333283,3500.0,0.5914435619151173,med,2070.0524667029104,21799.22173026045,0.007913327106801326,0.870952517251484
B02017,personal,9,established,C,0.08565574885125642,59500.0,0.5401520431120487,med,32139.046565166896,9311.029373850115,0.28764315661514395,0.7583542335444021
B02018,personal,15,established,E,0.18942854770187464,7500.0,0.5787835552135457,med,4340.876664101593,19325.381194031128,0.018718374472230005,-0.3543979441938586
B02019,personal,26,loyal,A,0.03486088354856244,4500.0,0.3512647979264414,med,1580.6915906689862,130329.73442542573,0.0010107002811226302,1.6791649029653262
B02020,salary_advance,22,loyal,B,0.07874476242073246,24000.0,0.4483346974791709,med,10760.0327395001,9879.773931991454,0.09075808830552878,0.7504749863665228
B02021,personal,18,established,C,0.11041238333516053,12500.0,0.4787249363337626,med,5984.0617041720325,30717.180506480054,0.016234296262178215,0.1281061249354394
B02022,personal,21,loyal,E,0.318923028673102,14500.0,0.6813624742420737,med,9879.75587651007,23538.84194615105,0.034976783972322664,-1.1378334517771433
B02023,personal,11,established,C,0.09675053534314812,9500.0,0.6293990576585967,med,5979.291047756668,73867.70059764117,0.006745495662493031,0.6447649695729887
B02024,personal,14,established,E,0.19307907400779675,7500.0,0.6525417622271951,med,4894.063216703963,14602.221113333284,0.027929901774984053,-0.2604117135724109
B02025,personal,16,established,C,0.10957591048366677,13500.0,0.6588419248569852,med,8894.3659855693,28444.693158879698,0.026057485005167854,0.4647788621005251
B02026,salary_advance,6,new,C,0.08975923966680664,9000.0,0.5463702655334884,med,4917.332389801396,39238.30535688761,0.010443307768340888,0.5851136998046182
B02027,personal,8,established,D,0.15174233867054226,8500.0,0.4639523035387622,med,3943.594580079479,24376.819316231722,0.013481368402089442,0.18093657666377086
B02028,personal,8,established,D,0.1642009555588449,5000.0,0.5668435486552527,med,2834.2177432762633,17638.615146834207,0.013390212892199717,-0.045713572466684164
B02029,personal,25,loyal,B,0.0691173247927042,6500.0,0.44192180458912855,med,2872.491729829336,26576.75148275345,0.009006906317141482,1.186599734660454
B02030,personal,18,established,E,0.19572221369594167,3000.0,0.643557624438466,med,1930.672873315398,22692.212112856094,0.007090071488379306,-0.1988925368850661
B02031,personal,23,loyal,E,0.28456640660492455,14500.0,0.5882965514803915,med,8530.299996465677,22657.215032420263,0.03137447969759909,-1.0551974194529832
B02032,personal,5,new,D,0.12697983642734037,8500.0,0.5476633154416081,med,4655.138181253668,44886.47442528696,0.008642429300542221,0.21895560637393396
B02033,personal,7,established,E,0.2696969770747225,40000.0,0.6756053358581708,med,27024.213434326834,33577.86237090263,0.06706852751131116,-0.8090055249116386
B02034,personal,23,loyal,E,0.23384093208598536,4000.0,0.5396967823639884,med,2158.7871294559536,36441.80131558868,0.004936609085174601,-0.9242618426821397
B02035,salary_advance,3,new,E,0.24971382432374914,6000.0,0.7034506433623388,high,4220.703860174032,32262.566348907272,0.010901963528796656,-1.0222433341425983
B02036,salary_advance,32,loyal,B,0.05349291355779974,6500.0,0.3852574048266188,med,2504.173131373022,45612.36950398406,0.004575098740767188,1.033332379356921
B02037,personal,6,new,D,0.15005445379220836,11500.0,0.6015974085113595,med,6918.370197880634,55124.130275841315,0.010458774531923207,-0.0965188030948501
B02038,personal,26,loyal,E,0.35,11500.0,0.6453228638215563,med,7421.212933947898,22978.34938840102,0.026913787440036807,-1.7326830296728475
B02039,salary_advance,10,established,D,0.12060185914695855,8000.0,0.6448061516929481,med,5158.449213543585,42222.47318613259,0.010181089248378848,-0.03365594305266961
B02040,personal,29,loyal,B,0.04263771033508122,11000.0,0.36266510713975747,med,3989.3161785373322,13188.44620035665,0.02520714038846524,1.5692312249747644
B02041,salary_advance,60,loyal,C,0.11222211379777143,13000.0,0.40106945053968035,med,5213.902857015844,7791.737978758353,0.05576315655580586,0.2987043290666212
B02042,salary_advance,4,new,E,0.18512417793631633,5000.0,0.6496272903420708,med,3248.136451710354,73461.94299100188,0.0036846022120008994,-0.1654765534275925
B02043,salary_advance,24,loyal,B,0.046437579198386224,17500.0,0.44964657372478456,med,7868.81504018373,22396.340587582792,0.02927864863090788,1.7929914373271525
B02044,salary_advance,6,new,B,0.06266731114188787,15500.0,0.5057970965534513,med,7839.854996578495,30910.773589721815,0.0211357133401576,1.145489258204536
B02045,personal,20,loyal,B,0.04257488422473138,7000.0,0.43637802174649276,med,3054.6461522254494,13713.435329621203,0.01856236893967391,1.4217510876517112
B02046,personal,14,established,E,0.35,6500.0,0.760606444216735,high,4943.941887408777,13369.896883270747,0.03081513349587452,-2.772553610053703
B02047,personal,17,established,A,0.03654085466161401,17000.0,0.5194722605956248,med,8831.028430125622,18176.427833870603,0.040487550280504735,1.7335230384421108
B02048,personal,9,established,C,0.08494663437823659,3500.0,0.560521520548231,med,1961.8253219188086,38314.885361594155,0.004266891103819081,0.636400435427929
B02049,personal,25,loyal,A,0.015,8000.0,0.3341288137245295,low,2673.030509796236,20249.825590102282,0.011000220297793415,2.8614764140241498
B02050,salary_advance,7,established,E,0.18210420211237285,7000.0,0.6356430690624276,med,4449.501483436993,22366.403150025344,0.016578069696736017,-0.4323260307742839
B02051,personal,32,loyal,E,0.33900405485167295,13000.0,0.5441681856993004,med,7074.186414090905,17863.573290882658,0.03300098613576136,-1.3634506056489104
B02052,personal,13,established,D,0.15636575050650206,8000.0,0.5034196705963205,med,4027.3573647705643,51081.79493033833,0.006570111997602382,0.007218456725176393
B02053,salary_advance,7,established,D,0.1434679977830079,8000.0,0.4290815911991381,med,3432.6527295931046,43377.298404422436,0.006594564545393511,0.07462767024283906
B02054,personal,39,loyal,C,0.08152702172349086,6500.0,0.5050241617666568,med,3282.657051483269,20613.850098303265,0.013270434828319083,1.0536639836148214
B02055,personal,15,established,B,0.0683358178348535,4000.0,0.6221580000709281,med,2488.6320002837124,39193.4118249821,0.00529134847840559,1.0749283445863558
B02056,salary_advance,46,loyal,C,0.09115147664430774,3500.0,0.5589367072632411,med,1956.2784754213437,23508.554351599043,0.00693463340394741,0.662705855120503
B02057,personal,32,loyal,D,0.12117684129239098,5000.0,0.5149870754308652,med,2574.935377154326,22344.777750486912,0.009603046872619621,0.15929195418727424
B02058,personal,10,established,C,0.0831779358301723,3500.0,0.551526309007559,med,1930.3420815264562,26177.59245265687,0.006145020418441046,0.5227198195161272
B02059,personal,15,established,D,0.15874380248199282,3000.0,0.5888629330006608,med,1766.5887990019826,38321.97156094075,0.003841549044940403,-0.25632866569249774
B02060,salary_advance,17,established,D,0.12858916267078738,12000.0,0.5718050110608771,med,6861.660132730525,16469.908486949287,0.0347181656482168,0.010017899103212491
B02061,personal,38,loyal,A,0.032117777354002695,16500.0,0.5178480185036248,med,8544.49230530981,35465.54850652297,0.02007697767064064,1.4371349386752859
B02062,personal,20,loyal,A,0.033500968563576004,4000.0,0.3897855026285169,med,1559.1420105140676,106276.71975558886,0.001222549032139653,1.6597778569035726
B02063,personal,18,established,B,0.07719809265109262,15500.0,0.5296201405479525,med,8209.112178493264,29753.934347222046,0.022991671405801,1.0839662438630937
B02064,personal,14,established,D,0.16774209660167957,5000.0,0.4029968022936072,med,2014.984011468036,27436.92329042225,0.0061200497049761875,-0.16822971272552553
B02065,salary_advance,15,established,E,0.35,4500.0,0.7055187037773561,high,3174.834166998103,25686.164539915604,0.010300078608675682,-1.789788987753183
B02066,personal,33,loyal,D,0.12409036780228952,53000.0,0.44600547410886937,med,23638.290127770077,34996.95770285261,0.05628653574327527,0.2517939136071518
B02067,salary_advance,16,established,D,0.14852363132069984,7000.0,0.6913627369503553,med,4839.5391586524875,11095.311096344269,0.03634823092257293,-0.40798001267704875
B02068,personal,13,established,D,0.1614580739444296,3000.0,0.3367286619935661,low,1010.1859859806983,68569.03784221938,0.0012276993836795363,-0.12972501901058803
B02069,personal,12,established,E,0.26154594855421537,6500.0,0.7504861150445857,high,4878.159747789808,46150.02699481401,0.008808517324626878,-0.6710908927176088
B02070,salary_advance,12,established,C,0.10928761338804904,13000.0,0.3892577058866848,med,5060.350176526902,18873.54095395435,0.022343229024840486,0.329260144534398
B02071,personal,7,established,E,0.23461840437762965,3500.0,0.49830668020346536,med,1744.0733807121287,27374.05583740997,0.005309386714775872,-1.0392756292315644
B02072,personal,10,established,E,0.3157265216057696,34000.0,0.6614121739603256,med,22488.01391465107,19800.421217996354,0.09464450977694351,-1.2807174367183787
B02073,salary_advance,37,loyal,A,0.03609291007660131,12000.0,0.5423057883263965,med,6507.669459916759,31716.08559361714,0.017098761659147987,1.9726914825708919
B02074,personal,14,established,E,0.2815074184361347,2500.0,0.5921470195890307,med,1480.3675489725767,27826.469164694994,0.004433331504771011,-0.9696576133676534
B02075,personal,24,loyal,C,0.08682536025473864,9000.0,0.6319067091223705,med,5687.160382101334,30508.129125614403,0.01553454916525411,0.4003316252563536
B02076,salary_advance,4,new,C,0.09481658566275346,15000.0,0.4466066959245932,med,6699.100438868898,15281.880846795322,0.0365307369886221,0.9545148466028356
B02077,personal,22,loyal,B,0.042892046169890875,10500.0,0.4661577282540653,med,4894.656146667686,20643.402827847352,0.019758758554673846,1.3143041262295727
B02078,personal,15,established,B,0.07501706543616206,42000.0,0.4993625315923517,med,20973.226326878772,50530.47265018656,0.034588413068540304,0.7948482049153512
B02079,personal,12,established,C,0.09858519490611949,37500.0,0.49712610090077103,med,18642.228783778915,20058.62976897039,0.0774489126728945,0.3028665145015353
B02080,personal,18,established,B,0.0710412847461468,6000.0,0.3437220011009601,low,2062.3320066057604,6285.986098372097,0.02734034053861294,0.7240033085368497
B02081,personal,12,established,B,0.0458717962676056,4000.0,0.5017764554349776,med,2007.1058217399104,24764.1739308317,0.006754064114776976,1.3730881326061544
B02082,salary_advance,5,new,C,0.11246092895793033,5500.0,0.5365532236418545,med,2951.0427300302,101348.475593334,0.0024264817607053536,0.42502259399537345
B02083,personal,27,loyal,E,0.35,7500.0,0.7353334732521247,high,5515.001049390936,42910.967054013614,0.010710162280987128,-1.4372023468141837
B02084,salary_advance,18,established,D,0.1536608843463445,11500.0,0.4475023617949125,med,5146.2771606414935,19510.729163074888,0.02198054344709432,-0.1785332061500967
B02085,personal,13,established,B,0.07286869389324087,6000.0,0.4690934303963754,med,2814.5605823782525,26164.7672316005,0.008964219445258962,0.6963700717220878
B02086,personal,9,established,E,0.2323351044366112,29500.0,0.7092261095182943,high,20922.170230789685,39101.75592356329,0.04458915321622356,-0.6270959337094042
B02087,personal,7,established,B,0.04307032406485528,7000.0,0.5239403762322661,med,3667.5826336258624,10240.047345322115,0.02984672588209351,1.6201061394586438
B02088,salary_advance,18,established,C,0.11839259122936593,21500.0,0.607287647031087,med,13056.68441116837,16800.56091762982,0.06476313734991242,0.28682017183356845
B02089,personal,39,loyal,C,0.10237586018382036,22500.0,0.5889857401572828,med,13252.179153538862,33492.96786938561,0.03297254119436634,0.4852487713594363
B02090,personal,18,established,B,0.05880532782932239,4000.0,0.5606596631942142,med,2242.638652776857,64664.49818516404,0.0028900951780825653,1.1247441989017355
B02091,salary_advance,7,established,D,0.12704363528214815,5000.0,0.724495043313526,high,3622.47521656763,21128.375999394673,0.014287559759567787,0.1671501026907072
B02092,personal,18,established,D,0.1216301194293689,5000.0,0.5673358753007915,med,2836.679376503958,63694.8859468653,0.0037112861500245807,0.17627703572818604
B02093,personal,15,established,C,0.08288958885041933,43000.0,0.4260559996683885,med,18320.407985740705,17767.42533873158,0.08592694981812056,0.8991234839991122
B02094,salary_advance,26,loyal,E,0.29905518241532,6500.0,0.6711491698930796,med,4362.469604305017,4179.588334239268,0.08697965077420787,-0.7222706158336861
B02095,personal,22,loyal,D,0.1334782589508622,20500.0,0.505728045429199,med,10367.42493129858,40501.56774657722,0.021331324333271704,0.1147018376124504
B02096,personal,3,new,C,0.0990106392027154,9000.0,0.5333647285690538,med,4800.282557121484,36214.66472404139,0.011045899485056715,0.4791532953791201
B02097,personal,22,loyal,C,0.10364351544022518,9000.0,0.5817725489478681,med,5235.952940530813,40332.03542741227,0.010818432719473992,0.4656001483425941
B02098,personal,9,established,B,0.041252263396229186,48000.0,0.41872352032448423,med,20098.728975575243,39474.401583924286,0.042429878961864426,1.4673338120774801
B02099,personal,7,established,E,0.35,5000.0,0.6004332408189036,med,3002.166204094518,29895.47858153888,0.008368506840441367,-1.5759233581869183
B02100,salary_advance,14,established,E,0.35,8000.0,0.682728564604986,med,5461.828516839888,23333.646396359047,0.019506268701935305,-1.3400017679461333
B02101,personal,20,loyal,B,0.054304986280298596,10500.0,0.4581584643255875,med,4810.663875418669,23828.113271904534,0.016824187954384638,1.169686516622718
B02102,salary_advance,6,new,B,0.06308402062424152,4000.0,0.6079075246879767,med,2431.6300987519066,20884.84862919497,0.00970252862064769,1.2158072149327748
B02103,salary_advance,24,loyal,C,0.09360520053271322,3500.0,0.44246277449086874,med,1548.6197107180406,21585.67285868122,0.005978578634297025,0.5567499931681666
B02104,personal,25,loyal,B,0.06749356855523887,6000.0,0.4299335854952988,med,2579.601512971793,9936.11008487484,0.02163490449596375,0.8003944000457244
B02105,salary_advance,16,established,B,0.06427293184256998,15500.0,0.6964136586913423,med,10794.411709715805,13795.953854254602,0.06520276297282424,1.0952069776314066
B02106,salary_advance,10,established,E,0.20259280186727588,7000.0,0.43998703003557454,med,3079.9092102490217,24590.569285265876,0.010437298050186644,-0.46386320585174645
B02107,salary_advance,9,established,E,0.20544299088291212,7500.0,0.5855409973845284,med,4391.557480383963,7844.148828063714,0.04665428096622005,-0.3568483750492992
B02108,personal,28,loyal,C,0.10187751393592089,3500.0,0.7115806712227408,high,2490.532349279593,8916.76148418033,0.023275755755963738,0.5897261791986366
B02109,personal,7,established,B,0.07011921235005476,14500.0,0.5219882297292286,med,7568.829331073815,22384.96494334862,0.028176759677119752,0.9040889598937201
B02110,personal,29,loyal,E,0.2279805099855462,16000.0,0.7246392845055802,high,11594.228552089284,25069.769479398994,0.03853987223408923,-0.7659569263579847
B02111,personal,15,established,D,0.16362731315531118,11500.0,0.6393388561069457,med,7352.396845229876,22644.09878073253,0.027057810647947943,-0.19794763193501935
B02112,personal,15,established,D,0.1768403919288244,47000.0,0.5798542093287088,med,27253.147838449313,7266.652188914007,0.3125367217477244,-0.24423663170443868
B02113,personal,6,new,C,0.11078949047221223,3500.0,0.5350530965434881,med,1872.6858379022083,63184.694350118,0.0024698568975229348,0.4179591050427642
B02114,personal,15,established,D,0.14837612231811997,3000.0,0.3607214666141853,med,1082.164399842556,12210.763949414471,0.007385317333717735,-0.008698370008834274
B02115,salary_advance,23,loyal,D,0.12056260206118836,8500.0,0.5254826956901508,med,4466.602913366282,17154.42456140684,0.021698011968561456,0.2041164161971406
B02116,personal,7,established,B,0.06228307719379291,6500.0,0.5341328476782153,med,3471.8635099084,13440.497212362117,0.021526135126379457,1.2485657807574058
B02117,personal,21,loyal,D,0.14396064034215822,11500.0,0.5952071656245458,med,6844.8824046822765,54965.828695098266,0.010377481438894854,-0.13925748162081997
B02118,personal,17,established,E,0.23508679677745112,18500.0,0.7937535739033094,high,14684.441117211223,33920.711554644564,0.03607540556638807,-0.29209636302145364
B02119,personal,11,established,E,0.35,2000.0,0.673950591434283,med,1347.9011828685661,20737.85977530432,0.005416426757120947,-1.5914976359196236
B02120,personal,26,loyal,D,0.15413371128479308,32500.0,0.640185386726546,med,20806.025068612744,19950.096456844974,0.08690862353146708,-0.31362587684589516
B02121,personal,4,new,D,0.12860157298182726,3000.0,0.6693783204288878,med,2008.1349612866634,29696.25666829512,0.005635207897629924,0.16607607633904997
B02122,personal,19,loyal,C,0.0914041805961034,14000.0,0.5875417506455803,med,8225.584509038124,13553.432758409544,0.05057503792372187,0.7206019563548599
B02123,personal,40,loyal,B,0.06285574960285033,10000.0,0.5117680012411354,med,5117.680012411354,33170.1837370779,0.01285712909364736,0.9995169900657619
B02124,personal,36,loyal,B,0.05558740209290235,15000.0,0.5131648110546618,med,7697.472165819928,19895.430066269666,0.03224137461123998,0.9509822859456704
B02125,personal,20,loyal,A,0.016783773223103322,5000.0,0.4243290506838063,med,2121.645253419031,35803.52209425729,0.00493816699521333,2.487714036295154
B02126,personal,13,established,E,0.25293757029011443,28500.0,0.6493838650235016,med,18507.4401531698,35141.828015466584,0.043887491531517,-0.74785882744691
B02127,personal,11,established,E,0.3347715205214846,21000.0,0.6323173107502085,med,13278.663525754378,19409.41642265132,0.057011260396344764,-1.6194237434347885
B02128,personal,13,established,E,0.24519018555995292,6000.0,0.6748387583582457,med,4049.032550149474,8699.394151386097,0.03878653769531306,-1.0505529960715239
B02129,personal,22,loyal,E,0.1882577655366704,7500.0,0.48401588193043493,med,3630.119114478262,23488.02789065857,0.012879324207837524,-0.3036518358315914
B02130,personal,10,established,E,0.26791938858036485,9000.0,0.6315444199983411,med,5683.8997799850695,12122.15225721261,0.0390737803773197,-0.9743269366169109
B02131,salary_advance,24,loyal,B,0.06776881020997137,9500.0,0.6744018519657734,med,6406.817593674848,28092.251704392558,0.01900529269628069,0.8436608476448542
B02132,salary_advance,53,loyal,A,0.02721310206507141,12000.0,0.4559541962483388,med,5471.450354980066,23362.453776222486,0.019516537116165147,2.002654905557021
B02133,salary_advance,15,established,A,0.02591107072960406,12000.0,0.6607654826183066,med,7929.185791419679,19469.468820861406,0.0339385469987913,1.8896590729699145
B02134,personal,7,established,C,0.10377241368569767,22500.0,0.5601346417690056,med,12603.029439802627,13192.987873475207,0.07960686869336409,0.5043085018466044
B02135,personal,7,established,A,0.023178859816514182,18500.0,0.46699688543486956,med,8639.442380545086,51675.2410085121,0.01393227235444335,2.1412722154540154
B02136,personal,25,loyal,D,0.12814667148768752,5000.0,0.5754632258101071,med,2877.3161290505354,20962.171554954533,0.011438525987584148,0.04362694343358092
B02137,salary_advance,15,established,E,0.3412247577315144,24000.0,0.6078827075087432,med,14589.184980209837,98158.91000749459,0.012385685771415564,-1.2825190420024266
B02138,salary_advance,26,loyal,A,0.03320790610198337,7500.0,0.30025262244468515,low,2251.8946683351387,27425.027426594694,0.006842577989400731,1.8031780678881693
B02139,salary_advance,12,established,E,0.3451577600744967,3000.0,0.7207003005501876,high,2162.1009016505627,32642.622397998417,0.005519626240218828,-1.4885943917490625
B02140,salary_advance,25,loyal,C,0.10966542351502608,50000.0,0.7563310122837879,high,37816.55061418939,27489.70106849029,0.11463854081197498,-0.005003022699804238
B02141,personal,15,established,C,0.10092565963943123,5500.0,0.5901577883340267,med,3245.8678358371467,32463.26597622171,0.008332155690000094,0.5201122324227964
B02142,salary_advance,10,established,C,0.11934717495664704,3000.0,0.6080348326980469,med,1824.1044980941408,49068.76855963247,0.0030978708583195447,0.2476185199512192
B02143,salary_advance,13,established,C,0.11786572090623518,8500.0,0.5404212702846162,med,4593.580797419238,49381.17125864487,0.007751910090992875,0.15904723712849408
B02144,personal,8,established,E,0.2784951736865014,14000.0,0.7270053683991824,high,10178.075157588553,10181.888241473442,0.08330212527222802,-1.180790032820006
B02145,salary_advance,49,loyal,C,0.0811813224502987,3500.0,0.5284697657014429,med,1849.64417995505,43067.48442968052,0.003578964897472132,0.739197610566663
B02146,personal,15,established,B,0.07036851307471098,10000.0,0.5477349059604795,med,5477.349059604795,35363.18832412892,0.012907369968550754,1.0036624887377918
B02147,salary_advance,23,loyal,C,0.08018700624616423,3500.0,0.3771909833034497,med,1320.168441562074,27439.550749132122,0.004009323541870272,0.7699679165360189
B02148,salary_advance,12,established,E,0.24120248892826168,7000.0,0.5451016685175685,med,3815.7116796229793,69002.84453755675,0.004608157467028008,-0.4802258796410609
B02149,personal,9,established,E,0.34663215667875164,5500.0,0.6698237702180069,med,3684.0307361990376,70546.10524071113,0.0043518002914887085,-1.2475384605973305
B02150,salary_advance,14,established,E,0.19381063766081472,4500.0,0.6745263423684718,med,3035.368540658123,44246.34058795275,0.005716797706363284,-0.45959458295557865
B02151,personal,30,loyal,C,0.08605829482223849,42000.0,0.6220256471185083,med,26125.077178977346,19951.43414594945,0.10911946223959908,0.7923337524143584
B02152,salary_advance,12,established,C,0.08453530196185884,14000.0,0.37908233732306756,med,5307.152722522946,13962.553540637165,0.03167491716968055,0.69360226235971
B02153,salary_advance,10,established,E,0.1961883116898597,17500.0,0.44387707568794976,med,7767.848824539121,40738.14160217958,0.015889795408429407,-0.4505071005956687
B02154,personal,17,established,E,0.35,19000.0,0.7191539412185756,high,13663.924883152935,56825.671020961614,0.020037781982537205,-2.210759421982058
B02155,salary_advance,21,loyal,B,0.050727894916737966,45000.0,0.4381037863205742,med,19714.670384425837,8815.248025127234,0.1863690271696514,1.170012763672165
B02156,personal,40,loyal,E,0.2020626538862334,10500.0,0.6755782182738981,med,7093.57129187593,48896.549065739586,0.012089420465949598,-0.49770739897525096
B02157,personal,19,loyal,B,0.07261167867539052,6500.0,0.35913491893831617,med,2334.3769730990552,23384.38929224598,0.008318858020783372,1.0890624790152836
B02158,personal,23,loyal,E,0.18985413875944124,18000.0,0.5766361584608971,med,10379.450852296148,9947.220466951954,0.08695436484644303,-0.35610964212774976
B02159,personal,24,loyal,E,0.20494941284641638,7000.0,0.5931409012704182,med,4151.986308892927,34827.684648793256,0.009934592625479025,-0.5879004536698087
B02160,personal,8,established,C,0.1010038528169427,5000.0,0.6034145662496873,med,3017.072831248436,44363.07061436831,0.005667388042700968,0.15317190725958432
B02161,personal,9,established,A,0.0156025343155315,12500.0,0.3639368202503006,med,4549.210253128757,22175.830052730314,0.017095227259857227,2.357699230026369
B02162,personal,9,established,C,0.10666693001934746,6000.0,0.34395317022967836,low,2063.71902137807,15039.794782321285,0.011434769397052624,0.7490299911165732
B02163,personal,7,established,D,0.13359847249263815,8500.0,0.5780748539174748,med,4913.636258298536,68985.38915581077,0.005935600178564104,0.1362192992058518
B02164,salary_advance,25,loyal,B,0.055717306508026594,25500.0,0.5676091231821668,med,14474.032641145253,18624.80656696188,0.06476144503437156,1.1088515363809681
B02165,personal,19,loyal,E,0.35,5500.0,0.7272370454036319,high,3999.8037497199753,50904.66123032765,0.0065478675446866514,-1.3511158614855971
B02166,salary_advance,17,established,E,0.2165880003366001,4000.0,0.5697238099297,med,2278.8952397188,11705.59628219037,0.016223687547824554,-0.7723403707525563
B02167,personal,3,new,E,0.35,1500.0,0.7529507267504804,high,1129.4260901257205,33819.836100458626,0.002782947870126837,-2.860928865047139
B02168,personal,50,loyal,A,0.022942960631445034,30500.0,0.5215615962040222,med,15907.628684222676,33293.8820448345,0.03981619571728175,2.1298738945766225
B02169,personal,10,established,A,0.035220571898609034,11000.0,0.6265546702964606,med,6892.101373261066,43494.022923560755,0.013205073766445443,1.5273860291557484
B02170,personal,50,loyal,B,0.057886394730549025,9500.0,0.5219521916906971,med,4958.5458210616225,61153.407688689476,0.006756976714341958,0.7928185262149099
B02171,personal,7,established,C,0.1039117941130234,12500.0,0.3869215158610242,med,4836.518948262802,17197.230950662815,0.02343651991677374,0.13511510308420474
B02172,personal,10,established,E,0.35,12000.0,0.6412226241245265,med,7694.671489494318,35825.891044764554,0.017898302189422642,-1.5515900024975802
B02173,personal,4,new,E,0.1878368726921512,7000.0,0.6022128113737089,med,4215.489679615962,12687.695421626857,0.02768751888825054,-0.5692999602506911
B02174,personal,20,loyal,A,0.02703280389379269,18500.0,0.5229676544839106,med,9674.901607952346,12608.756063183822,0.06394300886007563,2.1923918784038925
B02175,personal,8,established,D,0.14576551123276552,5000.0,0.41098314620282395,med,2054.91573101412,19573.188599271492,0.008748854419707764,0.1314159981957143
B02176,personal,9,established,E,0.21122394071800857,30000.0,0.5659856224662058,med,16979.568673986174,33695.851232478475,0.041992233595857964,-0.5646464662118963
B02177,salary_advance,7,established,E,0.34345728135703724,5000.0,0.7171119377376763,high,3585.559688688382,67661.81728709732,0.004416030380268998,-1.4080706600036135
B02178,personal,25,loyal,A,0.035801533270642595,17500.0,0.4773207541967546,med,8353.113198443207,74788.54977784392,0.009307477797131336,1.7803057277308052
B02179,salary_advance,24,loyal,C,0.08014181017134299,3500.0,0.5039473485858766,med,1763.8157200505682,22132.663195104382,0.006641073513921248,0.6799161989723437
B02180,salary_advance,44,loyal,E,0.3178456996439425,9000.0,0.7811641645846154,high,7030.477481261538,31826.162550307447,0.018408538023155476,-1.0067338533628294
B02181,salary_advance,11,established,E,0.2630077089048267,7000.0,0.49741053115905953,med,3481.8737181134165,45190.9898302062,0.006420663593922305,-0.574265682071542
B02182,salary_advance,18,established,E,0.31128451560063597,6000.0,0.7286995926241056,high,4372.197555744633,40984.961210767724,0.008889841189268452,-0.9275380173581304
B02183,personal,8,established,C,0.11807859412832335,11500.0,0.6653661897756002,med,7651.711182419403,24509.07634611283,0.02601659032475457,-0.13174352571197195
B02184,personal,13,established,C,0.11488437097319178,21000.0,0.5340160629851243,med,11214.33732268761,28053.19395271116,0.033312716969029876,0.2073389696128186
B02185,personal,12,established,E,0.20235474676630788,7000.0,0.5898883184990936,med,4129.218229493656,25321.28165004944,0.013589419519915944,-0.5032170642785246
B02186,salary_advance,21,loyal,B,0.04615345801748956,27500.0,0.4948592427425646,med,13608.629175420527,23990.04735077864,0.04727178795035751,1.5270465964868816
B02187,personal,28,loyal,B,0.07827063964005447,5500.0,0.5597368352232104,med,3078.552593727657,22297.37561832067,0.011505661198374992,0.4788022404724417
B02188,personal,28,loyal,A,0.03541774735627389,11000.0,0.4404207783325015,med,4844.628561657516,25189.633768953012,0.01602719001426646,1.46231238527213
B02189,salary_advance,10,established,D,0.16828000221251588,5000.0,0.5284591626742198,med,2642.295813371099,21521.382507672693,0.010231281271192659,-0.007194078080718924
B02190,personal,28,loyal,A,0.015,8000.0,0.3890306525665604,med,3112.245220532483,14407.732012589666,0.018001012800007675,3.4453255920111454
B02191,personal,16,established,D,0.17605671143081728,30000.0,0.5605470647860472,med,16816.411943581417,43235.58472627317,0.0324123675171101,-0.5644887234739576
B02192,salary_advance,13,established,E,0.18314018037274005,2500.0,0.562242241402021,med,1405.6056035050524,35736.9967130779,0.003277662116727978,-0.5533299917558719
B02193,personal,11,established,E,0.2954471580980683,26000.0,0.40259570408631945,med,10467.488306244306,75518.01822437545,0.011550762489493804,-1.0263005500957576
B02194,personal,12,established,D,0.14879511874522908,4500.0,0.5854284277909503,med,2634.4279250592763,32966.095761648794,0.006659437684367944,-0.21094072655430532
B02195,salary_advance,42,loyal,E,0.28097095012115125,9000.0,0.5683025099940892,med,5114.722589946802,21389.85275464046,0.019926592641134395,-0.9695360908657839
B02196,personal,19,loyal,B,0.07329196857022369,3500.0,0.35108739240444764,med,1228.8058734155668,19062.16083606626,0.0053719245332119955,0.6945628438278106
B02197,personal,18,established,E,0.35,6500.0,0.6273290066508895,med,4077.638543230782,27613.259059112155,0.012305798863092408,-1.905303769564807
B02198,personal,14,established,D,0.15138706667230603,36500.0,0.5247447444543853,med,19153.183172585064,36464.021454370486,0.04377187523632607,0.16167092405723113
B02199,salary_advance,60,loyal,E,0.2263201564670964,7000.0,0.7137047316606632,high,4995.933121624642,23515.36150631046,0.01770450180081915,-0.6012517440963533
B02200,personal,33,loyal,D,0.13400950146832194,8000.0,0.512124317427397,med,4096.994539419175,11984.367753227469,0.028488462524551533,0.01870659261990726
B02201,salary_advance,11,established,B,0.06359200030680605,25000.0,0.5880066411133725,med,14700.166027834313,17917.699964446576,0.06836892224356969,0.9545403991323593
B02202,salary_advance,14,established,A,0.02111982688101965,19000.0,0.590390293636704,med,11217.415579097376,27171.224206601706,0.03440347863915261,2.6540376838763535
B02203,personal,14,established,E,0.31110250069429146,2000.0,0.5661165054848922,med,1132.2330109697846,40423.07292374248,0.002334131081329313,-1.078000520781157
B02204,personal,17,established,E,0.1823944715933919,11500.0,0.573157625733807,med,6591.312695938781,11882.202021179128,0.04622679003570679,-0.1503174494263918
B02205,personal,11,established,E,0.21885369284122805,10000.0,0.7520297970967299,high,7520.297970967299,31125.91085765916,0.02013407737516533,-0.7237586747755422
B02206,salary_advance,20,loyal,D,0.15570874975459803,11500.0,0.5956627598924655,med,6850.121738763353,30382.307919305847,0.01878868056193809,-0.11987032256079555
B02207,personal,36,loyal,E,0.18664749264798128,4500.0,0.6201228476565835,med,2790.552814454626,20986.463793006133,0.011080764733157009,-0.3149733299695444
B02208,personal,7,established,B,0.07024272125374553,9500.0,0.4871552816546674,med,4627.975175719341,19480.958482734844,0.019797003228481293,0.8240664756369391
B02209,personal,8,established,E,0.19789827042423405,44000.0,0.6563291046137812,med,28878.480603006374,17944.194981318426,0.13411245546294848,-0.48805586423037967
B02210,salary_advance,12,established,A,0.016351365489321448,13000.0,0.4507654936796701,med,5859.951417835711,29069.46143376208,0.016798704232355792,2.599312698270855
B02211,personal,12,established,C,0.10970836335407569,9000.0,0.36809828607916995,med,3312.8845747125297,49998.599024677416,0.005521629004507065,0.415979255894734
B02212,salary_advance,49,loyal,D,0.1446492140790226,46500.0,0.542207611153217,med,25212.65391862459,51988.689756330205,0.040413684266064606,-0.2600106611740751
B02213,personal,28,loyal,D,0.14899502071479812,5000.0,0.4492334799246536,med,2246.167399623268,14498.649831871378,0.012910210178592363,0.03329481785492272
B02214,salary_advance,27,loyal,D,0.15325153624556642,8000.0,0.5815888522117932,med,4652.710817694346,24274.021918601597,0.01597287432526407,-0.05184699003998938
B02215,personal,14,established,B,0.07512156534441032,14500.0,0.4380240706147171,med,6351.349023913398,8051.145099852368,0.0657396033436066,0.8000686529467138
B02216,personal,14,established,E,0.35,7000.0,0.6925500786841453,med,4847.850550789017,28568.253736028062,0.014141135458678983,-1.6387796565652528
B02217,salary_advance,7,established,E,0.2665040968012189,37500.0,0.6224123584125738,med,23340.463440471518,37373.09561956421,0.05204381889685095,-0.9909513804358102
B02218,salary_advance,25,loyal,C,0.11555584953522126,12500.0,0.4340873985636052,med,5426.092482045065,63833.19629097156,0.007083686855387971,0.15845388125085857
B02219,personal,21,loyal,B,0.06667360345208556,6500.0,0.468511611899181,med,3045.3254773446765,10071.333872511925,0.02519796546559736,1.0829467931383254
B02220,personal,33,loyal,B,0.04310522830567466,11500.0,0.5559691224699863,med,6393.644908404843,14787.936749702187,0.03602962004674522,1.6330602748227725
B02221,personal,14,established,B,0.04523684486443887,4000.0,0.6165036897662761,med,2466.0147590651045,29122.75892224104,0.007056379186834214,1.3805421907728432
B02222,personal,15,established,C,0.0879209029154085,39500.0,0.4510378415720844,med,17815.994742097333,11046.693135909238,0.13439915549767015,0.5298015199475303
B02223,personal,18,established,D,0.1471677324316605,5000.0,0.46183465672440666,med,2309.173283622033,29575.94624128417,0.006506338137032924,-0.08288953635802004
B02224,salary_advance,26,loyal,A,0.039326621678048346,11000.0,0.683166761276171,med,7514.834374037881,37897.915887725765,0.016524291195635726,1.5446258123139924
B02225,personal,7,established,E,0.35,5500.0,0.632456069836454,med,3478.5083841004966,13296.97376463416,0.021800125638062183,-1.1445006174317105
B02226,salary_advance,24,loyal,E,0.3053244322212032,3500.0,0.6349352693458505,med,2222.273442710477,28938.320178448346,0.006399454163795078,-1.0946572220162265
B02227,personal,16,established,C,0.10257347257600334,5500.0,0.47253633889009744,med,2598.949863895536,13811.874687494603,0.015680648733420722,0.436637577686489
B02228,personal,9,established,E,0.2525454833637763,9000.0,0.6371955465818924,med,5734.759919237032,57324.5482916692,0.008336684268402174,-1.00567841714885
B02229,salary_advance,5,new,D,0.163332210084803,3000.0,0.7266119567245088,high,2179.8358701735265,30141.412956311236,0.0060266912319082684,-0.06530673216548083
B02230,personal,15,established,C,0.11989512243582312,51500.0,0.5851010610764258,med,30132.70464543593,18919.80969342309,0.13272114049465777,0.1196270158728145
B02231,salary_advance,36,loyal,B,0.06029517523126584,43500.0,0.6239656805532489,med,27142.507104066324,13616.291249652435,0.16611539445906484,0.9981195591782965
B02232,personal,41,loyal,B,0.05618763803948625,4000.0,0.5097534203178246,med,2039.0136812712983,33323.97315242477,0.005098966020510204,1.337791538525052
B02233,salary_advance,19,loyal,B,0.04366065325704794,28000.0,0.39512916501350326,med,11063.61662037809,56775.74711750611,0.016238765643894038,1.5820751882917312
B02234,salary_advance,48,loyal,B,0.048394370536844616,6000.0,0.4524324178742177,med,2714.594507245306,17600.32857593117,0.01285295373669696,0.9450000671676902
B02235,salary_advance,16,established,D,0.14862167320519382,3000.0,0.46033160896022496,med,1380.994826880675,21124.64048587514,0.005447804061659923,-0.0920152804694056
B02236,personal,27,loyal,C,0.09860960069819613,5500.0,0.5646990050339635,med,3105.844527686799,17788.7695785336,0.014549650337793001,0.5077620886763209
B02237,personal,12,established,E,0.2068266870752641,17000.0,0.7073194007492075,high,12024.429812736527,63292.42381982886,0.01583184459139194,-0.5962104166749215
B02238,personal,12,established,D,0.16673015494802973,11500.0,0.5932057544868641,med,6821.866176598937,9416.773020619989,0.06036981530775846,-0.19642892200617093
B02239,personal,11,established,A,0.015,8000.0,0.4235202850538653,med,3388.1622804309222,54561.090120933164,0.0051748756499689205,2.6181734235804135
B02240,personal,5,new,C,0.11085726212653774,11500.0,0.49118698159199586,med,5648.650288307952,21862.782728273258,0.021530692739778874,-0.1678102991164595
B02241,personal,33,loyal,B,0.06482583938047513,14500.0,0.5614513836920215,med,8141.045063534312,25864.11288802717,0.026230183300632058,0.8502450170375484
B02242,personal,11,established,E,0.23903008879105128,10000.0,0.4825281967206914,med,4825.2819672069145,22306.891434744564,0.018026125772695804,-0.7054806490303621
B02243,personal,10,established,B,0.0410595376689283,10000.0,0.40465127609719503,med,4046.5127609719502,30692.711188458554,0.010986627889505704,1.020073416429868
B02244,personal,8,established,B,0.07091202100394634,24000.0,0.618097401466983,med,14834.337635207592,18008.70776786391,0.06864428135926137,0.7602724226634243
B02245,personal,14,established,B,0.060616093374996086,14500.0,0.5010277831906631,med,7264.902856264615,48151.65195357558,0.012572955377295815,0.7673525546550849
B02246,personal,43,loyal,C,0.08634901980929995,6000.0,0.5079891064353649,med,3047.9346386121892,49239.34970335141,0.005158365306363798,0.6148912467534633
B02247,salary_advance,52,loyal,B,0.04640301527988919,29000.0,0.4720159211603693,med,13688.46171365071,15664.073046923868,0.07282302242763347,1.7841900957667707
B02248,personal,6,new,B,0.05148979985342533,6500.0,0.5806252301771733,med,3774.0639961516263,38836.15148219832,0.008098262083378632,1.2716851966347333
B02249,personal,13,established,C,0.11337115038403336,13000.0,0.5696496323871408,med,7405.445221032831,22113.164234178985,0.027907378091653813,0.2830989193492951
B02250,personal,9,established,D,0.17126408077235325,11500.0,0.5013978257508008,med,5766.07499613421,27678.145773432487,0.017360492773293938,-0.1146123590003228
B02251,salary_advance,28,loyal,A,0.039366061475488184,7000.0,0.42315391446790507,med,2962.0774012753354,62244.96910950296,0.003965618217359291,1.6445709901147607
B02252,personal,19,loyal,E,0.1972229435734909,4500.0,0.5735098753099147,med,2580.794438894616,18569.60173871145,0.011581627127353864,-0.5041253065597436
B02253,personal,11,established,E,0.2590836261109264,10000.0,0.6360183017042477,med,6360.183017042476,44783.81997544591,0.011834971909738904,-0.7179602806153267
B02254,salary_advance,17,established,D,0.12116843710526452,21500.0,0.55029811979644,med,11831.409575623462,34593.422728508034,0.028501105707476333,0.29669965711509866
B02255,personal,12,established,E,0.35,11500.0,0.6425404322432026,med,7389.214970796829,24180.082191181195,0.025465914853575147,-1.7413570684381454
B02256,salary_advance,39,loyal,B,0.0406298871016412,16500.0,0.5005472688165458,med,8259.029935473005,32927.78015717487,0.020901879547831653,1.5775952735634244
B02257,salary_advance,22,loyal,D,0.1582998385075051,4500.0,0.5736104739671652,med,2581.247132852244,30841.81129092236,0.006974425908668934,-0.21291388746582318
B02258,personal,23,loyal,D,0.16775015380338026,5000.0,0.49561150497060286,med,2478.0575248530145,14227.125649026293,0.014514863988136943,-0.07149102150175685
B02259,personal,3,new,E,0.20234827245642922,10500.0,0.6960348005502157,med,7308.365405777265,19269.9445911363,0.03160519988010644,-0.563279595679771
B02260,salary_advance,15,established,D,0.12496765949857612,9000.0,0.5027915271042739,med,4525.123743938465,15140.237113652083,0.024906719921062317,0.38928682157055017
B02261,salary_advance,51,loyal,C,0.09091887840888206,13000.0,0.5587759153502598,med,7264.086899553377,23106.27895206335,0.026198098630187516,0.4063467235769581
B02262,personal,34,loyal,D,0.1338118990017341,5500.0,0.35271587552932276,med,1939.9373154112752,56374.34244766925,0.0028676421920309837,0.3326289527696512
B02263,personal,5,new,E,0.2008467580539218,2500.0,0.5685157010977965,med,1421.2892527444913,37033.02240036231,0.003198247493320507,-0.40962763239041405
B02264,personal,13,established,D,0.17288688528411314,10500.0,0.47842900306926034,med,5023.5045322272335,12235.245087833713,0.034214711244474276,-0.44703095762712625
B02265,personal,8,established,E,0.25608108409409497,9500.0,0.5130997521836953,med,4874.447645745106,23147.632167606436,0.017548402684885157,-0.7731944576387653
B02266,salary_advance,42,loyal,A,0.030640933955866072,17500.0,0.7128924651108871,high,12475.618139440525,30591.995645366456,0.03398388444497713,1.8314739243556017
B02267,personal,18,established,E,0.35,3000.0,0.6879325007516301,med,2063.7975022548903,40507.75289045916,0.004245684169472035,-2.104405702266703
B02268,salary_advance,10,established,C,0.11966185645741001,20500.0,0.6744973345068104,med,13827.195357389613,18808.762471559658,0.06126220592794374,0.14428484099051722
B02269,salary_advance,16,established,D,0.15201647898171453,8000.0,0.6538406826910684,med,5230.725461528547,13621.606127313613,0.03200017563176136,-0.11889947188421557
B02270,salary_advance,3,new,C,0.11766209867698665,13500.0,0.6432066924621604,med,8683.290348239167,26082.27914950362,0.027743262959199703,0.4187914867264866
B02271,personal,9,established,E,0.35,7500.0,0.6256301700376065,med,4692.226275282049,36789.44708608433,0.010628560286827677,-1.4542927965190087
B02272,salary_advance,16,established,D,0.13687549085976836,7500.0,0.7177780035688478,high,5383.335026766358,30612.557134850882,0.014654484767618714,-0.14978534124360415
B02273,salary_advance,26,loyal,B,0.07511086234930939,14000.0,0.617531624775145,med,8645.44274685203,16538.187598544362,0.04356302998407644,0.647640266010244
B02274,salary_advance,5,new,B,0.06483082722986717,10000.0,0.52209518890247,med,5220.9518890247,70617.99953546755,0.006161025899167182,1.0700736103704593
B02275,personal,13,established,C,0.11599874064149321,8500.0,0.5777362851881639,med,4910.758424099393,25480.059709200304,0.01606078923461805,0.33218496679542386
B02276,personal,28,loyal,E,0.22527229169393254,9500.0,0.5927791926923756,med,5631.402330577568,29927.72688858724,0.015680560347771988,-0.7834882108688618
B02277,personal,7,established,E,0.2410470823301892,2500.0,0.6021761576210404,med,1505.440394052601,18693.25287763247,0.006711157602814121,-0.4874767187206597
B02278,salary_advance,18,established,B,0.06130556384253598,46000.0,0.506950748447153,med,23319.73442856904,49443.17943877264,0.0393039287610383,1.236051352660691
B02279,salary_advance,17,established,E,0.23673248719751896,4000.0,0.6453350105618901,med,2581.3400422475606,36846.49548422876,0.005838049653307463,-0.8507748659230675
B02280,personal,42,loyal,C,0.10142499059872492,5500.0,0.7106408783103751,high,3908.5248307070633,31986.361443442205,0.010182790034897783,0.3213557316276292
B02281,personal,14,established,D,0.13866535371516397,20000.0,0.4473496790279904,med,8946.993580559807,14279.63745374972,0.05221300616313615,-0.009120452526275582
B02282,personal,14,established,D,0.17918741160140914,4500.0,0.6909155518374998,med,3109.119983268749,49105.02372008615,0.005276310086234245,-0.3857830599207645
B02283,salary_advance,26,loyal,A,0.015,80000.0,0.387779279621248,med,31022.342369699836,40794.258813573266,0.06337154473841862,3.445751782798915
B02284,personal,7,established,E,0.21391270900946188,7000.0,0.7061444153117201,high,4943.010907182041,47014.59519955461,0.00876148297885176,-0.41273145944754897
B02285,personal,14,established,C,0.10183133948025695,5500.0,0.5125155727624492,med,2818.8356501934704,27456.717831180264,0.008555391518162323,0.4497651593677976
B02286,salary_advance,12,established,E,0.20677786293406983,2500.0,0.6297012923971739,med,1574.2532309929347,25817.97825640441,0.005081256477426492,-0.4163011202192842
B02287,salary_advance,15,established,C,0.08146253220164183,3500.0,0.5113808758673042,med,1789.8330655355646,24339.33183960163,0.00612805464193623,0.8777479919994042
B02288,personal,26,loyal,B,0.05358406869330841,4000.0,0.3416245679390305,low,1366.498271756122,94225.75863073152,0.0012085321215183804,1.2707875968519353
B02289,personal,22,loyal,D,0.17081845941816873,3000.0,0.732862498792185,high,2198.587496376555,19963.373580499723,0.009177588344938441,-0.18796403674609796
B02290,salary_advance,10,established,D,0.12326423776961165,5500.0,0.4601437265275333,med,2530.790495901433,14010.542152462545,0.015052894149047447,0.2952981847814671
B02291,salary_advance,17,established,E,0.2203940812943205,4500.0,0.6048086742753211,med,2721.639034238945,21910.233915891542,0.010351475649410776,-0.5452797698908733
B02292,personal,37,loyal,E,0.21685697045893199,6500.0,0.4997800856559108,med,3248.5705567634204,20065.96053025834,0.013491216264249924,-0.7444038120498916
B02293,personal,10,established,B,0.058253465568497344,6500.0,0.3867027917296481,med,2513.568146242713,53793.92169174905,0.0038938230491386626,1.0367954325002064
B02294,personal,17,established,E,0.2022342393116916,2500.0,0.5749903358662217,med,1437.4758396655543,12761.705154403808,0.009386649499900557,-0.5540009458836479
B02295,personal,14,established,E,0.35,1500.0,0.6223741020167666,med,933.5611530251499,19757.53138487046,0.0039375750561464135,-2.41361232850807
B02296,salary_advance,15,established,A,0.021477922146424536,7500.0,0.36029350678182365,med,2702.2013008636773,29875.312228171235,0.00753744228742489,2.1153561564936227
B02297,personal,6,new,E,0.2656460828199366,4000.0,0.608012215082052,med,2432.0488603282083,54044.392440271135,0.003750078948240041,-0.8020953230626062
B02298,personal,35,loyal,D,0.1325472688637356,5000.0,0.4134956481190339,med,2067.4782405951696,39823.91015799583,0.004326291735276489,0.1536269562519693
B02299,salary_advance,10,established,A,0.02428822616551636,12000.0,0.49092541072083684,med,5891.104928650042,65542.85895554403,0.007490143374029784,1.9909065054943147
B02300,salary_advance,28,loyal,C,0.0868151858495358,40500.0,0.5252879501791264,med,21274.16198225462,32538.72168015507,0.05448421881108461,0.6082579058123601
B02301,salary_advance,11,established,D,0.12064813758155885,5000.0,0.31868147075013875,low,1593.4073537506938,24052.862370999956,0.00552050496517978,0.18666339779813657
B02302,personal,11,established,E,0.3254666218904251,3500.0,0.583635437017355,med,2042.7240295607423,43068.8850375048,0.003952435785490149,-1.2281730445505332
B02303,personal,32,loyal,E,0.2864517962548748,8500.0,0.6716847772524417,med,5709.320606645754,12683.55418368996,0.03751130876487999,-1.2348336996275666
B02304,personal,28,loyal,C,0.09960055009296723,8500.0,0.4475288674745787,med,3803.995373533919,10504.544338558191,0.030177378879498347,0.23361373540387173
B02305,personal,18,established,C,0.11604484365918127,3500.0,0.6006844583709277,med,2102.395604298247,46025.22878709038,0.0038065999519955093,0.3628097740748948
B02306,personal,24,loyal,B,0.06724556497968098,23500.0,0.5746541197769025,med,13504.371814757209,30206.48013299915,0.03725572502792296,0.7055254082107726
B02307,personal,14,established,E,0.19374962420630507,10500.0,0.4904949960705268,med,5150.197458740532,45715.930112952046,0.0093880430847915,-0.4812610804692158
B02308,personal,16,established,D,0.13399006709598765,50500.0,0.5644011342171433,med,28502.25727796574,16834.66039933504,0.1410891607050751,0.020257799346942336
B02309,salary_advance,11,established,E,0.35,22000.0,0.7166851770487301,high,15767.073895072062,54536.806005315375,0.02409240512657229,-1.4872099953279672
B02310,salary_advance,27,loyal,B,0.05782693410110874,10500.0,0.4247801735411648,med,4460.191822182231,38897.9715291656,0.009555322224703478,1.2101670206954784
B02311,personal,11,established,D,0.15480391850324443,12500.0,0.5426130894754337,med,6782.663618442922,26446.623949150784,0.021372178516635445,0.16140584477004594
B02312,personal,37,loyal,A,0.01699766372513131,12500.0,0.5775064290584329,med,7218.8303632304105,30153.049889470072,0.019950525706056193,2.3736608941828576
B02313,personal,13,established,D,0.15777589960328836,20000.0,0.48368408919147393,med,9673.68178382948,32559.040195772675,0.024759333930154438,0.007479646429047295
B02314,personal,16,established,E,0.2017238774937617,6000.0,0.651565043978563,med,3909.3902638713776,16794.34172527136,0.01939835018952001,-0.942669352146079
B02315,personal,24,loyal,D,0.13149224210302032,5500.0,0.4456353041384486,med,2450.9941727614673,21768.995174627675,0.009382588068871779,0.3492768659111809
B02316,personal,16,established,D,0.13850049627589933,3000.0,0.5631695138539724,med,1689.5085415619171,32277.229484889933,0.004361972223464928,-0.327799800015837
B02317,salary_advance,13,established,C,0.10894698944121584,9500.0,0.5782169349479958,med,5493.06088200596,21293.908953017573,0.02149699590199609,0.7847078687703979
B02318,personal,16,established,D,0.13223693594464078,8000.0,0.3318729672617019,low,2654.983738093615,11989.896538634826,0.01845292360348641,0.026892061725186146
B02319,salary_advance,26,loyal,E,0.2363153419343431,17500.0,0.545107139968905,med,9539.374949455838,31640.360654227872,0.025124489608130622,-0.5099467010526437
B02320,personal,11,established,E,0.35,3000.0,0.6882808327120667,med,2064.8424981362004,42608.91555376552,0.004038361595025626,-1.6357432881940195
B02321,personal,15,established,C,0.11017592816535307,21500.0,0.5759060129952028,med,12381.97927939686,48421.24999857905,0.021309478930153284,0.262908202633016
B02322,personal,16,established,B,0.04610598760414903,4000.0,0.4518086782669337,med,1807.234713067735,36053.917666609836,0.004177157504720231,1.383114541069239
B02323,personal,26,loyal,C,0.08842496708705416,9000.0,0.4330243240234737,med,3897.218916211263,42195.50543073235,0.007696749682279337,0.47934788405171924
B02324,personal,15,established,C,0.08523950897410998,9500.0,0.5919448425975734,med,5623.476004676947,46310.777503735,0.01011909161645906,0.8132973539202071
B02325,salary_advance,44,loyal,A,0.033507378479146185,7000.0,0.45595685169166356,med,3191.697961841645,28108.033371232217,0.009462591232928027,1.7628091542036
B02326,personal,15,established,C,0.10436668211153624,8500.0,0.6059461259288221,med,5150.5420703949885,8388.322379646042,0.051167780609034444,0.26679184579466836
B02327,personal,14,established,E,0.26364849536419455,4000.0,0.6470477293977979,med,2588.1909175911915,50913.31039163829,0.004236270924181647,-0.8144914878614082
B02328,personal,14,established,C,0.10903965095867622,5000.0,0.5115620131468432,med,2557.810065734216,16459.77721961266,0.012949800958253835,0.19530808504556424
B02329,personal,7,established,B,0.05338516968072696,26000.0,0.6164852579373152,med,16028.616706370196,14443.759255527459,0.09247717545229918,1.2070728876004806
B02330,personal,9,established,C,0.09670875572799176,5500.0,0.48279673114452026,med,2655.3820212948613,14663.635034541554,0.015090517091202502,0.5298905495999142
B02331,personal,12,established,B,0.07361964705810968,14000.0,0.645828930523397,med,9041.605027327558,105505.44718464179,0.007141499379572418,0.7482453428286557
B02332,salary_advance,30,loyal,C,0.107353070852448,13000.0,0.676793656949471,med,8798.317540343123,34279.44654624587,0.021388709627291894,0.2874537583081741
B02333,personal,16,established,E,0.19817310539028013,3000.0,0.679066578915412,med,2037.199736746236,15170.544659917106,0.011190543815964788,-0.2023537597454822
B02334,personal,12,established,D,0.15062377371194827,19500.0,0.5550006645020236,med,10822.51295778946,18474.024847561876,0.048818602727754484,-0.11872731090036714
B02335,salary_advance,32,loyal,B,0.07959908592846593,23500.0,0.7602101331626996,high,17864.93812932344,26892.460925442523,0.05535918963451236,0.6986619974632041
B02336,salary_advance,38,loyal,A,0.030574617387230912,29500.0,0.497082869330894,med,14663.944645261374,36254.619177043496,0.03370592257879472,1.9179583160123586
B02337,personal,32,loyal,E,0.35,11000.0,0.6821128463159186,med,7503.241309475105,31370.10931453799,0.019932034754917276,-1.9471737283381674
B02338,personal,10,established,D,0.1212083246409998,8000.0,0.561486929776573,med,4491.895438212584,16143.398079619234,0.023187473789897255,0.03053830458183765
B02339,personal,12,established,D,0.1586448552080808,49000.0,0.45992124409305385,med,22536.14096055964,32030.075476216374,0.05863276057865686,-0.07949637569485415
B02340,personal,44,loyal,E,0.2817391823336177,4000.0,0.7319667515468347,high,2927.8670061873386,19222.691414769317,0.012692755240029234,-0.9715011414441489
B02341,personal,18,established,B,0.06665154128536582,3500.0,0.4759184755025821,med,1665.7146642590374,47848.89297969021,0.0029009982616282986,0.671767216587465
B02342,salary_advance,14,established,E,0.22925255488685475,11000.0,0.6766996407992317,med,7443.696048791549,27749.223346145125,0.022354067223006965,-0.37450019194492457
B02343,personal,24,loyal,D,0.16556372460428492,5000.0,0.6770304061851291,med,3385.1520309256457,17718.529691530366,0.015920960005613886,0.04296735064684032
B02344,salary_advance,28,loyal,A,0.015843134298738442,19000.0,0.5148538362558452,med,9782.222888861059,39297.83744275271,0.020743768456112786,2.5987819077540433
B02345,personal,12,established,B,0.05589082467643423,10000.0,0.45008225799368673,med,4500.822579936867,33215.92582397841,0.011291828814758256,1.0099736495390559
B02346,salary_advance,18,established,B,0.07231865525851455,6000.0,0.49026497654443385,med,2941.589859266603,20719.361189459807,0.011831083305643555,0.9244869391451161
B02347,salary_advance,27,loyal,B,0.04856631120478298,45000.0,0.2657753079501628,low,11959.888857757325,40197.119982809265,0.024794249071558902,1.130776934644404
B02348,personal,8,established,E,0.1891750302787941,5000.0,0.5677562332881327,med,2838.7811664406636,38025.58154150273,0.006221209186378687,-0.16468002244534266
B02349,personal,16,established,A,0.02739177054746421,7500.0,0.5584498879218798,med,4188.374159414098,52104.271405179876,0.006698705701822296,1.9993772653701014
B02350,personal,8,established,C,0.09633983761596322,14500.0,0.50820994765931,med,7369.044241059995,39758.3910215121,0.015445469605549895,0.8021676314402391
B02351,salary_advance,9,established,D,0.17022364538176402,18000.0,0.5272260914289378,med,9490.069645720881,23916.627702263293,0.03306649862967795,-0.3995499139652525
B02352,personal,12,established,E,0.3482493335661325,13000.0,0.6142094146296954,med,7984.72239018604,10616.966211288498,0.0626726617824236,-1.400102278217654
B02353,personal,21,loyal,C,0.08078487595124832,6000.0,0.641415502194216,med,3848.493013165296,29811.682538594552,0.010757787678770428,0.9668380019892694
B02354,personal,13,established,D,0.14172972442761278,19500.0,0.5640213807393369,med,10998.41692441707,32467.417396959645,0.028229370155793475,-0.05586912987844468
B02355,salary_advance,11,established,E,0.30109504174359136,9000.0,0.7782599279067018,high,7004.339351160316,27671.501006477436,0.021093721869059185,-1.0789381669461675
B02356,personal,16,established,C,0.1191609910741133,22000.0,0.4917505408441541,med,10818.51189857139,5135.944702987728,0.17553589657805876,0.4285861657115819
B02357,personal,8,established,D,0.16047015773818418,3000.0,0.6004839243665405,med,1801.4517730996215,39079.62369806907,0.0038414131684449317,-0.2690271603115207
B02358,salary_advance,20,loyal,B,0.04403123168358536,10500.0,0.46420014177743524,med,4874.10148866307,16291.069579302017,0.02493237918345802,1.28066492552747
B02359,personal,30,loyal,B,0.060980290020442536,9500.0,0.7178908891116281,high,6819.963446560467,39228.058443374335,0.014487851547222416,0.8417402145809068
B02360,salary_advance,15,established,E,0.18347776295732623,7500.0,0.5992546894872348,med,4494.410171154261,68553.9701091802,0.0054633477876340686,-0.2582640215438392
B02361,personal,14,established,C,0.09282652279601296,3500.0,0.7315924380919239,high,2560.5735333217335,23411.001266843985,0.009114566495667737,0.6328447644242048
B02362,personal,20,loyal,D,0.17400118867373648,8000.0,0.5333592032890665,med,4266.873626312532,34240.56111634643,0.010384549510871208,-0.09790508263489917
B02363,salary_advance,5,new,E,0.186463222154275,10500.0,0.7249591272783226,high,7612.070836422387,27392.58903077441,0.02315733046101919,-0.4328818731809713
B02364,salary_advance,22,loyal,C,0.09977923851574738,8500.0,0.5657253829517163,med,4808.665755089588,35920.77036665702,0.01115572250169308,0.21772859337862205
B02365,salary_advance,60,loyal,A,0.02293831547307539,12000.0,0.5656156963675465,med,6787.388356410558,28478.218404864623,0.019861344144721096,1.8809744278062706
B02366,personal,15,established,E,0.24391774967823837,4500.0,0.4690795923272197,med,2110.8581654724885,20244.953444474602,0.00868882448187188,-0.2805723880543605
B02367,personal,15,established,B,0.05277304108052104,27000.0,0.5398864724357088,med,14576.934755764136,16354.882902349977,0.07427412169400505,1.3724431805642519
B02368,personal,24,loyal,A,0.0256946144578167,18500.0,0.3676472197782821,med,6801.473565898218,64521.65262661224,0.008784484599377368,2.18348487018686
B02369,personal,40,loyal,E,0.18689811850574853,7500.0,0.6099484391844004,med,4574.613293883003,34241.85967085133,0.011133092015290428,-0.33871913685444877
B02370,personal,28,loyal,E,0.35,19000.0,0.5363838947835237,med,10191.29400088695,42479.76845573784,0.01999244654449615,-2.5209953146969335
B02371,personal,5,new,B,0.07519042815058101,14000.0,0.52392810170477,med,7334.99342386678,33506.16050413623,0.018242897508756385,0.6945095432712728
B02372,personal,22,loyal,D,0.1696902133163162,5000.0,0.6713695153064785,med,3356.8475765323924,46012.687963283846,0.006079568710864804,0.058028102639858914
B02373,personal,60,loyal,E,0.213326497293414,10500.0,0.6446519351501704,med,6768.845319076789,16435.813694940625,0.03431959340291346,-0.4661864131319914
B02374,personal,23,loyal,D,0.14752713441683968,47500.0,0.45226860816794795,med,21482.75888797753,28162.590393822615,0.06356765774373306,-0.18871810615296813
B02375,personal,8,established,D,0.16363448430422664,2500.0,0.3976383142655478,med,994.0957856638695,35525.90270451233,0.002331856734536038,-0.4148138213660293
B02376,salary_advance,19,loyal,A,0.026148468348157244,18000.0,0.5261693407838213,med,9471.048134108783,54773.85593853661,0.014409319878107132,2.0471930906937397
B02377,personal,8,established,D,0.1209739659009287,5000.0,0.7045333744297279,high,3522.6668721486394,117030.73302631307,0.0025083631033315885,0.1599112393175145
B02378,personal,32,loyal,B,0.050994978144199565,28500.0,0.3982838884051891,med,11351.09081954789,33662.348687519545,0.028100363517208456,1.6835986301081354
B02379,salary_advance,9,established,B,0.07270731790180729,14500.0,0.7208500951449619,high,10452.326379601947,18702.165399739468,0.04657360148853652,0.8442201192784955
B02380,salary_advance,17,established,C,0.11783574015016535,35500.0,0.5622269979467471,med,19959.058427109525,13938.30803760701,0.11932975397287524,0.04076927604951558
B02381,personal,10,established,E,0.18588298713273865,11000.0,0.3936530667011815,med,4330.183733712996,16356.0296865728,0.022062117236942624,-0.3903572032092572
B02382,personal,12,established,C,0.09641427910351948,3500.0,0.38689418302976586,med,1354.1296406041804,17575.02792554599,0.006420708814521522,0.5616087507496011
B02383,personal,37,loyal,B,0.04611328759897954,10500.0,0.5861258193477699,med,6154.321103151584,5455.636984575719,0.09400553837787713,1.2204256293327087
B02384,personal,17,established,B,0.06998310136796598,43500.0,0.5342711451135698,med,23240.794812440286,18553.054978932487,0.10438889461794325,0.9967926857008693
B02385,salary_advance,12,established,D,0.15526955932337796,5000.0,0.7020866051641127,high,3510.4330258205637,39903.02385061167,0.007331175867278607,0.08846148862425696
B02386,salary_advance,8,established,C,0.09747290363763148,3500.0,0.4232869934382079,med,1481.5044770337277,28042.313827416518,0.004402586290820756,0.5252058564044724
B02387,personal,5,new,C,0.10731224291311095,12500.0,0.566097870648909,med,7076.223383111363,23336.09237072864,0.025269238420808273,0.23404040925532643
B02388,salary_advance,8,established,D,0.1358188623274988,8000.0,0.5684938199370876,med,4547.9505594967,11025.058893266942,0.03437585990488568,-0.03396502593686196
B02389,personal,17,established,E,0.2527259344187923,2000.0,0.6081156157106163,med,1216.2312314212327,47940.95788833248,0.0021141130065551426,-1.1349400338027669
B02390,personal,28,loyal,E,0.18622248686791387,4500.0,0.5500837319210927,med,2475.376793644917,35649.746321341154,0.005786335689769626,-0.4062710667021233
B02391,salary_advance,12,established,D,0.1363428880664646,5000.0,0.5266614402659329,med,2633.307201329664,26712.518587651048,0.008214959815841482,0.10896455745201453
B02392,personal,39,loyal,B,0.05533781191270292,15000.0,0.5344941606885745,med,8017.412410328617,8011.348942531162,0.08339640498165947,1.062207139220301
B02393,personal,11,established,B,0.07049071164226571,10500.0,0.5417602750697496,med,5688.48288823237,20538.883466243937,0.023080136827550796,1.2589774955721018
B02394,personal,14,established,E,0.35,5500.0,0.663612856237967,med,3649.8707093088183,34150.93048968243,0.008906225630786023,-1.3560472087346207
B02395,salary_advance,9,established,D,0.13485776004280584,19000.0,0.6871708240490798,med,13056.245656932517,26483.785121343928,0.04108251393922468,-0.24734501392998265
B02396,personal,28,loyal,C,0.10893594556391292,5000.0,0.44216895797224587,med,2210.8447898612294,29898.570159824903,0.006162069451379011,0.04213750293674823
B02397,personal,52,loyal,B,0.049120398877190316,15500.0,0.33641291672674706,low,5214.40020926458,39222.090054667584,0.011078791318014862,1.1947170323066438
B02398,personal,6,new,E,0.2469160638996306,7000.0,0.6919945567716831,med,4843.961897401781,29293.075512556097,0.013780167646689174,-0.5281105353885002
B02399,personal,13,established,E,0.2139817535767931,7000.0,0.4985101820757356,med,3489.5712745301494,38457.97125015987,0.007561439066020336,-0.4297323349474719
B02400,personal,32,loyal,E,0.3326442902603784,6000.0,0.5905720505701527,med,3543.4323034209165,16916.55488351515,0.01745544688728713,-1.0119925771502238
B02401,salary_advance,7,established,B,0.07537832928022252,14500.0,0.46700756137315813,med,6771.609639910793,13731.88162244139,0.04109420826958545,0.8334073159732589
B02402,salary_advance,22,loyal,C,0.08852862964100751,40000.0,0.4756615619767723,med,19026.46247907089,34980.58160602164,0.045326248653614044,0.5886009254034454
B02403,salary_advance,32,loyal,C,0.1121776249133528,5000.0,0.41541843034753273,med,2077.0921517376637,39156.61504631694,0.004420479462794785,0.09595496502040357
B02404,salary_advance,17,established,D,0.13889942845863923,3000.0,0.5070159551798493,med,1521.047865539548,35790.42174988048,0.0035415617530515863,0.0904867755179034
B02405,personal,22,loyal,B,0.04199222540333815,11000.0,0.5625897739470647,med,6188.487513417711,28922.421342298625,0.017830709492866515,1.526995501931263
B02406,personal,43,loyal,E,0.21064415993581645,7000.0,0.597361312309116,med,4181.5291861638125,22511.40804860861,0.015479296753060666,-0.604886908319843
B02407,personal,48,loyal,E,0.23471403252423564,4500.0,0.6423110220615109,med,2890.399599276799,30213.44503031291,0.007972167127297368,-0.4416596311035961
B02408,personal,15,established,B,0.05298197222297527,46000.0,0.46013984491552556,med,21166.432866114177,33143.933132338774,0.053218469831768235,1.252252447465621
B02409,salary_advance,12,established,D,0.12322252191722362,22000.0,0.6361941488973744,med,13996.271275742236,34255.88302838875,0.0340483396290966,0.4257748280188576
B02410,salary_advance,9,established,B,0.05190684062484856,10000.0,0.4674574568755053,med,4674.5745687550525,112862.6369621166,0.0034515220556147657,1.0197540967119174
B02411,salary_advance,28,loyal,C,0.08503893604614046,10500.0,0.31568655934982803,low,3314.708873173194,16212.825701844433,0.017037482824457616,1.1517519100056868
B02412,personal,7,established,D,0.13872070992849467,3000.0,0.5990023741654213,med,1797.007122496264,158624.68485442124,0.0009440560507892567,-0.03533455229394842
B02413,personal,14,established,E,0.19815462254141755,7500.0,0.658873028999716,med,4941.54771749787,13477.11579117903,0.030555175862950493,-0.34829911914855655
B02414,personal,17,established,C,0.08495252467454162,14500.0,0.4735364905873032,med,6866.279113515896,33260.23437669242,0.017203424354919606,0.8315580224838186
B02415,personal,12,established,B,0.05403418183165918,45000.0,0.6300308383571961,med,28351.387726073823,13944.446121568326,0.1694305835629535,1.162336567811155
B02416,personal,19,loyal,B,0.05027304009471216,11000.0,0.4163516107027948,med,4579.867717730743,31838.58116512268,0.011987206375964713,1.4841883470160968
B02417,personal,60,loyal,E,0.2686075805835141,4000.0,0.6726984537026414,med,2690.7938148105654,46173.787857613286,0.004856279467310547,-0.7854716336476838
B02418,personal,15,established,B,0.046701756065439,6500.0,0.6738224100692818,med,4379.845665450332,27389.64972951226,0.01332573225258354,1.304911017844329
B02419,salary_advance,12,established,D,0.13028399671150753,5000.0,0.5697974200272675,med,2848.9871001363376,45944.721022617705,0.005167418288624563,-0.00793525419764507
B02420,personal,28,loyal,E,0.18370735877289632,32000.0,0.5632874519000968,med,18025.198460803098,21310.9175992902,0.07048499271489005,-0.35502953754483435
B02421,personal,18,established,D,0.15797198880183935,19000.0,0.5651564977944984,med,10737.97345809547,8713.028580646413,0.10270035421386957,-0.1693276967684734
B02422,salary_advance,36,loyal,B,0.050450756219800025,28000.0,0.6546119992493382,med,18329.13597898147,37975.25425990475,0.04022166613539053,1.5811284352487318
B02423,personal,18,established,C,0.10395855767376576,22500.0,0.5822514446835241,med,13100.657505379291,27360.375019164116,0.03990155317743012,0.5404641840280625
B02424,salary_advance,14,established,D,0.1311321914341318,3000.0,0.7519529162011988,high,2255.8587486035963,20665.322252939244,0.009096796398786473,0.09461358814573223
B02425,salary_advance,6,new,B,0.06188444416621783,15500.0,0.5410307487990085,med,8385.976606384631,21465.261370127093,0.03255638828781931,1.1876658668779747
B02426,personal,6,new,C,0.09745045815652331,12500.0,0.49155767191695326,med,6144.470898961916,33645.00735903101,0.015218877383978867,0.13986058075943492
B02427,salary_advance,5,new,E,0.19698103119530316,4500.0,0.5376867528464887,med,2419.590387809199,17188.69031242665,0.011730534942017194,-0.5729714655393743
B02428,salary_advance,20,loyal,D,0.14276687410203787,8000.0,0.5719304316366146,med,4575.443453092917,33070.09389522637,0.011529660473067119,0.04196471704150684
B02429,salary_advance,7,established,C,0.09288603404376328,14500.0,0.33534210253596075,low,4862.460486771431,51727.785870375534,0.00783341165190576,0.7602348444216198
B02430,salary_advance,32,loyal,C,0.08807295201935028,41000.0,0.4884815886610231,med,20027.745135101948,83536.46979833259,0.019979043467932243,0.6674822641843983
B02431,salary_advance,16,established,E,0.32969059742131784,2000.0,0.5835957371414673,med,1167.1914742829347,58249.430570663884,0.0016698181465009984,-1.0255051534136364
B02432,personal,14,established,C,0.08394640675983646,42500.0,0.552509391760115,med,23481.64914980489,29406.175671793157,0.06654398442209096,0.8471614930695031
B02433,personal,10,established,E,0.18770139466340502,31000.0,0.7581602099570542,high,23502.96650866868,30999.17297692243,0.06318170306824433,-0.4802750286244204
B02434,salary_advance,23,loyal,A,0.02163000812517567,55500.0,0.4703905981431294,med,26106.67819694368,21587.36157308774,0.10077917623449495,2.3421196479887945
B02435,salary_advance,10,established,E,0.30075709082829416,2000.0,0.435182646279458,med,870.365292558916,20824.721380569,0.003482900909985407,-1.0529899851547109
B02436,personal,9,established,D,0.15268532663571657,5000.0,0.48447646391230786,med,2422.382319561539,43460.922897798344,0.004644751649004238,-0.18070859639001138
B02437,salary_advance,31,loyal,D,0.16619670762923638,12000.0,0.5939961393125686,med,7127.953671750823,22717.014676514056,0.026147631974137445,0.05002231556077241
B02438,personal,19,loyal,E,0.18585074893067607,4500.0,0.6026302594019491,med,2711.836167308771,32904.17415110198,0.006868014563683025,-0.5754225203773388
B02439,salary_advance,14,established,D,0.1629675247271631,3000.0,0.7214739295782704,high,2164.4217887348113,15845.166354387446,0.011383186415371681,-0.13679071675837667
B02440,salary_advance,23,loyal,A,0.021203334959781227,19000.0,0.5539262963112395,med,10524.59962991355,57163.562612262016,0.015342815057005015,2.5205676090369815
B02441,personal,16,established,D,0.12250905474107575,3000.0,0.6483502006625509,med,1945.0506019876527,22531.031932915404,0.007193969217576995,0.14337017007950356
B02442,personal,20,loyal,D,0.17539439885700633,7000.0,0.5645380017975372,med,3951.7660125827606,48941.869879892896,0.006728672917280402,-0.3917080387974289
B02443,personal,10,established,E,0.35,19000.0,0.7481825683528552,high,14215.468798704249,18267.83701717821,0.06484743644132898,-1.828628410337405
B02444,personal,51,loyal,E,0.35,5500.0,0.5535031583295875,med,3044.2673708127313,17744.115681747182,0.014297074710163747,-1.3213625463476864
B02445,personal,11,established,E,0.1948209839287119,30500.0,0.6824811427012477,med,20815.674852388056,55849.590914181725,0.031059127607537516,-0.5364631441187353
B02446,personal,38,loyal,D,0.14657713037647072,7500.0,0.5486887735759368,med,4115.165801819526,19066.64718479861,0.0179858828959908,-0.2336879841386601
B02447,personal,14,established,E,0.19201512673265878,7500.0,0.43792633830658806,med,3284.44753729941,11357.741515966612,0.02409844959553331,-0.22405070623448545
B02448,personal,25,loyal,E,0.35,1500.0,0.7095340749453071,high,1064.3011124179607,15184.534242381627,0.005840927219263359,-1.8721838004358515
B02449,personal,24,loyal,D,0.12888067042506612,8500.0,0.6850784985109586,med,5823.167237343148,43096.18575229156,0.011260020532546997,0.3083184049534665
B02450,salary_advance,30,loyal,A,0.039272338982665994,7000.0,0.44777516134644424,med,3134.4261294251096,40877.75468314279,0.006389836708908263,1.7777297751471077
B02451,salary_advance,10,established,B,0.041093970912946434,30000.0,0.6340719022082957,med,19022.15706624887,17687.693678883472,0.08962048892859405,1.9728412473641952
B02452,salary_advance,29,loyal,E,0.3407452344538146,25000.0,0.46995204492211506,med,11748.801123052877,19006.849902118513,0.051511258588161905,-1.1444461479171393
B02453,salary_advance,45,loyal,D,0.1341296764341916,3000.0,0.44919010358780104,med,1347.570310763403,38954.8555432851,0.00288276068107016,-0.05139275923915554
B02454,salary_advance,14,established,E,0.21402014384561382,2500.0,0.5802877477090547,med,1450.7193692726366,55478.80305561499,0.0021790895641985945,-0.5042338609745352
B02455,personal,16,established,C,0.11841912343160076,12500.0,0.5222467504216978,med,6528.0843802712225,25904.196285016704,0.021000729986126947,0.14572142752565
B02456,personal,12,established,E,0.3033676570822039,5500.0,0.5665518309248766,med,3116.035070086821,36491.37201548369,0.007115917402714294,-1.2197724678764534
B02457,personal,13,established,A,0.03101437946901426,7000.0,0.5041596015233998,med,3529.1172106637987,43494.43103082735,0.006761626578818949,1.6822632487266809
B02458,personal,42,loyal,C,0.09797666267841217,5500.0,0.4927564511763864,med,2710.160481470125,87917.29108921009,0.002568854249160263,0.44352247168573977
B02459,personal,9,established,D,0.16609348506146326,5000.0,0.53940034710257,med,2697.0017355128502,14247.77752449221,0.01577440019959049,-0.12314628929921174
B02460,salary_advance,9,established,A,0.03043630802657572,12000.0,0.5087943734655606,med,6105.532481586727,18623.92131234602,0.02731940094314481,1.9427137337827776
B02461,salary_advance,39,loyal,B,0.06986500964061125,3500.0,0.4645159758637885,med,1625.8059155232597,20362.28443000353,0.006653665346800261,0.7339523759166517
B02462,personal,23,loyal,B,0.06246130448800488,14500.0,0.5171876943356639,med,7499.221567867126,42409.949927580434,0.014735578130196759,0.8003034064986887
B02463,personal,52,loyal,E,0.23414638038714716,4500.0,0.527840502526638,med,2375.282261369871,23422.3331163715,0.008450916800817552,-0.35079827329204916
B02464,personal,12,established,E,0.35,5500.0,0.5245619997024018,med,2885.09099836321,31943.858250582947,0.007526462457277317,-1.3705020650543835
B02465,salary_advance,17,established,D,0.1541647208238685,7500.0,0.6505863285701832,med,4879.397464276374,28767.847155296262,0.01413440683139562,-0.26036163150423075
B02466,salary_advance,11,established,A,0.020091508185403423,8000.0,0.625419795914412,med,5003.358367315296,26928.902178761185,0.015483235367034515,2.5369758389448243
B02467,personal,17,established,C,0.11818929337243675,23000.0,0.6433583316736332,med,14797.241628493564,28540.17765867589,0.043205879227114094,0.6330209482869559
B02468,personal,6,new,D,0.12561652132724788,13000.0,0.5876634336623722,med,7639.624637610838,47403.21788323322,0.013430214548636186,0.27453483711105
B02469,personal,23,loyal,D,0.1508252903375231,17000.0,0.5262900511350538,med,8946.930869295915,15774.940144622542,0.04726341688817648,-0.5763733901851996
B02470,personal,19,loyal,B,0.07469436619536131,10500.0,0.4814814928235841,med,5055.555674647633,24793.804812232516,0.01699199898568134,1.3112508009838457
B02471,salary_advance,15,established,E,0.2277873074817451,6000.0,0.7084475589474718,high,4250.685353684831,13788.597201181321,0.02568961688455068,-1.0076932743137914
B02472,salary_advance,13,established,E,0.3107953039500622,3500.0,0.4074206526358126,med,1425.972284225344,30473.304300024454,0.003899512258844538,-1.217056449682381
B02473,personal,10,established,E,0.18317893554237666,7000.0,0.5572770778253044,med,3900.9395447771312,24160.132265345237,0.013455153797497187,-0.5588871228816459
B02474,personal,24,loyal,A,0.019602180996733956,19000.0,0.5374979164238852,med,10212.460412053819,48440.12232303742,0.017568873216210066,2.354490911961448
B02475,personal,8,established,A,0.033228679366934744,12000.0,0.37206176178386463,med,4464.741141406375,26831.912652184226,0.013866389869660569,1.8978942323926116
B02476,personal,21,loyal,C,0.11233567845706172,5000.0,0.6066396136315968,med,3033.198068157984,21075.963017957736,0.011993117726789649,-0.05123692825054371
B02477,personal,51,loyal,D,0.1707292584095188,4500.0,0.6171077888115604,med,2776.9850496520216,23489.5160148425,0.00985185989605358,-0.2741990181979842
B02478,personal,37,loyal,E,0.35,2000.0,0.49483051770242953,med,989.661035404859,69416.73928507385,0.0011880672270087192,-1.2403620405597797
B02479,salary_advance,7,established,C,0.09192848778175321,5500.0,0.5539271447376666,med,3046.599296057166,11344.129494901714,0.02238014602932124,0.42803072552008437
B02480,personal,12,established,C,0.10468182950959984,8500.0,0.4952653652102114,med,4209.755604286797,19050.833724473756,0.018414572931431658,0.16201275198811943
B02481,personal,20,loyal,B,0.055618277018090946,45500.0,0.553745349977181,med,25195.413423961734,27441.299105115413,0.07651306074422506,1.1895562541969125
B02482,personal,15,established,B,0.0675559749735616,6000.0,0.5902713741230745,med,3541.628244738447,18957.699885253587,0.015568116852145715,0.910707513325164
B02483,personal,7,established,D,0.15168120490712034,3000.0,0.6142066244051086,med,1842.619873215326,35237.8095486249,0.0043575823261485696,-0.19742191766463293
B02484,salary_advance,20,loyal,B,0.04358930462557274,6500.0,0.513728398802155,med,3339.2345922140075,26080.234538453053,0.010669748730245615,1.3060278747595844
B02485,personal,16,established,E,0.24479293589571616,4000.0,0.6325195030097327,med,2530.078012038931,30970.53960985923,0.006807754627221877,-0.7006388678465361
B02486,salary_advance,47,loyal,B,0.05707090608405315,16000.0,0.3929456633814507,med,6287.130614103211,28704.39352146379,0.018252521196223823,1.2870425333606856
B02487,salary_advance,14,established,D,0.13869161452747833,3000.0,0.5697006468814165,med,1709.1019406442497,25420.851308778947,0.005602690483900844,-0.15723207818455875
B02488,personal,31,loyal,B,0.06478951812819692,60500.0,0.4464271041180787,med,27008.83979914376,13227.416281417349,0.1701569378360469,0.8594585159669379
B02489,personal,8,established,C,0.10897516117765706,22000.0,0.6480155930405829,med,14256.343046892824,29639.133239675164,0.04008310828910357,0.37850132528536523
B02490,salary_advance,9,established,C,0.09106261756911142,9000.0,0.6120662682015116,med,5508.596413813604,10199.817839682755,0.045005676411708495,0.41880362569506424
B02491,personal,24,loyal,B,0.05794554104333122,45500.0,0.5797999816713374,med,26380.899166045852,18590.78784951886,0.11825256044186694,1.1945397181593544
B02492,personal,29,loyal,E,0.35,8500.0,0.7748593974532083,high,6586.304878352271,35209.207613618295,0.015588500198181126,-1.1703990713606856
B02493,salary_advance,9,established,E,0.23124499145473904,41000.0,0.5722088511312045,med,23460.562896379382,51757.6820043664,0.03777307700655302,-0.71491621822094
B02494,salary_advance,16,established,C,0.11405321665764696,5000.0,0.5063578119274106,med,2531.789059637053,97946.71339503143,0.0021540531001331548,0.07994032644696569
B02495,personal,7,established,E,0.35,32000.0,0.6106507465682135,med,19540.823890182834,21257.399210307238,0.07660400854959687,-1.443263387673323
B02496,personal,14,established,E,0.18530459568267074,4500.0,0.42868640818210096,med,1929.0888368194544,16717.000145041853,0.009616402564665132,-0.40686451455470535
B02497,personal,26,loyal,D,0.13656855200940118,8000.0,0.4146064914966365,med,3316.8519319730917,35855.63272644893,0.007708811883844808,0.025369704922449776
B02498,salary_advance,12,established,B,0.04150968089667866,49500.0,0.5548393726994634,med,27464.548948623436,75243.35312581208,0.030417469680788962,1.6596837866666938
B02499,personal,14,established,D,0.13973435965172648,8500.0,0.423219962166624,med,3597.369678416304,62505.48775928523,0.00479607178955514,0.14253370229146237
B02500,personal,8,established,B,0.0647857597440466,6500.0,0.41290076303007645,med,2683.8549596954967,15225.187946764307,0.014689774652151755,1.029429576063878
B02501,salary_advance,11,established,C,0.08603598518233124,3500.0,0.526120906373063,med,1841.4231723057203,24902.412041447707,0.006162131233314687,0.6516747188097181
B02502,salary_advance,43,loyal,D,0.1580709723961886,5500.0,0.5204871571257326,med,2862.679364191529,42946.13803737978,0.005554786171343061,0.21433272876793463
B02503,salary_advance,17,established,C,0.11597853770552548,9000.0,0.6317409268907505,med,5685.668342016754,44615.701777418166,0.010619707329312375,0.48371680774651216
B02504,personal,9,established,C,0.09153953071765886,9500.0,0.5400491051106365,med,5130.466498551047,37254.35233219784,0.011476212794330198,0.7294263339321729
B02505,personal,13,established,B,0.05761069505457553,10500.0,0.4330071818533972,med,4546.575409460671,21019.13051231571,0.018025545057619066,1.193401326442581
B02506,salary_advance,6,new,C,0.10565638014539885,21000.0,0.6476733846630175,med,13601.141077923367,37072.50504185311,0.030573289338842718,0.21768993706556664
B02507,salary_advance,9,established,E,0.35,2000.0,0.7028994359038326,high,1405.7988718076654,44852.87386458456,0.0026118706760610193,-1.2975106438529442
B02508,personal,34,loyal,E,0.3411386872567935,13500.0,0.500961575617562,med,6762.981270837087,16113.117300144644,0.03497658225107678,-1.317802257421902
B02509,salary_advance,15,established,D,0.12936053211873608,8000.0,0.5895363038688688,med,4716.29043095095,55917.336459801845,0.0070286645870871415,0.023587389883113097
B02510,personal,46,loyal,E,0.35,6500.0,0.5937897720856987,med,3859.6335185570415,46424.27329007757,0.006928188720084167,-1.937901501147973
B02511,personal,15,established,A,0.03015556553461266,17500.0,0.4131974067850498,med,7230.954618738371,17888.640389390177,0.03368503913348961,1.7951044657368305
B02512,personal,16,established,C,0.10444398331334462,40000.0,0.7130999859703054,high,28523.999438812218,44743.45274379033,0.053125089984573014,0.5969332313997334
B02513,personal,23,loyal,E,0.18283939955325562,3000.0,0.5930234332874982,med,1779.0702998624945,42075.146903328234,0.0035235969267678824,-0.23566700949724473
B02514,personal,3,new,E,0.35,5000.0,0.624086928588402,med,3120.4346429420098,42964.69277033684,0.006052323512125717,-1.4596475940087958
B02515,salary_advance,18,established,B,0.04843805289595466,47000.0,0.5128675711927694,med,24104.77584606016,64009.39701624293,0.03138181914126266,1.37811909597611
B02516,personal,16,established,E,0.27777831859080376,8500.0,0.7017470035940009,high,5964.849530549008,26748.83022634163,0.018582898392428146,-1.1136371556510056
B02517,personal,37,loyal,D,0.16881932251451479,2500.0,0.5241067661732617,med,1310.2669154331543,32284.31293866881,0.0033821041763180157,-0.6182267636010524
B02518,personal,27,loyal,D,0.15434971623594132,11000.0,0.5298959868699137,med,5828.855855569051,6302.48613829563,0.07707085383537945,-0.3659459400266918
B02519,personal,8,established,C,0.11832680776945935,20500.0,0.6235676418178007,med,12783.136657264913,49697.13095306428,0.021435068135250698,0.11408741457432525
B02520,personal,32,loyal,B,0.057236546864729905,6500.0,0.3702703796508089,med,2406.7574677302578,47135.06720722142,0.004255072373804256,1.0207974391473984
B02521,personal,14,established,B,0.05894663506275322,15500.0,0.6098974604398131,med,9453.410636817103,56716.41010206942,0.01388988157602053,1.192672233415663
B02522,personal,9,established,B,0.07132568882008768,25000.0,0.36281782743840907,med,9070.445685960227,16071.869328131483,0.047030650784783135,1.0449712989467017
B02523,salary_advance,18,established,C,0.10741484414265656,8500.0,0.5256735617900301,med,4468.225275215256,45666.71443608735,0.00815368722856254,0.3507737092347416
B02524,salary_advance,14,established,B,0.059883311868390576,6500.0,0.3508808029551595,med,2280.7252192085366,47113.37043340844,0.004034108219930525,1.3705219737563339
B02525,personal,38,loyal,D,0.15615957759109805,7500.0,0.47408052164661535,med,3555.6039123496153,18807.21521069447,0.015754609212992224,-0.2709996139763603
B02526,salary_advance,19,loyal,E,0.28698050887017257,6000.0,0.7355929039321618,high,4413.557423592971,48087.63886582499,0.007648461447489931,-1.0708660144619664
B02527,salary_advance,18,established,D,0.17730900516017215,7500.0,0.680181779734759,med,5101.363348010693,34706.15719832608,0.012248939284892311,-0.32113107171050814
B02528,salary_advance,26,loyal,D,0.16961608061099837,12000.0,0.6800009215313381,med,8160.011058376057,10573.366505826778,0.06431262182736243,-0.05626051427628742
B02529,salary_advance,29,loyal,D,0.13188110012627507,8000.0,0.41791055318385917,med,3343.2844254708734,37103.420876498836,0.00750893122182097,0.11801292820082321
B02530,salary_advance,25,loyal,D,0.1677028112280567,19000.0,0.47373299211798764,med,9000.926850241765,17641.973948002076,0.042516627659179386,-0.20937472924188916
B02531,salary_advance,35,loyal,C,0.09163913361170123,21500.0,0.583810323232938,med,12551.921949508167,10702.5514678527,0.09773309653629814,0.2888904224202879
B02532,salary_advance,22,loyal,B,0.043127857819286256,27000.0,0.5749773880673561,med,15524.389477818615,32912.384732632,0.03930736510468879,1.370017214093578
B02533,personal,18,established,B,0.04337303036821459,11500.0,0.41207172764256406,med,4738.824867889487,25953.66503981723,0.015215657276853908,1.7152571026625716
B02534,salary_advance,32,loyal,E,0.21716630497766282,4000.0,0.5555982759586167,med,2222.3931038344667,58226.59360014198,0.003180667352642235,-0.9753464742590231
B02535,personal,15,established,E,0.35,8000.0,0.528873125810727,med,4230.985006485816,29730.99896202983,0.011859072893047051,-1.2877346269007441
B02536,salary_advance,16,established,E,0.20589963654937388,2500.0,0.7373934838011644,high,1843.483709502911,41282.15609212589,0.003721308599186221,-0.44144625872816756
B02537,personal,42,loyal,B,0.05200502785964645,10500.0,0.46534537961538536,med,4886.126485961547,35590.89591205909,0.011440487707012186,1.1657418774365929
B02538,personal,40,loyal,C,0.11001361637680804,3000.0,0.5592862501430128,med,1677.8587504290385,47170.62117651479,0.0029641662341594785,0.19505255702695032
B02539,personal,16,established,E,0.28902709856551084,6500.0,0.6193022702220284,med,4025.464756443185,16522.460228461478,0.020302993121594098,-0.7241092231036228
B02540,personal,12,established,C,0.09997411823596905,14000.0,0.6421539690451783,med,8990.155566632497,30007.2754595931,0.02496659956887892,0.7167330077054214
B02541,personal,36,loyal,B,0.048760382652184346,10500.0,0.41094383754337926,med,4314.910294205482,24899.307063993492,0.014441199384638058,1.356390266341969
B02542,personal,25,loyal,C,0.10872170417547122,9000.0,0.6602658551003329,med,5942.392695902996,38542.84894906455,0.012848022521108117,0.38124004057636984
B02543,personal,19,loyal,D,0.17607914972524824,4500.0,0.45983278726312804,med,2069.247542684076,30967.612901267552,0.005568310859911804,-0.4162192266205438
B02544,personal,13,established,C,0.11820699731404175,5500.0,0.6648202318178846,med,3656.5112749983655,19192.58285431148,0.015876407840963398,0.27027956723539276
B02545,personal,19,loyal,C,0.11478115555533326,8500.0,0.38847214799788615,med,3302.0132579820324,22340.05541268781,0.012317237644013362,0.16673179154743314
B02546,salary_advance,16,established,D,0.1296090128169369,20500.0,0.5514755310076843,med,11305.248385657529,66614.42933186254,0.014142642091020764,0.1089867562145394
B02547,personal,11,established,E,0.25107062601584273,30500.0,0.7412681492314711,high,22608.678551559868,10594.675949267046,0.177830502318824,-0.5124002186018363
B02548,personal,17,established,B,0.06910123905125902,43000.0,0.5925955201970057,med,25481.607368471243,39741.47329522007,0.05343202213294237,0.9249832473220889
B02549,personal,19,loyal,B,0.07518781610087101,3500.0,0.5765456461725063,med,2017.9097616037718,53252.25676319668,0.0031577844211952955,0.6498802263267939
B02550,personal,13,established,B,0.05288496094843633,6500.0,0.41379989193683075,med,2689.6992975894,36988.42977268162,0.006059776246516775,1.0357008818896303
B02551,personal,27,loyal,A,0.03708296484440037,11500.0,0.41682327565596794,med,4793.467670043631,79543.11957640291,0.005021875446896657,1.7363261454781256
B02552,salary_advance,33,loyal,B,0.05012702759995303,15500.0,0.6414066703305282,med,9941.803390123188,45079.532871633935,0.018378265325036634,1.2089807688666405
B02553,salary_advance,28,loyal,D,0.12238845921969364,12500.0,0.6019511581357366,med,7524.389476696708,33231.98326569296,0.01886834292669825,0.243522885114848
B02554,personal,14,established,B,0.050825099637560996,25000.0,0.6047898309289619,med,15119.745773224047,20812.28555217177,0.060540146409045315,1.0403262322197848
B02555,salary_advance,24,loyal,B,0.061238954153264136,10500.0,0.5194370242716049,med,5454.088754851851,33572.65233536906,0.01353802469037655,1.2156647022783544
B02556,personal,17,established,A,0.015188864207365338,13000.0,0.4266326363618852,med,5546.224272704508,39140.97127715459,0.011808223990815289,2.603367776807639
B02557,personal,8,established,C,0.11338287554054106,54000.0,0.6264087099137894,med,33826.07033534463,26955.030877303954,0.10457562476715639,0.3101028884946864
B02558,personal,23,loyal,B,0.0582069762638899,6500.0,0.54194903143155,med,3522.668704305075,17880.130813919623,0.016417985327614276,1.0976880390140837
B02559,personal,17,established,D,0.143182860701348,21500.0,0.5399257762360531,med,11608.404189075141,13872.691323853103,0.06973174802015115,0.2904238912960317
B02560,personal,60,loyal,C,0.11608452819110503,13000.0,0.4127288569466556,med,5365.475140306523,29791.362663067946,0.015008475222020331,0.30090140813188193
B02561,salary_advance,36,loyal,D,0.1272265798188902,5500.0,0.639108145699205,med,3515.0948013456277,11918.249618130687,0.024577817730314155,0.4912084504124336
B02562,salary_advance,24,loyal,B,0.06891376826511605,44000.0,0.5631191735423794,med,24777.243635864692,20757.26367019554,0.09947218168035504,1.044243844658567
B02563,personal,18,established,C,0.11617221781203366,22500.0,0.48435633912717074,med,10898.017630361343,7062.417832266878,0.12859167461236765,0.5211757518138552
B02564,personal,17,established,B,0.05664978284498931,26000.0,0.6287522802710137,med,16347.559287046357,42538.302795800715,0.03202517537649259,1.154387899644425
B02565,personal,9,established,C,0.11808431873430496,5500.0,0.5769437376551424,med,3173.190557103283,50752.9838395748,0.005210187193350422,0.3088505583037643
B02566,personal,6,new,E,0.2272776041120254,4500.0,0.6197369147139635,med,2788.816116212836,28097.09398708805,0.008271365826107702,-0.46288917542522895
B02567,personal,10,established,E,0.19997828096719902,11000.0,0.668758539575846,med,7356.343935334306,73666.42914296122,0.008321682867078854,-0.3268539965989834
B02568,salary_advance,16,established,E,0.29041803976525565,2500.0,0.6810566980199925,med,1702.6417450499812,56447.298601406816,0.0025136156309163433,-0.9729369429031808
B02569,salary_advance,5,new,A,0.03692572795218957,4000.0,0.5216740538423615,med,2086.6962153694462,35027.26871717867,0.004964456483456971,1.6612138435723098
B02570,personal,12,established,E,0.20362033155171064,7000.0,0.576287665425749,med,4034.0136579802434,25279.07105891154,0.013298265749095985,-0.5411736135208487
B02571,personal,14,established,B,0.07931613874373358,3500.0,0.7084788529047416,high,2479.6759851665956,22199.63296496945,0.009308246931677774,0.9674404601379066
B02572,salary_advance,14,established,C,0.1061503080064914,14000.0,0.46644356677583576,med,6530.2099348617,36657.38145155077,0.01484514549839603,0.6265508574425336
B02573,salary_advance,11,established,B,0.07983423096500643,9500.0,0.608317664277369,med,5779.017810635006,24892.584765227934,0.019346517129295287,0.6537318308394069
B02574,personal,13,established,D,0.1404287890540369,3000.0,0.5632316185819712,med,1689.6948557459136,36370.98465581325,0.003871435045764899,-0.11744787527233685
B02575,personal,42,loyal,D,0.1671459529212946,7000.0,0.6279957828815131,med,4395.970480170592,37886.4757723384,0.009669172597336543,-0.38779888862667333
B02576,salary_advance,23,loyal,E,0.18395327679965526,3000.0,0.6938384557800001,med,2081.5153673400005,23711.878727861364,0.0073153045330476354,-0.21853540049197506
B02577,salary_advance,12,established,A,0.023983419576330947,4500.0,0.4441318941203352,med,1998.5935235415084,49152.46115041991,0.0033884256535077458,2.0784653888049367
B02578,personal,15,established,D,0.14501752107653684,8000.0,0.6215539379233792,med,4972.431503387033,23725.289095323955,0.017465300013165614,0.11396107883724602
B02579,salary_advance,16,established,B,0.04870122342166728,11000.0,0.5272936821986488,med,5800.230504185137,27220.787364844015,0.017756743606898155,1.4752677461876509
B02580,personal,10,established,B,0.04483330169962119,6500.0,0.4398329646783347,med,2858.9142704091755,15714.851031776807,0.015160363619463102,1.384906937645251
B02581,salary_advance,10,established,E,0.18039092129705192,12000.0,0.6905222721585001,med,8286.267265902003,23182.68159107694,0.029786125882188003,-0.060846930099214214
B02582,personal,28,loyal,B,0.061842980259389856,9500.0,0.5967329614792534,med,5668.963134052907,88168.86285286845,0.005358054751060448,0.8235057659278442
B02583,personal,13,established,D,0.1694782849842449,8000.0,0.5260183657992326,med,4208.146926393861,16395.913191561074,0.02138819024202416,0.045010775491347736
B02584,personal,9,established,E,0.31679601641916155,5500.0,0.7258001715317549,high,3991.900943424652,34226.03183253442,0.009719456043859499,-1.1572138030168888
B02585,personal,16,established,D,0.12418723163773103,11500.0,0.48933855428264494,med,5627.393374250417,20952.848155759566,0.02238117912983088,-0.18547997590425605
B02586,personal,17,established,C,0.11298581881844481,9000.0,0.5391181962355952,med,4852.063766120357,7961.352481696212,0.05078768313628915,0.5875065902392275
B02587,personal,5,new,E,0.2824191604713432,4000.0,0.5736782691876436,med,2294.7130767505746,36586.46831318224,0.005226688952109518,-0.8490292550108578
B02588,personal,16,established,D,0.16964926339462255,11000.0,0.6534130863006646,med,7187.543949307311,19813.754705185143,0.030229605881759724,-0.32484319537186124
B02589,personal,26,loyal,C,0.10551960147868483,21000.0,0.5067224665995668,med,10641.171798590902,32063.470452766032,0.027656529503116933,0.2266331446143549
B02590,salary_advance,21,loyal,A,0.015,5000.0,0.5204046231901981,med,2602.0231159509904,46367.09974128932,0.004676489598712026,2.8615293313101033
B02591,salary_advance,56,loyal,E,0.35,8500.0,0.6846860056814553,med,5819.83104829237,30608.380142194073,0.01584487380377477,-1.0840489371044395
B02592,salary_advance,32,loyal,B,0.047317382726891136,26500.0,0.4714841120125187,med,12494.328968331745,32227.14424034207,0.03230798462716225,1.251643299027259
B02593,personal,36,loyal,C,0.10772429148885272,3000.0,0.7238719978143465,high,2171.6159934430398,16691.135380043124,0.010842162341452358,0.14666092274783515
B02594,personal,60,loyal,D,0.174328512262386,33000.0,0.5062918259977586,med,16707.630257926034,39686.007493776335,0.03508295768255803,-0.24065490850243365
B02595,salary_advance,24,loyal,B,0.079658967763216,9000.0,0.402611688543897,med,3623.505196895073,24237.923987010312,0.012458111782582937,0.47212429284373464
B02596,personal,17,established,B,0.07484776393526524,14000.0,0.6176905158453146,med,8647.667221834405,8963.035803916413,0.08040121125455983,0.667376243833423
B02597,personal,28,loyal,B,0.06871488232162244,45000.0,0.3112923700102686,low,14008.156650462088,42403.42582822436,0.02752953009663441,1.1245235940205607
B02598,salary_advance,12,established,C,0.10101630438123722,56500.0,0.6828352617101948,med,38580.19228662601,50168.39717611097,0.06408448754301477,0.5360171224347531
B02599,salary_advance,17,established,B,0.043760132084420894,11000.0,0.5115405547781972,med,5626.946102560169,60755.770877359275,0.007717985772246833,1.442741316456627
B02600,personal,11,established,B,0.05336482046030484,16000.0,0.3694827245422482,med,5911.72359267597,88783.19373464813,0.005548838828612004,1.2688329951005763
B02601,salary_advance,20,loyal,A,0.03924896884949852,7000.0,0.4025821263200143,med,2818.0748842401,41169.130763553636,0.005704263590976146,1.5663759419506142
B02602,personal,11,established,E,0.2066830956103423,4500.0,0.4333085156587619,med,1949.8883204644285,35692.10035721683,0.00455256742376554,-0.5461924511472189
B02603,salary_advance,11,established,B,0.06710419076558756,24000.0,0.5646458896790484,med,13551.50135229716,49038.023113140014,0.023028900996938776,0.8444415492128765
B02604,personal,20,loyal,B,0.06590545412592053,10000.0,0.3934834421244851,med,3934.834421244851,16517.119530722077,0.019852303413265666,0.8992006591385695
B02605,personal,15,established,E,0.23177510388915476,16000.0,0.6545427230582079,med,10472.683568931327,10725.90167872099,0.08136599205227334,-0.8156314336465517
B02606,personal,5,new,E,0.35,1500.0,0.6320417969969748,med,948.0626954954622,20694.953459889097,0.0038176082288732646,-1.9194388940542582
B02607,personal,7,established,E,0.35,3000.0,0.6196989658917366,med,1859.0968976752097,54311.1213238198,0.0028525417575016475,-2.0227756213745556
B02608,salary_advance,8,established,C,0.1149283656319648,5500.0,0.5982609414745034,med,3290.4351781097685,18702.18193961075,0.014661547641582529,0.4198554901121516
B02609,personal,10,established,C,0.10036385661373305,8500.0,0.6117989887084984,med,5200.291404022236,34755.24668067184,0.0124688402008337,0.29803971486691816
B02610,salary_advance,20,loyal,D,0.16629105920675738,2500.0,0.6913063943303464,med,1728.265985825866,36875.90060364278,0.003905590456854133,-0.4317815776524143
B02611,salary_advance,18,established,B,0.04696634308889051,11000.0,0.44042608053481297,med,4844.686885882943,30771.549532427,0.013120038259089566,1.3960323325513624
B02612,personal,29,loyal,D,0.12498008000558827,57000.0,0.5418353442580427,med,30884.614622708432,13323.733593863975,0.19316791851879908,0.5522181492964122
B02613,salary_advance,24,loyal,A,0.023232635854009004,30500.0,0.4115812446690345,med,12553.227962405552,32483.519921192652,0.032204094037172754,2.0994526149153527
B02614,personal,29,loyal,B,0.07733360426993402,14500.0,0.546931790907846,med,7930.510968163768,21335.88327270056,0.03097485609415775,0.770535869983591
B02615,personal,22,loyal,E,0.22788218213084363,4000.0,0.5256213521456595,med,2102.4854085826382,68636.08224708843,0.002552696943732083,-0.6663335718791513
B02616,personal,18,established,C,0.09922769462655029,9000.0,0.5028082137516546,med,4525.273923764892,50276.0024921632,0.007500718864283665,0.45828121329014887
B02617,salary_advance,30,loyal,B,0.044115513639904264,16500.0,0.46044307742439644,med,7597.310777502541,21753.692848598203,0.029103529035960547,1.4201106948721014
B02618,salary_advance,27,loyal,D,0.14200232534372376,3000.0,0.5885535595759432,med,1765.6606787278297,71051.13181028973,0.0020708803103496377,0.20237641411299423
B02619,salary_advance,20,loyal,E,0.24166877744874393,6500.0,0.6048775502925566,med,3931.704076901618,32501.492005008895,0.010080829715693494,-0.6920929973098752
B02620,salary_advance,33,loyal,C,0.08348734160003324,42500.0,0.5785246601569707,med,24587.298056671254,10727.86571573206,0.19099246383350044,0.8502960643066062
B02621,salary_advance,4,new,E,0.29715655139798247,2000.0,0.6120425976222493,med,1224.0851952444987,25769.118444254666,0.0039585017168661096,-1.0008446353161848
B02622,personal,14,established,B,0.06794696359643411,45000.0,0.4585799565238388,med,20636.098043572747,66131.65854205581,0.026003806268835437,1.1208876630611317
B02623,salary_advance,13,established,E,0.18038534233881048,5000.0,0.5927347567906074,med,2963.673783953037,17138.605397218424,0.014410321587163863,-0.057176680426592574
B02624,personal,30,loyal,A,0.03210057170147275,7500.0,0.384731408161223,med,2885.4855612091724,25912.170794955084,0.00927969840904181,2.124601106493299
B02625,personal,39,loyal,E,0.35,3000.0,0.7029294600160814,high,2108.788380048244,12734.683384027108,0.013799507981834741,-1.7241586675188358
B02626,personal,7,established,D,0.15033512078473424,36000.0,0.5351325456601267,med,19264.77164376456,13896.285711432944,0.11552710345179254,0.134795604145148
B02627,personal,35,loyal,A,0.03060820465999579,17500.0,0.5056754987763195,med,8849.32122858559,17003.392141231096,0.04337037160527857,1.8293926401013203
B02628,personal,8,established,E,0.2857441247407691,9500.0,0.6374763146352547,med,6056.02498903492,13696.984325571268,0.036845245427058256,-0.8903043158872967
B02629,personal,8,established,D,0.1739174526971855,7500.0,0.7214081102207439,high,5410.560826655579,19147.917719329915,0.02354721152957532,-0.15920093562703552
B02630,personal,14,established,E,0.23696790094802933,18000.0,0.6298498650928449,med,11337.297571671208,69986.37130798041,0.013499411099365519,-0.40303571436404395
B02631,personal,13,established,E,0.20361183793728463,6500.0,0.6067469801826239,med,3943.855371187055,26374.689249526844,0.012460985271001208,-0.6837676421522828
B02632,salary_advance,6,new,C,0.09781544799319258,14000.0,0.4707250214406922,med,6590.150300169691,41441.45285253731,0.013251929019838486,0.5946226411142813
B02633,salary_advance,23,loyal,E,0.1917696502291912,10500.0,0.6678888637089593,med,7012.833068944073,49038.59692139796,0.011917199765769309,-0.5454216009991038
B02634,personal,23,loyal,D,0.12251839929238556,21500.0,0.5274280154072155,med,11339.702331255134,14623.132100517898,0.06462194198722951,0.2890312186697744
B02635,personal,29,loyal,B,0.06844612397996969,14500.0,0.37440428927069236,med,5428.862194425039,17028.91691808082,0.02656687944659606,0.9159942376845734
B02636,personal,12,established,D,0.17577337130176618,3000.0,0.5602349034763057,med,1680.704710428917,40994.791461966095,0.0034165005083394377,-0.2150937113866431
B02637,personal,16,established,E,0.23841713845072468,15000.0,0.6331687675877365,med,9497.531513816048,18980.062155874683,0.041699597871954215,-1.0002041999857756
B02638,salary_advance,16,established,B,0.05446597821073423,6500.0,0.42379904204611657,med,2754.6937732997576,39528.331398922055,0.005807424860031065,1.3801853986015016
B02639,personal,41,loyal,B,0.061237113772030345,64000.0,0.5034519178054726,med,32220.922739550246,67678.7369196141,0.03967386238534179,1.13025696161685
B02640,salary_advance,3,new,E,0.29066387385426623,6000.0,0.6160739095185923,med,3696.443457111554,12082.814248221697,0.025493808679929994,-1.0411871713037413
B02641,salary_advance,9,established,E,0.3307102801822976,2500.0,0.6188354225034987,med,1547.0885562587466,22107.809816370747,0.005831606451554862,-0.9441075650225413
B02642,personal,16,established,E,0.2595638357557236,4000.0,0.7244068160740018,high,2897.627264296007,24123.71703770835,0.010009607487680615,-0.9519244159938243
B02643,salary_advance,9,established,B,0.07518497201934692,10000.0,0.3962005381908904,med,3962.005381908904,20140.71066530178,0.01639302210561438,0.8952731654872153
B02644,personal,14,established,C,0.1172021146147071,8500.0,0.7370682705186881,high,6265.080299408848,19256.69933036739,0.027112124253163825,0.27557289896254566
B02645,salary_advance,15,established,B,0.06069012494627207,25500.0,0.5115475781187083,med,13044.463242027063,20523.65806944835,0.05296514879676484,1.140082712445714
B02646,salary_advance,11,established,E,0.18437217803814301,12000.0,0.6273098255652709,med,7527.717906783251,26678.468630397878,0.023513711909629777,0.023849781949385085
B02647,salary_advance,17,established,E,0.21384461101797653,4500.0,0.6092752879931617,med,2741.7387959692273,29456.993786374725,0.007756332321430497,-0.5747342375001071
B02648,salary_advance,23,loyal,A,0.03544750169271399,11500.0,0.32672992191233163,low,3757.394101991814,45450.357413297555,0.00688919060236862,1.668846488414499
B02649,salary_advance,14,established,E,0.20645408810089907,19000.0,0.4777929340732246,med,9078.065747391267,26534.066963346882,0.02851072472208196,-0.203448513451164
B02650,salary_advance,12,established,C,0.09093933764346022,39500.0,0.48882114035593355,med,19308.435044059373,49761.46762330177,0.03233498388456196,0.5365480558539786
B02651,personal,15,established,E,0.3266577827013951,5000.0,0.729740334633581,high,3648.701673167905,19428.764590828505,0.015649912856915523,-1.5499248391153742
B02652,salary_advance,16,established,D,0.15131970542399473,33000.0,0.4390306507644423,med,14488.011475226596,13894.528927704072,0.08689278318712428,-0.2198104243227993
B02653,salary_advance,6,new,B,0.041388810340533155,4000.0,0.4193335053281169,med,1677.3340213124677,22751.47553764512,0.006143682192308479,1.3593963209415132
B02654,personal,21,loyal,D,0.1417097425865783,11000.0,0.5948944615652256,med,6543.839077217482,34695.69726135164,0.01571722046666869,-0.31627456666985754
B02655,salary_advance,12,established,B,0.0549777196256373,26000.0,0.5601955851851301,med,14565.085214813384,43185.35390318282,0.02810575789087126,1.1645038214514996
B02656,personal,32,loyal,E,0.35,4500.0,0.6988318282058807,med,3144.743226926463,60061.749606621146,0.004363208486159648,-1.9310196961881938
B02657,personal,22,loyal,E,0.18430659576315964,3000.0,0.4806247071125507,med,1441.874121337652,31558.876238824632,0.0038073655053128316,-0.15939165964318602
B02658,personal,31,loyal,D,0.13011545670371075,12500.0,0.3992872896590962,med,4991.091120738703,40707.36458958536,0.01021742046568078,0.22864535412186746
B02659,personal,9,established,A,0.03940787916955623,11500.0,0.5433773688308335,med,6248.839741554586,57115.376611369225,0.009117275872534341,1.7425403033424056
B02660,salary_advance,13,established,E,0.22482298460313463,4000.0,0.7327305090852563,high,2930.922036341025,17525.534417618488,0.013936436813183843,-0.8190628800144518
B02661,personal,8,established,C,0.09642406784489639,6000.0,0.5023605808249254,med,3014.1634849495526,23966.743247334398,0.01048036805920217,0.6709932954470896
B02662,personal,11,established,B,0.07658290888153012,15000.0,0.40657970884030364,med,6098.695632604555,123500.7200988544,0.00411515524479192,1.0569317812487937
B02663,personal,32,loyal,E,0.18731556671773333,4500.0,0.5423803435325344,med,2440.711545896405,43088.6076836146,0.0047203342080149166,-0.3214896472442744
B02664,personal,37,loyal,D,0.1468997089607131,8000.0,0.6051817935914644,med,4841.454348731715,35627.93035556684,0.011324107941003001,0.026476051227310227
B02665,salary_advance,8,established,C,0.08259587773150313,56000.0,0.5185655507317833,med,29039.670840979867,43981.74605255116,0.05502220323836564,0.4916287738119035
B02666,salary_advance,12,established,E,0.33624514235184816,8500.0,0.7503955069615148,high,6378.361809172876,12905.096242566362,0.04118761617687122,-1.1314849671925296
B02667,personal,15,established,E,0.2412135595969156,7000.0,0.6811062956133038,med,4767.744069293127,18849.571570832835,0.02107803905682471,-0.45510321186135666
B02668,personal,22,loyal,B,0.04006923324013005,11500.0,0.5105866767734013,med,5871.746782894115,15417.155567977241,0.03173816530230691,1.6761120409464159
B02669,personal,6,new,C,0.08839348462114059,5500.0,0.3507075288416594,med,1928.8914086291268,33868.29401202158,0.004746059859467346,0.5226548108644206
B02670,personal,6,new,D,0.15563640757303907,7500.0,0.5061060578470961,med,3795.7954338532204,21961.993370588756,0.01440289507499998,-0.1567512894832428
B02671,personal,21,loyal,C,0.09119134213210163,5500.0,0.4873591657798719,med,2680.4754117892953,28352.306646029294,0.007878475418991152,0.5130723618364833
B02672,personal,5,new,C,0.11401833285741954,3000.0,0.48094098111232575,med,1442.8229433369772,22673.249308214523,0.005302956080252696,0.2309053655297716
B02673,personal,12,established,C,0.08632535642034421,3500.0,0.5507322360361444,med,1927.5628261265053,10998.088235274861,0.014605287034826891,0.7724101479101136
B02674,personal,17,established,E,0.21667852815480199,10500.0,0.6168922798924574,med,6477.368938870803,43771.449259624955,0.01233179970131346,-0.5564141473791021
B02675,personal,20,loyal,A,0.0357802792895701,7500.0,0.32257832787140056,low,2419.3374590355043,10206.621543405066,0.019753005836676205,1.9347209432796695
B02676,personal,15,established,B,0.053999894418683615,6500.0,0.586953868250218,med,3815.2001436264172,18030.03564901281,0.017633539472208925,1.316348201204661
B02677,salary_advance,13,established,B,0.05717401706742409,25000.0,0.5202259185487194,med,13005.647963717984,13049.306192430773,0.08305453033243691,1.0272576303532128
B02678,salary_advance,26,loyal,D,0.1423279476652909,5000.0,0.6054352874770592,med,3027.176437385296,16583.149300275163,0.015212110712363638,-0.09295986584589111
B02679,personal,19,loyal,E,0.20468991796861968,10000.0,0.6667026431152473,med,6667.026431152473,30062.150757029784,0.01848123044887112,-0.6202239067705931
B02680,salary_advance,11,established,D,0.13612467270676887,8000.0,0.48944282379874393,med,3915.5425903899513,53064.45726115264,0.006149035205617811,0.023396203403406757
B02681,salary_advance,16,established,D,0.1323953887360014,9000.0,0.6699911885576797,med,6029.920697019117,11400.959027761168,0.04407465987683105,0.41076509764441077
B02682,personal,20,loyal,E,0.35,2000.0,0.6279789847849558,med,1255.9579695699117,19801.94788619525,0.0052854984132036315,-1.3684918655590521
B02683,personal,42,loyal,C,0.08054248839842017,3500.0,0.670641118087378,med,2347.2439133058233,10280.720651946744,0.019026259545833753,0.8946931335452561
B02684,personal,25,loyal,A,0.03854844730626883,28500.0,0.4033759710581464,med,11496.215175157171,19283.852870250495,0.049679798830089966,1.687462263848472
B02685,salary_advance,32,loyal,B,0.0418163979971936,10500.0,0.6450236283725854,med,6772.748097912147,27988.266219828874,0.020165438987648127,1.3264741398308773
B02686,personal,11,established,E,0.23283821203574204,2500.0,0.5140546507366711,med,1285.1366268416778,41023.18451882126,0.0026105900884983357,-0.6760528028042351
B02687,salary_advance,12,established,D,0.1764250808720855,7000.0,0.7980877835109516,high,5586.614484576661,8389.958956044964,0.055489092317028026,-0.4444033974004906
B02688,personal,14,established,D,0.14060233012156298,8500.0,0.46122546190304925,med,3920.416426175919,36417.45606724311,0.00897101017283455,0.2998523441740787
B02689,personal,15,established,D,0.12891259612102943,5000.0,0.6704202824863212,med,3352.101412431606,15757.126136051655,0.017727965236641597,-0.15330371533817977
B02690,salary_advance,9,established,C,0.08192970425778366,9500.0,0.4942629984122751,med,4695.498484916614,13781.674757270612,0.028392161859957507,0.793041174255908
B02691,personal,32,loyal,B,0.05827176450546801,10000.0,0.5902228325190808,med,5902.228325190808,27920.549343246574,0.01761614194570053,1.0017213726056347
B02692,salary_advance,26,loyal,A,0.033341763779707975,17500.0,0.48105339519432294,med,8418.434415900652,37984.3863016855,0.018469067678314043,1.841890528894662
B02693,salary_advance,13,established,E,0.2620608080470888,16000.0,0.5029641573287207,med,8047.426517259531,25457.098325341394,0.0263430995892695,-0.7821234289295219
B02694,salary_advance,23,loyal,B,0.07780286177217989,10000.0,0.26394317803990475,low,2639.4317803990475,14746.752167457258,0.014915328193551184,0.971618947849312
B02695,personal,18,established,E,0.18240318619465518,18000.0,0.7939262015386227,high,14290.671627695208,25449.730928568064,0.046793787551251714,-0.3634750039613235
B02696,salary_advance,24,loyal,C,0.09626096689077844,9500.0,0.5447884827511015,med,5175.490586135464,18054.52828071446,0.02388823875496392,0.6513649560646386
B02697,personal,7,established,B,0.06697465885779219,9500.0,0.2547217188695953,low,2419.8563292611557,37504.56212498488,0.00537680438537256,0.864408852668744
B02698,personal,15,established,B,0.06976360838741197,15000.0,0.552297120393431,med,8284.456805901465,48603.30478249006,0.014204206968669005,0.9731258730512434
B02699,salary_advance,15,established,B,0.04165262237072424,17000.0,0.5583317848010715,med,9491.640341618215,46924.917108558424,0.016856077265694797,1.748443650383654
B02700,salary_advance,23,loyal,B,0.06011846598002264,4000.0,0.44218189253172085,med,1768.7275701268834,26612.55367505174,0.005538512612392269,1.1755902503682676
B02701,personal,11,established,D,0.1435776952316191,48500.0,0.5012373852408075,med,24310.013184179166,49884.38847159582,0.04061058968716117,-0.11001679075579433
B02702,personal,4,new,E,0.2092570317818409,29500.0,0.5955900605644198,med,17569.906786650383,15343.709160840708,0.09542405187295065,-0.6028784694503837
B02703,salary_advance,9,established,E,0.35,3500.0,0.7434067025483622,high,2601.9234589192674,71723.69762813165,0.003023086679581541,-1.3847550023946686
B02704,salary_advance,15,established,A,0.03229385583818192,11500.0,0.5006676793815125,med,5757.678312887393,15296.508174292429,0.031367062378348576,1.6897350448986037
B02705,personal,17,established,D,0.15868652468346733,18500.0,0.7135969343578884,high,13201.543285620935,8808.165300447428,0.12489872403725152,-0.32189841378567
B02706,salary_advance,41,loyal,B,0.05856466209932909,46000.0,0.6209036308290162,med,28561.567018134745,57010.45922859962,0.04174901618141248,1.2558970600029105
B02707,personal,22,loyal,B,0.05824874752254658,10000.0,0.4939405429717052,med,4939.405429717052,18204.535919122118,0.02261069004844685,1.0789965257424328
B02708,personal,17,established,E,0.27699022071566576,2000.0,0.4742934194311171,med,948.5868388622341,28687.202184415244,0.0027555459305635605,-1.2453155090501393
B02709,salary_advance,16,established,E,0.24786477994984596,10500.0,0.5791453635641873,med,6081.026317423967,15260.996042834982,0.03320570896527972,-0.5733463924596346
B02710,salary_advance,30,loyal,A,0.01950461252205433,4500.0,0.5189390047463943,med,2335.2255213587746,98713.98170858875,0.0019713734914915937,2.297019907055494
B02711,personal,11,established,C,0.11137378743070547,13000.0,0.5587471447783781,med,7263.712882118914,73276.82845041183,0.008260584138857349,0.29043551568354414
B02712,personal,15,established,E,0.1979065326642637,7000.0,0.6547107466473711,med,4582.975226531597,62982.02594289237,0.0060638665792881845,-0.580585664298516
B02713,personal,9,established,D,0.14966161005843043,11500.0,0.654561483230045,med,7527.457057145518,28242.88243145204,0.022210483990716717,-0.12634701112754376
B02714,salary_advance,35,loyal,A,0.02949790584902591,7500.0,0.5378417081294924,med,4033.812810971193,46137.648979355785,0.0072858300112201855,1.8362369048328389
B02715,personal,20,loyal,B,0.05588112480960956,10500.0,0.47942711380442177,med,5033.984694946428,26129.529833371053,0.016054583731664036,1.3343144797343043
B02716,personal,11,established,E,0.35,7500.0,0.6905871384256378,med,5179.403538192283,49871.787471387805,0.008654531617974364,-1.4660817622396431
B02717,salary_advance,15,established,A,0.03425414177175037,7500.0,0.6928927493088063,med,5196.695619816047,21464.696687019503,0.020175359318256293,1.9842838436718924
B02718,personal,21,loyal,B,0.04510531112551103,6500.0,0.3593189370292519,med,2335.573090690137,64317.52532290102,0.00302609731816818,1.3661480309986795
B02719,personal,14,established,E,0.20579799333214463,5000.0,0.6273079915842593,med,3136.5399579212967,20879.44012526568,0.012518454913476702,-0.1524752493415862
B02720,personal,12,established,E,0.2548836448639767,14000.0,0.7753901635789913,high,10855.462290105877,22225.376544450937,0.04070220613358662,-1.1917224430867204
B02721,salary_advance,11,established,A,0.03800916604195903,11000.0,0.386645999969039,med,4253.105999659429,20814.581712007643,0.017027750299068268,1.4040086400609253
B02722,personal,19,loyal,C,0.09262467086916047,14500.0,0.6260453424945847,med,9077.657466171477,29907.028558308466,0.025294102824004377,0.8764275002946196
B02723,personal,13,established,E,0.35,5000.0,0.740305433837602,high,3701.52716918801,21730.939041828104,0.014194536040923203,-1.4577983780777652
B02724,personal,12,established,D,0.1748660155213176,19000.0,0.43327691626074494,med,8232.261408954153,35171.47145902519,0.019505063496667436,-0.23207807535837705
B02725,salary_advance,7,established,A,0.015,13000.0,0.49275519316406435,med,6405.817511132836,20649.72248114744,0.025851104120895373,3.4761729427924886
B02726,salary_advance,17,established,C,0.11651591516654404,3500.0,0.5236713743887113,med,1832.8498103604893,41561.67246781648,0.0036749600082860135,0.3665017574144215
B02727,personal,14,established,E,0.24520347440767146,4000.0,0.6010205002646427,med,2404.0820010585708,62013.15754375309,0.003230607417684414,-0.7419705943356569
B02728,personal,13,established,E,0.2520585039023122,2000.0,0.5859679855904659,med,1171.9359711809318,28075.45340032977,0.0034785308553769326,-1.0084966253066405
B02729,salary_advance,18,established,A,0.029856092376086583,30500.0,0.6038873025956251,med,18418.562729166566,91133.49049468288,0.016842109515382807,2.1220989834294195
B02730,personal,24,loyal,B,0.05944079431546032,15500.0,0.49942701664114814,med,7741.1187579377965,50018.14600043439,0.012897183950451648,1.247759489577688
B02731,personal,24,loyal,B,0.04220647530287218,17500.0,0.4414355345081195,med,7725.121853892091,87206.14533823289,0.007382050335950011,1.8074391139172277
B02732,personal,22,loyal,C,0.11043344161005694,14000.0,0.4948598618019936,med,6928.03806522791,26012.711207259727,0.02219439953166181,0.6481852840921579
B02733,personal,14,established,B,0.05644729049314705,26500.0,0.4759497681650975,med,12612.668856375083,10788.083667570905,0.09742747372183827,1.2540192353327866
B02734,personal,12,established,E,0.22044757634748222,39500.0,0.5014144058856352,med,19805.86903248259,18244.601858050755,0.09046451651187488,-0.8483203895479107
B02735,personal,9,established,D,0.15811458932434974,12500.0,0.5164478194143955,med,6455.5977426799445,19297.383975750898,0.0278776894957716,0.16259098091505825
B02736,personal,11,established,C,0.1000456031823476,5500.0,0.5631688169982388,med,3097.4284934903135,15928.034363691093,0.01620532924719139,0.2870535149727362
B02737,personal,16,established,B,0.05096119327767176,4000.0,0.5448456930267457,med,2179.382772106983,8040.547400828796,0.02258742122336035,1.3824469318752208
B02738,salary_advance,10,established,C,0.08263844451838426,9500.0,0.6508115533218172,med,6182.709756557263,47266.43520140655,0.010900458451140111,0.6688430401404553
B02739,personal,17,established,E,0.20867861899131385,17000.0,0.6211795043774585,med,10560.051574416795,9671.990992808573,0.0909848136254859,-0.6255117417362148
B02740,personal,9,established,D,0.14933608580088875,8000.0,0.518808389837151,med,4150.467118697208,44841.243382283865,0.007713262028503054,0.06407383892037402
B02741,salary_advance,6,new,E,0.3461785005482197,3500.0,0.5418109413442751,med,1896.338294704963,89505.24296918187,0.0017655746857178553,-1.3264132024602406
B02742,personal,25,loyal,E,0.35,6500.0,0.6858826835161262,med,4458.237442854821,17534.343109660902,0.021188121196275212,-1.9209687332702674
B02743,salary_advance,12,established,B,0.05085934557922802,10500.0,0.5003200386988524,med,5253.360406337951,33295.04180452891,0.013148505306935745,1.181341370108287
B02744,personal,10,established,E,0.18129787109988765,4500.0,0.5776499575820001,med,2599.4248091190007,21606.559751969115,0.010025600400059453,-0.37474388630634403
B02745,salary_advance,9,established,D,0.12018012470037148,20500.0,0.5870575124617577,med,12034.679005466034,42399.496694044974,0.02365334485828993,0.08858270101973226
B02746,personal,20,loyal,B,0.05334444704362569,10500.0,0.5621237915831363,med,5902.299811622931,13947.758138569274,0.03526432798365816,1.2309466793666148
B02747,personal,35,loyal,A,0.03405029205080271,7000.0,0.5138383844388345,med,3596.868691071841,25022.10482608185,0.011978970581119394,1.797010385044599
B02748,personal,13,established,D,0.12156752877586285,5500.0,0.528071283116029,med,2904.3920571381595,49843.787564815946,0.004855824231122989,0.534487954827583
B02749,personal,14,established,A,0.029951397746442558,12000.0,0.40256523317018883,med,4830.782798042266,26189.69282172492,0.015371132296605337,1.9280728302178118
B02750,personal,29,loyal,B,0.05284370573310568,10000.0,0.4615521935881255,med,4615.521935881255,10984.657129617664,0.035014914298330216,0.9026891340572775
B02751,salary_advance,6,new,C,0.1047883364667501,6000.0,0.6210167578625386,med,3726.100547175232,53258.32340211913,0.0058302319542960735,0.6522134635799948
B02752,salary_advance,48,loyal,B,0.07080153991149338,15000.0,0.47936371724681137,med,7190.455758702171,13189.986857320975,0.04542875235891016,0.9903888225045991
B02753,personal,60,loyal,E,0.25597776452979354,9500.0,0.4806087556889868,med,4565.783179045375,28093.788435473034,0.013543276032743717,-0.8854955621336164
B02754,salary_advance,3,new,B,0.06427318109219383,3500.0,0.6347308733313543,med,2221.55805665974,37065.96207835817,0.004994604960303208,0.9559986056401223
B02755,salary_advance,15,established,E,0.35,4500.0,0.577463281077122,med,2598.584764847049,28736.336326026198,0.00753571116189209,-2.095466020015286
B02756,salary_advance,11,established,E,0.21274166523662688,7500.0,0.5880494203500672,med,4410.370652625505,108617.78380562332,0.0033837082183199945,-0.23625285727577827
B02757,salary_advance,14,established,C,0.10820448324114296,5500.0,0.5973962793851441,med,3285.6795366182923,40279.47754186314,0.006797670793196176,0.3729303505676125
B02758,salary_advance,13,established,D,0.15618860815817845,4500.0,0.5854885436248572,med,2634.6984463118574,24069.660683077156,0.00912178226150433,-0.43976232341336297
B02759,personal,25,loyal,D,0.15357319186270416,5000.0,0.33032728463813943,low,1651.636423190697,37476.32193737859,0.0036726221113483207,-0.0517559230728214
B02760,salary_advance,15,established,A,0.02988541930981413,12500.0,0.5106812680686311,med,6383.515850857889,30196.14498567296,0.017616806863609714,2.1893755662272287
B02761,salary_advance,9,established,B,0.046866354403297505,27500.0,0.6308616073964413,med,17348.694203402134,27567.785471212625,0.05244253363984789,1.4540238857816785
B02762,personal,14,established,E,0.20549697297853173,6500.0,0.672658880229043,med,4372.282721488779,30763.461707806375,0.011843819688372099,-0.6858276808067391
B02763,personal,21,loyal,D,0.13129811247078327,49000.0,0.36042648515378695,med,17660.89777253556,21189.31159599287,0.06945678600162511,-0.06956651097237643
B02764,personal,8,established,E,0.29898319687721,5500.0,0.8009017597320358,high,4404.9596785261965,30245.295024943447,0.012136762855438629,-1.2770039485518438
B02765,salary_advance,6,new,B,0.07809644918822181,15000.0,0.38946979260330394,med,5842.0468890495595,20373.287266059073,0.023895861006445317,1.0549937860061371
B02766,personal,49,loyal,D,0.12581620151585962,8500.0,0.4523950536521975,med,3845.3579560436788,9481.445458929526,0.03379721981474672,0.15025754958952425
B02767,salary_advance,11,established,E,0.33674978017638013,7000.0,0.7157742278155838,high,5010.419594709087,50367.9498406699,0.00828969548187995,-1.6164664708945478
B02768,salary_advance,15,established,C,0.10663857052346423,22500.0,0.5906947863936471,med,13290.63269385706,19712.410577199844,0.05618555478796326,0.45078359181005817
B02769,salary_advance,13,established,B,0.07947683772520325,9500.0,0.5383061965121175,med,5113.908866865117,29078.747809753248,0.01465534468770428,0.7889788836018257
B02770,personal,22,loyal,B,0.0462648222732935,10500.0,0.4479143337938878,med,4703.100504835822,17707.927186021207,0.022132745292686818,1.363140973175053
B02771,salary_advance,43,loyal,B,0.07390410329765887,41000.0,0.6610099108665183,med,27101.406345527248,18004.375862396802,0.12543897917121605,0.676645205423225
B02772,salary_advance,22,loyal,C,0.09276654454317954,38500.0,0.5434038814615635,med,20921.049436270194,15192.481928419456,0.11475549515675648,0.3773288372136184
B02773,personal,7,established,A,0.03471237353268783,75000.0,0.3302819057938996,low,24771.14293454247,45322.70168224709,0.04554587071362615,1.986264680489528
B02774,salary_advance,7,established,C,0.11244849046541058,5500.0,0.6672240157979922,med,3669.732086888957,51758.65163809334,0.0059084036689950326,0.3565861560995518
B02775,personal,13,established,C,0.08787745950907527,3500.0,0.5556975018544535,med,1944.9412564905874,27289.68335074648,0.005939183535321189,0.7195618315979349
B02776,salary_advance,14,established,D,0.16767750175075594,7500.0,0.6809785313916129,med,5107.338985437097,20027.032170207665,0.02125185491801928,-0.18953964337625862
B02777,personal,6,new,C,0.0880829620248282,14000.0,0.5913561544390519,med,8278.986162146726,10602.143372441924,0.06507321107404751,0.6899096516358328
B02778,personal,25,loyal,E,0.27428800729932895,2000.0,0.8103271718187788,high,1620.6543436375575,41667.93433920752,0.003241210076242808,-1.055628992404098
B02779,personal,9,established,E,0.19183711292987682,7000.0,0.5600193479240333,med,3920.135435468233,18543.852508710173,0.017616509449815954,-0.4620675457186336
B02780,personal,37,loyal,E,0.28125798754384196,6500.0,0.6149830687187723,med,3997.38994667202,14552.333389593017,0.022890887665311468,-0.8082742394260539
B02781,personal,44,loyal,E,0.19566935704322824,4500.0,0.6494250550959095,med,2922.412747931593,27339.693015883382,0.008907722391743072,-0.20497332186946748
B02782,salary_advance,14,established,A,0.03410163347650265,17000.0,0.46392862398952484,med,7886.786607821922,22386.891594541492,0.029357904135237062,1.600470040231071
B02783,personal,20,loyal,D,0.16100601413537954,4500.0,0.653261581318264,med,2939.677115932188,11673.425239786664,0.020985536632333456,-0.21232588930369778
B02784,personal,8,established,C,0.09240435014830846,23500.0,0.2610532465036177,low,6134.751292835016,12589.314400367995,0.04060819025919111,0.7182561254740842
B02785,salary_advance,23,loyal,A,0.030922412164990812,12500.0,0.4616400599592384,med,5770.50074949048,32373.60615741739,0.014853923289215115,2.26726518205704
B02786,salary_advance,12,established,D,0.14102951751028553,13000.0,0.545115552093962,med,7086.502177221506,18757.890423174416,0.03148231676266793,0.3224226863966811
B02787,personal,9,established,B,0.05929716968800696,10000.0,0.5062240369117548,med,5062.240369117548,35619.27546947458,0.01184340103870596,0.99376710505628
B02788,salary_advance,14,established,C,0.08645835212255827,6000.0,0.44035917407085456,med,2642.1550444251275,29161.138208152217,0.00755044557807673,0.8810859581386753
B02789,personal,12,established,D,0.13122440952649056,8000.0,0.6480767002683474,med,5184.613602146779,47865.395083463656,0.009026377673449831,0.1164369305835328
B02790,salary_advance,13,established,B,0.07052807432538934,25500.0,0.4671570501140082,med,11912.50477790721,17022.99240765221,0.05831575951628946,1.1003155893169294
B02791,personal,27,loyal,A,0.026969585439680182,12500.0,0.4894025471171514,med,6117.531838964393,30576.738072200096,0.016672619515853346,2.2399380899918535
B02792,salary_advance,10,established,D,0.14862630380209083,3000.0,0.5750628425115386,med,1725.1885275346158,38217.584825956066,0.003761768601616184,-0.2872689125085526
B02793,salary_advance,42,loyal,D,0.1765813414223582,11500.0,0.6271048542743587,med,7211.705824155125,19064.445416016424,0.03152336573301885,-0.20920090017607484
B02794,salary_advance,7,established,E,0.25323773923578247,4000.0,0.7308993661371042,high,2923.5974645484166,50009.17615139376,0.0048717683592336344,-0.6679145456553434
B02795,personal,39,loyal,B,0.04795783841936986,11000.0,0.523197400967731,med,5755.171410645042,10759.5312606502,0.04457421108182842,1.3944279697365547
B02796,salary_advance,9,established,B,0.04333842911002338,11000.0,0.5832970313232436,med,6416.26734455568,17015.542186954423,0.031423562029635387,1.4793676231283528
B02797,personal,16,established,D,0.17089914864785863,7000.0,0.6044288237955415,med,4231.001766568791,10540.410053810558,0.033450641744239694,-0.5370369333339351
B02798,salary_advance,12,established,E,0.35,1500.0,0.6083778676231801,med,912.5668014347702,17948.62455775716,0.0042369393380637015,-1.786013549439347
B02799,salary_advance,13,established,E,0.18352513179616003,4500.0,0.57049059925746,med,2567.20769665857,24710.382279631154,0.008657655405756064,-0.32475673992308574
B02800,salary_advance,25,loyal,B,0.04558570629630003,4000.0,0.47868736530517125,med,1914.749461220685,42502.806816137396,0.003754162773107524,1.2978541778069963
B02801,personal,37,loyal,C,0.10600998377008627,8500.0,0.6059401256446793,med,5150.491067979774,24700.785272387035,0.017376273032020762,0.333276861017167
B02802,personal,31,loyal,C,0.09362802005941588,13500.0,0.5504335743504745,med,7430.853253731405,19390.614796360533,0.03193492200466536,0.580347746755367
B02803,personal,13,established,E,0.19170759486748287,10500.0,0.5141586205262912,med,5398.665515526058,11475.016376783802,0.03920593907567031,-0.5233444182755979
B02804,personal,18,established,B,0.06527921418754123,4000.0,0.49793534492057684,med,1991.7413796823073,13796.93499996642,0.012030095692069502,1.0140891247097645
B02805,personal,10,established,C,0.08673228057926853,3500.0,0.3968806951932469,med,1389.0824331763642,31908.0393027194,0.0036278277186871264,0.3431918017546363
B02806,personal,9,established,C,0.10947834072101115,14000.0,0.5232153891876106,med,7325.015448626548,43686.74944099739,0.013972610960140967,0.586463472363802
B02807,salary_advance,8,established,C,0.09706064189198567,9000.0,0.5430662274197134,med,4887.596046777421,21363.26058825469,0.01906542631365525,0.5090656830266815
B02808,personal,12,established,C,0.08236674999141533,22500.0,0.7080448884585792,high,15931.00999031803,52368.366096152604,0.02535088002215465,0.5243681636108437
B02809,personal,18,established,B,0.07184136329851262,5500.0,0.669630811944962,med,3682.969465697291,15955.285466128938,0.019235890375824422,0.45857168818096145
B02810,personal,5,new,E,0.35,3500.0,0.5381957782315695,med,1883.6852238104932,21702.932304920552,0.007232836855657744,-1.2780746281357818
B02811,salary_advance,16,established,C,0.0885967799881994,9500.0,0.5539261104851466,med,5262.298049608893,22734.069358674784,0.019289324341753934,0.723063095375128
B02812,salary_advance,37,loyal,B,0.04399533912363195,16500.0,0.519613822419214,med,8573.628069917031,62391.07926041636,0.011451460918703962,1.5415081719465196
B02813,personal,30,loyal,B,0.047773899783913526,11000.0,0.4746319978426067,med,5220.951976268673,28955.415220011855,0.015025836378095795,1.555141466194844
B02814,personal,11,established,C,0.11664867930665362,3500.0,0.5322633240237857,med,1862.92163408325,10005.217299858581,0.015516251656936205,0.4161071482837128
B02815,personal,7,established,E,0.2788101469123931,2500.0,0.584825052169515,med,1462.0626304237874,45406.46922825036,0.0026832862058235483,-0.9652505187315361
B02816,personal,21,loyal,E,0.18414511266187814,11000.0,0.7507943930991956,high,8258.738324091151,74254.98312037691,0.00926844455083312,-0.4113173295740029
B02817,personal,4,new,E,0.23233103583723821,4000.0,0.5664702221035007,med,2265.880888414003,23450.394642663163,0.008052035381285579,-0.7851480812529309
B02818,personal,30,loyal,C,0.09639804574051171,14000.0,0.5735021339799101,med,8029.029875718742,16425.737135584233,0.04073399065464612,0.5894639081365248
B02819,salary_advance,14,established,D,0.14380442513998273,5500.0,0.31564158673068243,low,1736.0287270187534,43275.484597548726,0.003342979562916106,0.22776389869240682
B02820,personal,45,loyal,E,0.23142839445182958,4000.0,0.6799846716382248,med,2719.9386865528995,79248.64154421291,0.0028601317675115844,-0.7237320656309137
B02821,salary_advance,6,new,E,0.2858213124174141,4000.0,0.7177991178289336,high,2871.1964713157345,42907.52359326649,0.005576326773778033,-0.7797200343150513
B02822,personal,27,loyal,E,0.35,29000.0,0.5520522878725713,med,16009.516348304569,11018.671320338828,0.12107869665702028,-1.6985217749066837
B02823,salary_advance,15,established,E,0.35,1500.0,0.6423702318617881,med,963.5553477926821,40744.45347877753,0.0019707290717384945,-2.7694749238680103
B02824,salary_advance,13,established,D,0.16455508603363073,5500.0,0.6059085849540886,med,3332.4972172474872,33601.09932013902,0.00826485165831597,0.21821817704507482
B02825,salary_advance,7,established,A,0.021419651833911556,32000.0,0.45461515069284,med,14547.684822170879,15913.981192383511,0.07617874206703563,2.6702303751428556
B02826,personal,22,loyal,A,0.031815434306088734,7500.0,0.5182265764002301,med,3886.6993230017256,54657.94240621284,0.005925792226919391,2.1967795237914265
B02827,personal,23,loyal,E,0.19338782492046133,4500.0,0.5667325263994853,med,2550.296368797684,34238.05870088941,0.00620726482352477,-0.5782314121229712
B02828,salary_advance,43,loyal,C,0.09655604785233599,6000.0,0.7023677961793017,high,4214.20677707581,55449.45842985565,0.006333405375525957,0.8999032973906105
B02829,salary_advance,28,loyal,E,0.23059759536984323,10000.0,0.5385706350994391,med,5385.706350994392,15005.740658520455,0.02990914429325596,-0.7145795100501656
B02830,personal,11,established,E,0.327650550089224,5500.0,0.8371633402171396,high,4604.398371194267,33500.9059054333,0.011453417568745778,-1.312109530858121
B02831,personal,9,established,E,0.24861072236915002,14000.0,0.7311953627097764,high,10236.73507793687,16443.702999806,0.05187768573202785,-1.1974725976303797
B02832,personal,7,established,D,0.1737352728892497,11500.0,0.6578074241295796,med,7564.785377490165,30829.177382986218,0.020448122037969578,-0.22549868444183307
B02833,salary_advance,36,loyal,B,0.07981139064374879,9000.0,0.4350155534847126,med,3915.1399813624134,60625.68927381784,0.005381574527589506,0.5675403897880238
B02834,salary_advance,10,established,C,0.09525819126797297,6000.0,0.6274041881772014,med,3764.4251290632087,12276.84500904727,0.025552338068731976,0.6027019708068588
B02835,salary_advance,37,loyal,B,0.04009938708970598,27000.0,0.562088532422685,med,15176.390375412495,12670.723322349148,0.09981270727617518,1.4132163897042829
B02836,salary_advance,21,loyal,D,0.1322171069071941,22000.0,0.34440984562781823,low,7577.016603812001,45501.97779861047,0.013876716592678504,0.41311907660484165
B02837,personal,19,loyal,C,0.1102651496572538,22000.0,0.40802454434981505,med,8976.53997569593,26695.02436866238,0.028021888560356596,0.4362019706626281
B02838,personal,13,established,E,0.35,2000.0,0.6642123745618891,med,1328.4247491237782,51235.85066945645,0.0021606367607940394,-1.0938125066902094
B02839,personal,23,loyal,E,0.24037382271089708,9000.0,0.6007381247087934,med,5406.643122379141,17257.349225208563,0.02610792582637499,-0.9444970242571812
B02840,salary_advance,16,established,E,0.35,8500.0,0.5843738048930825,med,4967.177341591202,27671.40437805235,0.01495881594867339,-1.1489723460483097
B02841,personal,13,established,B,0.0677189992048639,40500.0,0.6383135645880298,med,25851.699365815206,39280.0034756905,0.05484491063800065,0.6492478011282274
B02842,personal,24,loyal,D,0.13924595068903647,5000.0,0.4767162118323652,med,2383.581059161826,30200.389617520184,0.006577125575059459,0.062092151911756654
B02843,personal,15,established,E,0.35,11000.0,0.616228771798458,med,6778.516489783038,10058.657336962966,0.05615822820336188,-1.871120262824403
B02844,personal,10,established,D,0.14020746894431954,12000.0,0.5051886042824734,med,6062.263251389681,127061.82282852799,0.003975927568458023,-0.06308895268360971
B02845,personal,22,loyal,E,0.23939917545390121,16000.0,0.6572561601562616,med,10516.098562500187,30235.695181363666,0.028983674482046144,-0.8488213317860834
B02846,personal,15,established,A,0.033943353079941924,17000.0,0.32742195703043053,low,5566.173269517319,12871.49689847897,0.036036816550419216,1.6603788189729718
B02847,personal,21,loyal,D,0.13741184328196818,19000.0,0.5240964286795677,med,9957.832144911787,31978.207715429024,0.025949526402286132,-0.1788217215868263
B02848,salary_advance,12,established,B,0.060475014938320804,10000.0,0.35123968541552847,med,3512.3968541552845,34065.13730552565,0.008592354559474956,1.0315059858191211
B02849,personal,8,established,B,0.06249038471879013,6500.0,0.48569154482177107,med,3156.9950413415118,46474.449433940594,0.005660807676393073,1.0889630273849873
B02850,personal,42,loyal,E,0.2398035825220635,7000.0,0.6664918620917905,med,4665.443034642533,44798.48924310675,0.008678572115316769,-0.5549284525570413
B02851,personal,38,loyal,C,0.10336916731390315,22500.0,0.6169532281016542,med,13881.44763228722,23917.97386967482,0.048364769900399965,0.47604711755470785
B02852,salary_advance,26,loyal,B,0.06105586686725898,6500.0,0.43633948154145474,med,2836.206630019456,10434.325417200884,0.022651253727624762,1.3034679013881463
B02853,personal,13,established,C,0.107173737224382,12500.0,0.6105402560235589,med,7631.753200294486,34674.147779041596,0.018341602435641823,0.11554617241010676
B02854,salary_advance,13,established,B,0.07803275256736085,59000.0,0.5145673495340555,med,30359.473622509275,10901.668938481025,0.23207053429028596,0.7111007593098181
B02855,salary_advance,35,loyal,E,0.23135706628752797,30000.0,0.7205229181651311,high,21615.687544953933,52490.34525441088,0.034316926030534343,-0.5796293935591537
B02856,salary_advance,13,established,B,0.07467828153765334,14500.0,0.5124345763632913,med,7430.301357267724,17979.421250036245,0.03443891608975245,0.9040362197145243
B02857,personal,11,established,E,0.1800606401634963,17500.0,0.3044356076437861,low,5327.623133766257,38147.98372460669,0.011638061861553832,-0.48616419417270906
B02858,salary_advance,46,loyal,B,0.0694981968702447,4000.0,0.6053252283866385,med,2421.300913546554,18752.96502354889,0.010759635922932827,1.0994512232841407
B02859,personal,16,established,B,0.06527266672153936,10000.0,0.47776425776537595,med,4777.64257765376,20524.61929580626,0.01939801541422485,0.9199888455514643
B02860,personal,43,loyal,B,0.055983229134203394,10000.0,0.48949913368568027,med,4894.991336856802,17317.392129220185,0.023555275626621477,1.0688085075182738
B02861,personal,7,established,C,0.11677101605229989,21500.0,0.5842990854563688,med,12562.43033731193,39888.55979471465,0.02624484815104072,0.3487197254894737
B02862,personal,21,loyal,B,0.06387125209836018,6500.0,0.37888893884123226,med,2462.77810246801,19115.583293064643,0.010736345597858958,1.0421282961845169
B02863,personal,51,loyal,B,0.057130689298693055,4000.0,0.5237733400983271,med,2095.0933603933086,41056.015646024505,0.004252509909178556,1.0884110538887852
B02864,personal,16,established,B,0.04090623819533074,16500.0,0.5522897956561716,med,9112.781628326833,19392.57040139002,0.03915924775876044,1.495501161383926
B02865,personal,14,established,D,0.1265817241576056,8000.0,0.6020523991371483,med,4816.419193097186,23687.90741185772,0.016944015320260613,-0.03405069946277105
B02866,personal,8,established,C,0.11933678224618989,21000.0,0.4988755873188136,med,10476.387333695086,27434.612277177202,0.03182229327637328,0.16395699344238868
B02867,personal,29,loyal,B,0.05911949707549825,10500.0,0.6050429715464063,med,6352.951201237266,29278.29932580402,0.018082081688280138,1.3320668089761116
B02868,salary_advance,10,established,D,0.16192315006882535,19500.0,0.47577431782272783,med,9277.599197543193,16182.531160665545,0.04777579346432328,-0.140387609763513
B02869,personal,15,established,E,0.35,5500.0,0.5805621431903524,med,3193.091787546938,39620.193617993216,0.006716044471189432,-1.3352674726779856
B02870,salary_advance,8,established,C,0.08022193930056293,24000.0,0.5148021407724072,med,12355.251378537772,23173.47157334641,0.04443029946057117,0.8432301745827706
B02871,personal,38,loyal,C,0.1133754434963457,12500.0,0.5855935318972867,med,7319.919148716083,36284.480903456286,0.016811409374052858,0.1939763153840554
B02872,personal,31,loyal,E,0.20408222746334712,4000.0,0.5728167790426609,med,2291.267116170644,26664.12883197092,0.0071608912314665,-0.8075274117343677
B02873,personal,16,established,C,0.08592099504220839,5500.0,0.6591062639814368,med,3625.0844518979025,37143.70714054704,0.008133016175483522,0.5005419293798373
B02874,personal,8,established,B,0.04240541494635122,47500.0,0.5311215261687467,med,25228.27249301547,21456.052204430922,0.09798428998277985,1.4311330150292483
B02875,personal,38,loyal,E,0.29587761733205803,3500.0,0.6370685698724431,med,2229.739994553551,17426.04230650839,0.010662872437960155,-1.2297425462890859
B02876,personal,13,established,B,0.07434237925175813,15000.0,0.5468315530065886,med,8202.47329509883,34022.31898400614,0.0200909127205458,1.0223249952164812
B02877,personal,8,established,E,0.35,3000.0,0.7405295086224509,high,2221.588525867353,20505.458342812064,0.009028443747052776,-2.5370675157456817
B02878,personal,6,new,E,0.24453510852328003,11000.0,0.6174220744911678,med,6791.642819402846,60013.963994058046,0.009430642425257455,-0.4002866301815139
B02879,personal,11,established,A,0.029915782641114004,7500.0,0.3132591433825727,low,2349.4435753692956,27923.1447882709,0.007011637338798177,1.8405159122425798
B02880,personal,7,established,E,0.2173277721782529,11000.0,0.6886286787525445,med,7574.91546627799,12638.497566330872,0.049946043998521275,-0.3283240485128667
B02881,personal,11,established,D,0.1627704233633726,8000.0,0.5782916916321779,med,4626.333533057423,19496.567932901304,0.01977413644023249,0.08993839582099193
B02882,personal,24,loyal,B,0.05607927689605017,6500.0,0.5811633372955884,med,3777.561692421325,15527.726370482165,0.02027320679093098,1.1628662007735553
B02883,personal,13,established,E,0.35,4500.0,0.6154059139682113,med,2769.3266128569508,48538.1482308915,0.004754553400766203,-1.7164735140606524
B02884,personal,19,loyal,C,0.1176192859418429,22500.0,0.3675617639565841,med,8270.13968902314,41169.26764607628,0.01674011579082045,0.47209480083975536
B02885,personal,11,established,D,0.13430494361597484,12000.0,0.34207895990575526,low,4104.947518869063,26014.93791459442,0.013149328321627417,0.06421307196130824
B02886,personal,17,established,A,0.03218839087839316,73500.0,0.3915024610634862,med,28775.430888166233,31556.678860649037,0.0759887497858364,1.8623209732487398
B02887,salary_advance,47,loyal,E,0.18524307935286727,17500.0,0.6393168607888412,med,11188.04506380472,25636.600242879802,0.036367423130114006,-0.4857408309978233
B02888,personal,13,established,D,0.13827433029586025,11000.0,0.6996274506455885,med,7695.901957101473,43183.81830883285,0.01485105273705295,-0.38153931645012157
B02889,personal,20,loyal,E,0.20745631574781656,7000.0,0.6233448892120279,med,4363.414224484195,35807.312222345594,0.010154849092902131,-0.5283557908236156
B02890,personal,6,new,E,0.2636214077103272,26000.0,0.516514368570124,med,13429.373582823224,39536.779226420746,0.028305655825586622,-1.0344118036913794
B02891,salary_advance,37,loyal,A,0.027730649026915553,12000.0,0.4057905463463776,med,4869.486556156531,24209.120248047748,0.01676188734611705,1.8774027270645783
B02892,personal,12,established,D,0.14687489528401615,8000.0,0.6929086605993514,med,5543.269284794811,19008.51104172576,0.02430169864710747,0.02665150200081768
B02893,personal,29,loyal,D,0.1317624446302564,19000.0,0.44149520456821084,med,8388.408886796005,38784.838803605024,0.018023384793201525,-0.15556719642652073
B02894,salary_advance,15,established,D,0.17705644988112645,33500.0,0.7603162761757755,high,25470.595251888477,63148.04642271299,0.03361227661922736,-0.1678459011425355
B02895,personal,23,loyal,D,0.1695644703254546,7500.0,0.7426296379526164,high,5569.722284644623,49429.650783838784,0.009389981850167931,-0.16322707694539595
B02896,salary_advance,23,loyal,C,0.10960362490305077,5500.0,0.7440757071728906,high,4092.4163894508984,64209.874555998555,0.0053112500449364036,0.2761968225923061
B02897,personal,12,established,E,0.3241602509119832,8000.0,0.6690801199989207,med,5352.640959991366,29410.808354742123,0.015166309200090154,-1.2644453442892645
B02898,salary_advance,29,loyal,C,0.08346957626465729,13500.0,0.5078579260856985,med,6856.082002156929,15780.099490232311,0.03620637291926222,0.49127045743479986
B02899,personal,10,established,E,0.20066816940423496,7500.0,0.6216961112047403,med,4662.720834035553,16569.966061309864,0.023449659948926106,-0.3592066916521446
B02900,personal,25,loyal,E,0.18728207917621426,11000.0,0.6705656519553566,med,7376.222171508922,57455.35066851659,0.01069848454159556,-0.3577967064033425
B02901,salary_advance,13,established,C,0.10065102318518446,9000.0,0.47857767522725914,med,4307.199077045332,9661.759591725291,0.03714988486443493,0.5050462563049747
B02902,personal,19,loyal,C,0.09375518615857734,6000.0,0.42810494893560685,med,2568.629693613641,61550.68053179951,0.0034776621902208775,0.6398894801181584
B02903,salary_advance,12,established,D,0.1517794531264195,11500.0,0.5481781130235607,med,6304.048299770948,17444.870525992363,0.030114144873216904,-0.20664721429170763
B02904,personal,16,established,D,0.1295047533221165,7500.0,0.49436258596329324,med,3707.719394724699,77486.92431539457,0.003987467807722404,-0.14413415076625494
B02905,salary_advance,9,established,A,0.022123728896512172,32000.0,0.5820325698387114,med,18625.042234838766,25878.531764709955,0.059975846659885895,2.508623726900857
B02906,salary_advance,18,established,A,0.021955005786164952,5000.0,0.399833407583865,med,1999.167037919325,40031.18091260118,0.004161687198878052,2.4704332586021374
B02907,personal,16,established,E,0.27203402504006174,14500.0,0.6300396992982734,med,9135.575639824965,99885.07150106474,0.007621739250367345,-1.0540901901297357
B02908,salary_advance,12,established,E,0.22117139843668138,4500.0,0.6875025098175572,med,3093.7612941790076,22435.924139326762,0.011491099701557476,-0.5644475665885587
B02909,personal,15,established,E,0.32941961970449635,25500.0,0.7379918605396292,high,18818.792443760543,22229.75169971691,0.07054656861806886,-1.0594032769919965
B02910,salary_advance,17,established,B,0.05597799926235297,16000.0,0.5250676207694787,med,8401.08193231166,18358.32520989806,0.03813475102012637,1.407053939972239
B02911,personal,11,established,D,0.17567431238689585,4500.0,0.6227730205836662,med,2802.478592626498,15506.571827811922,0.015060703636635387,-0.39852929957569416
B02912,personal,15,established,C,0.09734867186887686,53000.0,0.4516334497751072,med,23936.572838080683,22439.916157225,0.08889134830974625,0.23967424359629974
B02913,salary_advance,9,established,A,0.01811908013067736,12500.0,0.5661688860260834,med,7077.111075326043,19827.745540230106,0.029744140859613126,2.3469673332808836
B02914,personal,59,loyal,C,0.1017560117811276,9000.0,0.6677124752227201,med,6009.412277004481,13525.859757645714,0.03702421623394132,0.3895352056895376
B02915,personal,29,loyal,B,0.07440154193115442,44500.0,0.33695850868222177,low,14994.65363635887,23962.260451636485,0.05214676938423958,1.1062487217573207
B02916,personal,19,loyal,B,0.06346939093454664,43000.0,0.689728412264079,med,29658.321727355396,34454.076942109015,0.07173394355523435,0.9204207493003932
B02917,salary_advance,31,loyal,C,0.11640077212953943,12500.0,0.48841937196983104,med,6105.242149622888,16436.373092986214,0.03095392008060129,0.16178264830405054
B02918,personal,5,new,B,0.07618662620237464,59000.0,0.5913554115809084,med,34889.9692832736,24603.712062846946,0.11817312090330027,0.7091617317418589
B02919,salary_advance,4,new,E,0.23911931016724502,4000.0,0.6172848165549712,med,2469.139266219885,58312.83258169506,0.0035285818988480115,-0.8497008091001859
B02920,salary_advance,13,established,A,0.037757518941709506,7000.0,0.4853158371408187,med,3397.210859985731,12323.433264721894,0.022972567702317148,1.689879786444176
B02921,personal,7,established,E,0.18352068300048194,2500.0,0.5737752047951453,med,1434.4380119878633,77840.48827669187,0.001535659701594934,-0.5874509652091197
B02922,personal,14,established,E,0.22599360313227995,7000.0,0.4969166957931721,med,3478.4168705522047,18569.709948506734,0.01560972537265325,-0.4779677205360946
B02923,salary_advance,18,established,E,0.23254278335053463,10000.0,0.6539789989785519,med,6539.7899897855195,30046.373655386644,0.018138045722236106,-0.7384878236267917
B02924,personal,27,loyal,E,0.272394164641245,4500.0,0.574544728112504,med,2585.451276506268,54368.473909514025,0.00396285305710018,-0.524259410816647
B02925,personal,8,established,D,0.1661328987372088,7000.0,0.45594260019484123,med,3191.5982013638886,64304.64312200404,0.004136039076924983,-0.42676432232853545
B02926,salary_advance,20,loyal,E,0.35,1500.0,0.5530991218286535,med,829.6486827429802,34835.81791879339,0.001984663899373613,-1.6813485579106118
B02927,personal,16,established,E,0.19893472173153987,7500.0,0.45449841280903197,med,3408.7380960677397,18361.694725476093,0.015470331701546118,-0.2333323411755965
B02928,personal,19,loyal,D,0.14554550018033957,11500.0,0.5197728493687045,med,5977.3877677401015,17491.210908959678,0.028478053915439377,-0.10797423724151678
B02929,salary_advance,12,established,B,0.05581557681181241,4000.0,0.562409292358677,med,2249.637169434708,19610.279456350054,0.009559770146919245,1.140011098611832
B02930,personal,35,loyal,B,0.06674940948177847,14500.0,0.45648049390341017,med,6618.9671615994475,76045.80224848614,0.007253268168538972,0.8229807383568256
B02931,personal,15,established,E,0.20833657743384862,10000.0,0.6900793996325747,med,6900.793996325747,21791.384661560744,0.02638961109134455,-0.7076374310992968
B02932,personal,43,loyal,D,0.1480064948323226,8000.0,0.558505787442554,med,4468.046299540431,32144.44969468564,0.011583249835194,-0.05855075942590687
B02933,salary_advance,10,established,D,0.13067880041479255,20500.0,0.5330194077279133,med,10926.897858422224,15152.692606809173,0.06009326825029103,0.11538196147910226
B02934,salary_advance,24,loyal,A,0.019060056764130428,54500.0,0.4702458762271894,med,25628.40025438182,14242.857852227484,0.1499488405597249,2.235956554475849
B02935,personal,15,established,E,0.31929464406392144,2500.0,0.739053517128265,high,1847.6337928206624,27296.553375687523,0.005640619920615789,-0.8223046804564419
B02936,personal,13,established,E,0.22668396869434224,10000.0,0.46823548879391713,med,4682.354887939171,22502.700682554332,0.017339973817636255,-0.719760664950654
B02937,personal,23,loyal,E,0.23669927599693397,4000.0,0.7484163777075782,high,2993.6655108303125,23425.065140263017,0.010649794329653035,-0.7285841516171508
B02938,personal,13,established,E,0.34655834556572246,5000.0,0.7270385921571785,high,3635.1929607858924,11926.422550989046,0.025400135324488884,-1.4820394794361849
B02939,personal,3,new,D,0.1414249983030272,12000.0,0.5667244624156916,med,6800.6935489883,25837.494725920857,0.021934187831575587,-0.04299637637450515
B02940,salary_advance,3,new,C,0.11648461016352538,12500.0,0.6684132331616649,med,8355.16541452081,63076.18696529526,0.01103845711102492,0.2029033310732099
B02941,personal,33,loyal,A,0.03802344490206095,28500.0,0.4594910588085924,med,13095.495176044884,16828.499049265276,0.06484780736984694,1.6827618528353518
B02942,salary_advance,32,loyal,A,0.034727245957346484,17500.0,0.5157257171529257,med,9025.2000501762,44072.41538548566,0.017065096106101744,1.7914090077269296
B02943,personal,46,loyal,A,0.0170096369259946,32000.0,0.3946927678000649,med,12630.168569602078,4002.2025932305887,0.2629837003371805,2.797116714531808
B02944,personal,16,established,D,0.15405754222735427,12000.0,0.6625547121652875,med,7950.65654598345,17304.29719678181,0.03828844966257902,-0.07387276754109584
B02945,personal,8,established,E,0.1865011029696077,3000.0,0.5123544208333468,med,1537.0632625000405,9407.712776683667,0.013615275917627397,-0.26052956379620706
B02946,personal,13,established,E,0.3326376860694882,2000.0,0.6319998193410208,med,1263.9996386820417,53098.929515955715,0.0019837180181165766,-1.3002263451333593
B02947,salary_advance,16,established,B,0.06568742371282596,10000.0,0.5860142403737203,med,5860.142403737203,43622.47371557487,0.011194807600676617,1.0465781674763255
B02948,salary_advance,9,established,C,0.0966992456613622,13500.0,0.6450487280142551,med,8708.157828192443,15231.435579509875,0.047643560269017546,0.4685342414463388
B02949,salary_advance,40,loyal,B,0.05516875371259142,4000.0,0.42285417474459164,med,1691.4166989783666,31542.856790576385,0.004468567717799125,1.4012663050106835
B02950,personal,56,loyal,E,0.2453902275093958,6500.0,0.6758618857612851,med,4393.102257448353,52101.03984137996,0.007026574822727499,-0.7391242192383999
B02951,salary_advance,21,loyal,B,0.05952017934368938,6500.0,0.41866050570927293,med,2721.293287110274,56752.525085993824,0.003995847590021847,1.1016041890266997
B02952,personal,16,established,C,0.11892955966640865,8500.0,0.3471823956280303,low,2951.0503628382576,21521.659733507786,0.01142666813874826,0.2051996179539418
B02953,salary_advance,8,established,C,0.09690770864945628,9000.0,0.4690080669401582,med,4221.072602461423,7983.47533424812,0.044060516940050996,0.4890350398936867
B02954,personal,38,loyal,D,0.1744146140262761,4500.0,0.6600599046700282,med,2970.269571015127,16412.57385369731,0.015081270400224302,-0.283265908190524
B02955,personal,17,established,B,0.05628585133996435,4000.0,0.511212489120789,med,2044.849956483156,41002.13949821807,0.0041559822274071494,1.1893246485533984
B02956,personal,14,established,A,0.025917244909903523,7500.0,0.42345974604272985,med,3175.948095320474,85339.42300797977,0.0031012904932806794,2.0503075789780114
B02957,personal,21,loyal,E,0.25322746193052575,6500.0,0.6119120714833594,med,3977.428464641836,26111.242537688482,0.012693856739106694,-0.7103440262976154
B02958,personal,11,established,C,0.09210780293398903,41500.0,0.5366708296258276,med,22271.839429471846,19268.9065828083,0.09632028735759003,0.720443979592958
B02959,salary_advance,17,established,E,0.35,3000.0,0.7316356245215508,high,2194.9068735646524,100674.60056868257,0.0018168326975938976,-2.527850151340389
B02960,salary_advance,7,established,B,0.05972830098091527,10000.0,0.36178818470250984,med,3617.8818470250985,33629.299001206266,0.00896510373017124,1.0186099494824585
B02961,salary_advance,29,loyal,E,0.3212784489790606,6000.0,0.6195694666312281,med,3717.4167997873687,13694.199072173373,0.02262160289060621,-1.1201546165417549
B02962,personal,15,established,D,0.16244487734722324,10500.0,0.601010774558948,med,6310.613132868954,25200.038693498573,0.02086839762967324,-0.524967347899258
B02963,personal,31,loyal,E,0.28913834069659705,4000.0,0.48384932162210903,med,1935.397286488436,46628.172879960315,0.0034589197312658447,-0.9130246617542505
B02964,personal,14,established,D,0.1376178873152824,3000.0,0.4377047920620023,med,1313.114376186007,25881.771546818058,0.004227925349605892,-0.21561149494939602
B02965,personal,15,established,B,0.06533719761207914,42500.0,0.49024278295636275,med,20835.318275645415,41643.40626593932,0.04169391216180542,0.8387936983678286
B02966,personal,8,established,E,0.35,19000.0,0.6585876655775955,med,12513.165645974315,11128.291719322759,0.0937038523190919,-1.8573132637270229
B02967,personal,24,loyal,D,0.12700901964682476,8000.0,0.5651880510848364,med,4521.504408678691,12224.583223471082,0.030822485083427675,0.040520310484361166
B02968,personal,10,established,E,0.18582203268661784,7000.0,0.5367776913615705,med,3757.4438395309935,17958.68598428287,0.017435591904382847,-0.5133687688160568
B02969,personal,12,established,A,0.0385452811877177,4000.0,0.4361459517706821,med,1744.5838070827285,23035.54267874542,0.006311202907223135,1.5810486838718745
B02970,personal,16,established,C,0.11329141877152187,3500.0,0.5084519522402068,med,1779.5818328407238,32327.44540890121,0.004587386482113648,0.43176100785028515
B02971,salary_advance,17,established,E,0.2249936552492749,2500.0,0.6355237566366551,med,1588.8093915916377,38185.767042545755,0.003467280950127789,-0.8272171132734226
B02972,personal,6,new,E,0.19662503709861998,10500.0,0.7040908840711328,high,7392.954282746895,104439.43331950538,0.005898916759510803,-0.47129437903039967
B02973,salary_advance,14,established,A,0.029974159646472653,7500.0,0.2770609677238821,low,2077.9572579291157,17922.169835639455,0.009661949775918298,1.9061042383855313
B02974,personal,25,loyal,B,0.06759540023316453,6500.0,0.578311009848956,med,3759.021564018214,22636.20852898625,0.01383852762269754,1.1143653167740242
B02975,salary_advance,13,established,E,0.2332923296821401,2500.0,0.5884158715204675,med,1471.0396788011687,18199.321940367525,0.0067357806132431015,-0.5682334624054216
B02976,salary_advance,14,established,C,0.10472600835179084,3000.0,0.6106897559155957,med,1832.069267746787,48711.167225308935,0.003134238977947847,0.082929461616911
B02977,salary_advance,17,established,D,0.14919982031970938,8000.0,0.6751526902574545,med,5401.221522059636,50195.101240903714,0.008967046233152812,0.11489085159185203
B02978,salary_advance,15,established,D,0.1503538122866214,7500.0,0.5003309411741858,med,3752.482058806393,21031.770711061126,0.01486830769172497,-0.18798192715580553
B02979,salary_advance,9,established,E,0.35,5500.0,0.7224713701482077,high,3973.5925358151426,83797.64703309145,0.00395157528930574,-1.3602121563216896
B02980,personal,16,established,E,0.20345190817515715,6500.0,0.4754577547298096,med,3090.4754057437626,18216.909805127652,0.014137393218734712,-0.6776217153899684
B02981,personal,28,loyal,A,0.03678632072992424,11500.0,0.500263239373693,med,5753.027252797469,47403.665518990056,0.010113541484277533,1.7891993058653743
B02982,personal,9,established,E,0.2509927059782186,11000.0,0.5709336215917634,med,6280.269837509398,59873.38781769735,0.00874104237071009,-0.3811444870611752
B02983,personal,13,established,D,0.15536077639939294,5000.0,0.5772953306968253,med,2886.4766534841265,12722.547773032637,0.018906568512443517,-0.10325363046091905
B02984,personal,7,established,D,0.12042369993880901,5000.0,0.4609594526880919,med,2304.7972634404596,36963.92663217224,0.005196050747835586,0.14052564685357408
B02985,personal,27,loyal,A,0.016952462572899254,32000.0,0.4976271189393817,med,15924.067806060215,6010.268351170377,0.22078975063511275,2.6181413947121257
B02986,personal,15,established,C,0.11630478214413646,12000.0,0.7091658159276605,high,8509.989791131926,42332.771100693964,0.016752170894761838,0.008874771416961356
B02987,personal,10,established,B,0.07498588801102553,10000.0,0.4218114514507234,med,4218.114514507234,14678.172401567215,0.023947773146340175,1.0939453535835113
B02988,personal,17,established,E,0.2236338062194482,4500.0,0.6171342400281841,med,2777.104080126828,36757.89412507955,0.006295935757991909,-0.5981801720511966
B02989,personal,8,established,D,0.14971408166719183,4500.0,0.6583874029111579,med,2962.743313100211,40751.3304568486,0.006058581973246752,-0.2593992605024914
B02990,salary_advance,9,established,C,0.09443754270693752,3500.0,0.5185264075440774,med,1814.842426404271,49815.23618727369,0.0030359560737294893,0.362552723110285
B02991,salary_advance,7,established,E,0.19198015019062314,18000.0,0.7117230446616754,high,12811.014803910157,43897.75428594878,0.024319799141393345,-0.42413294184938455
B02992,personal,9,established,E,0.18436633610423106,11500.0,0.5376450004463104,med,6182.917505132569,27743.094624515586,0.018571941320937285,-0.20371778060295764
B02993,personal,34,loyal,B,0.04446828223680704,4000.0,0.49562726635205795,med,1982.509065408232,21823.396754147358,0.00757027380499888,1.2880509358132697
B02994,personal,10,established,E,0.2783464286015486,4000.0,0.5154865998207419,med,2061.9463992829674,25824.67911373326,0.006653668990432389,-0.8003645610918834
B02995,personal,21,loyal,C,0.10397473165292193,5500.0,0.5603567800868596,med,3081.962290477728,14562.414906500902,0.017636511012915225,0.40008903096363835
B02996,salary_advance,10,established,B,0.055228706014095595,6500.0,0.5174962281496261,med,3363.72548297257,23946.360474054167,0.011705764523928245,1.0587335516559326
B02997,personal,24,loyal,E,0.18103404262876824,7000.0,0.6476093792819916,med,4533.265654973941,22928.07436416949,0.016476400587083447,-0.4244660488127444
B02998,salary_advance,9,established,B,0.059171623635240735,11000.0,0.4398653181329855,med,4838.518499462841,17439.26981865618,0.023120800305749666,1.4454137926149562
B02999,personal,16,established,C,0.11202883687669761,20500.0,0.4930713552062511,med,10107.962781728147,10325.209725804003,0.08157996342733739,0.0728834797113227
B03000,salary_advance,16,established,C,0.11235286799157321,12500.0,0.6019128378834061,med,7523.910473542576,13328.836636960268,0.04704030490727593,0.1848774366607103
B03001,personal,59,loyal,E,0.35,21000.0,0.7640653328099265,high,16045.371989008456,4757.314689732133,0.2810649325560297,-1.6081478058002148
B03002,personal,23,loyal,D,0.1430775212726669,20000.0,0.6269571082294603,med,12539.142164589206,22712.40305768109,0.046006955365402585,0.026387557986526422
B03003,salary_advance,11,established,B,0.07364238048423961,41500.0,0.704235070833407,high,29225.755439586388,32802.96729412919,0.07424571070439152,0.7215924161453029
B03004,personal,23,loyal,A,0.029920786834152117,77000.0,0.5287885313828763,med,40716.71691648148,6152.344878036495,0.5515067523527728,2.145345018802468
B03005,salary_advance,53,loyal,B,0.05905800379179013,6500.0,0.5596058982716332,med,3637.4383387656158,30644.029579875612,0.009891644986626192,1.317889154111613
B03006,personal,6,new,B,0.06252783807183568,6500.0,0.582744145160477,med,3787.8369435431005,25150.654810466476,0.012550491468605117,1.1262162317783488
B03007,personal,10,established,E,0.29647915365484506,3500.0,0.7548915933524116,high,2642.120576733441,14083.854242346057,0.01563327132893632,-1.2091045736219388
B03008,personal,14,established,D,0.14667182801820586,11500.0,0.6872700612876651,med,7903.605704808148,21222.922697370916,0.03103407660320054,-0.12682249565295442
B03009,salary_advance,13,established,B,0.04342046490082865,16500.0,0.3898713491718503,med,6432.8772613355295,47951.352715333946,0.011179519966698833,1.570746442328864
B03010,personal,13,established,E,0.22405052199740078,2500.0,0.6825288932146851,med,1706.3222330367128,15743.707121915802,0.00903176858656038,-0.8877335503999231
B03011,salary_advance,8,established,B,0.06187473757478457,26500.0,0.5348923373705564,med,14174.646940319744,28095.59528645771,0.04204290979836744,1.3152226289731026
B03012,salary_advance,35,loyal,B,0.05701215932851214,27500.0,0.4821062433999641,med,13257.921693499013,32553.095656515532,0.0339392240740844,1.483317864600333
B03013,salary_advance,7,established,C,0.08577035735258759,14000.0,0.3635486095021906,med,5089.680533030668,17116.291041734643,0.02477990374112253,0.6247236484498202
B03014,personal,14,established,E,0.18737053825228467,7500.0,0.4321526620450369,med,3241.1449653377767,46842.63413849311,0.005766016765402101,-0.3287026251359748
B03015,salary_advance,29,loyal,E,0.19446118446271496,4500.0,0.5465864789295642,med,2459.6391551830393,33594.3279144866,0.006101325501148042,-0.2362951545724351
B03016,salary_advance,16,established,A,0.03511982034411516,12500.0,0.3346821574858262,low,4183.526968572827,23422.420506023893,0.014884339015748062,2.125379294103314
B03017,personal,9,established,C,0.1087536213081414,6000.0,0.5055234516739195,med,3033.140710043517,98694.27893474688,0.002561057525979563,0.6318625177240305
B03018,personal,7,established,C,0.08707735152714473,13000.0,0.6173186678510745,med,8025.142682063968,46953.739989488095,0.014242995133544599,0.3406161246754489
B03019,personal,14,established,E,0.18296145543824055,4500.0,0.5302195381484796,med,2385.987921668158,10642.508675443685,0.01868284376074427,-0.4128497482022511
B03020,personal,10,established,D,0.1471554667252969,5000.0,0.5747558897565558,med,2873.779448782779,21719.44948090339,0.01102613677857996,0.03787162958997776
B03021,salary_advance,18,established,C,0.09016333184470321,9000.0,0.43533747721628074,med,3918.037294946527,104469.81262758255,0.0031253344837148286,0.5147172699700329
B03022,personal,7,established,D,0.13325510508145816,9000.0,0.5808230768459234,med,5227.407691613311,15674.65237172025,0.02779119417157669,0.39987568473357277
B03023,personal,25,loyal,B,0.07448290484085175,10500.0,0.567177493395315,med,5955.3636806508075,27902.835293173033,0.017786017137918782,1.1343402884719342
B03024,personal,17,established,E,0.22144097631928775,40000.0,0.4647877653373996,med,18591.510613495986,52946.98225978153,0.029261205927150764,-0.7824715258550916
B03025,personal,18,established,E,0.35,2000.0,0.5730326198802557,med,1146.0652397605113,38513.991630831166,0.002479759500447505,-1.4665969654870044
B03026,personal,36,loyal,C,0.089148866516639,39000.0,0.417040153530384,med,16264.565987684975,41691.73305895325,0.03250957442947269,0.4842808512734975
B03027,salary_advance,12,established,E,0.3448771451987949,2000.0,0.6869088175294786,med,1373.8176350589572,40363.2603405041,0.0028363616307450637,-1.3972173373247618
B03028,personal,11,established,D,0.1738328359028083,4500.0,0.5989442775032329,med,2695.2492487645477,27281.551940695386,0.008232819912589888,-0.3236609949936378
B03029,personal,12,established,E,0.227224518747054,43500.0,0.5914845954349672,med,25729.579901421075,17400.02781900376,0.12322576036976238,-0.5091898301117628
B03030,salary_advance,14,established,B,0.06606574496619005,14500.0,0.5138609547266583,med,7450.983843536545,34170.579554081,0.018171050312799156,0.8417481922016692
B03031,personal,15,established,A,0.020278246002447615,18000.0,0.5104694050133209,med,9188.449290239778,21557.366177335964,0.03551937195022432,1.982597035486309
B03032,personal,10,established,E,0.35,6500.0,0.690792985661892,med,4490.154406802298,20645.586351242106,0.018123948021349347,-1.944590623903561
B03033,personal,5,new,A,0.02686228062836445,12000.0,0.43206581563616775,med,5184.789787634013,60800.879780593765,0.007106242824040075,1.9241850303184007
B03034,salary_advance,12,established,C,0.119440427258377,20500.0,0.4969857280042554,med,10188.207424087235,21817.16238978694,0.03891511050667365,0.11692484088097396
B03035,salary_advance,20,loyal,B,0.06267536481623548,6500.0,0.5107654115239854,med,3319.9751749059046,68759.6054443469,0.0040236501667065844,1.0978086821725799
B03036,personal,17,established,E,0.31878485282894736,13000.0,0.621453763571346,med,8078.898926427498,30983.853335638985,0.021728787891850093,-1.4148321576237166
B03037,personal,31,loyal,B,0.040348889343591224,47000.0,0.6973935141220916,med,32777.495163738306,24648.436456174593,0.110816681421887,1.3968715702263206
B03038,personal,48,loyal,C,0.08991536443827654,22000.0,0.5062944006650267,med,11138.476814630589,9900.505068584285,0.09375343932346918,0.44147253635172423
B03039,salary_advance,24,loyal,B,0.07225195544079017,14000.0,0.561859507582229,med,7866.033106151206,86328.98210076064,0.0075930787424419105,0.688532588811713
B03040,personal,35,loyal,E,0.35,7500.0,0.6882559654528058,med,5161.919740896044,26815.000890071165,0.01604176632965467,-1.5373851149029538
B03041,salary_advance,25,loyal,B,0.06979644241259252,9500.0,0.6618475505073843,med,6287.551729820151,7716.152307605018,0.06790465289743738,0.8237968138474274
B03042,salary_advance,42,loyal,B,0.04508401762608466,11000.0,0.41549225040482135,med,4570.414754453035,46316.293873431794,0.008223194568313575,1.595828323816574
B03043,personal,45,loyal,C,0.11030861972917594,21000.0,0.6827535919256205,med,14337.82543043803,26170.667549089736,0.04565488379800208,0.16372136451681132
B03044,salary_advance,27,loyal,A,0.029620833561981193,18000.0,0.4668542534082795,med,8403.37656134903,16119.274379118157,0.04344372852289209,1.9241993456441504
B03045,salary_advance,24,loyal,A,0.029822546413919945,12000.0,0.717686581185447,high,8612.238974225364,44898.105458931976,0.015984785412424818,1.8828951718913625
B03046,personal,14,established,E,0.24347226167606587,17000.0,0.6371328328220888,med,10831.25815797551,6622.294443998397,0.13629790311060017,-0.6410953827408479
B03047,salary_advance,16,established,A,0.02998865361687307,4500.0,0.36161893274188595,med,1627.2851973384868,18164.921862789906,0.007465327998794908,1.9451138587973928
B03048,salary_advance,13,established,D,0.12148990656507434,22000.0,0.5306084884012663,med,11673.386744827858,22818.540949900806,0.04263121953640439,0.3952949643250824
B03049,personal,23,loyal,C,0.08665816405913274,22000.0,0.6704840240554547,med,14750.648529220003,42989.16434359385,0.02859373354977786,0.4497452507878307
B03050,salary_advance,11,established,C,0.10073911511492648,5500.0,0.5537017752181039,med,3045.3597636995714,92239.0033207666,0.002751330469451873,0.4489812226027311
B03051,personal,14,established,D,0.12506652700327572,3000.0,0.5568248658266806,med,1670.4745974800417,23514.608676633525,0.0059199886492263595,0.06931575094112594
B03052,salary_advance,4,new,E,0.35,6500.0,0.7421395725623082,high,4823.907221655003,34647.10000378121,0.01160247952721523,-2.6301333566585083
B03053,salary_advance,42,loyal,C,0.09195904079414939,5500.0,0.5058263372337525,med,2782.0448547856386,121980.1447032259,0.001900613184188208,0.5644936018102793
B03054,personal,14,established,E,0.35,33000.0,0.6213538739566409,med,20504.677840569148,26973.36682689999,0.0633485305837567,-1.3639464716624543
B03055,personal,21,loyal,A,0.025324762165278663,4500.0,0.3848156055703085,med,1731.6702250663884,34804.76148946272,0.004146152592729442,2.0263357022156767
B03056,personal,36,loyal,A,0.029105552603548298,7500.0,0.6475229309921889,med,4856.421982441417,13622.207935568962,0.029708974770044486,1.9860829917212004
B03057,personal,19,loyal,B,0.04474569621769641,4000.0,0.3883003125929037,med,1553.2012503716148,79026.77032359637,0.0016378429360198812,1.251938332455588
B03058,personal,36,loyal,C,0.10375449956006629,21000.0,0.5733259497358312,med,12039.844944452454,18176.103399777745,0.055199972731777756,0.16153256266111157
B03059,personal,8,established,E,0.25706584666902865,6000.0,0.6618812475422169,med,3971.2874852533014,31185.677451238153,0.010611942751237852,-1.0080149366036986
B03060,personal,60,loyal,D,0.16130453041231615,18500.0,0.5778195924479081,med,10689.662460286301,30703.43089645303,0.029013213801027282,-0.2575810012756048
B03061,personal,29,loyal,A,0.02079388758451664,79500.0,0.34467158735640335,low,27401.39119483407,28196.019010160053,0.080984810849126,2.342641906426033
B03062,personal,18,established,E,0.22347383960279696,10000.0,0.5040151428642452,med,5040.151428642452,21186.669742347483,0.01982438128131223,-0.6921973865199604
B03063,salary_advance,36,loyal,E,0.33570492973485916,3000.0,0.6937475847740707,med,2081.242754322212,30721.85085870933,0.005645392167000579,-1.6055953543860637
B03064,personal,8,established,B,0.058992954019559916,4000.0,0.44103069800563993,med,1764.1227920225597,70724.0604384707,0.0020786452553363255,1.0301655084853936
B03065,personal,14,established,B,0.04741847037599556,27500.0,0.30360846592715274,low,8349.2328129967,94326.145293522,0.0073762094159363625,1.5005031136178935
B03066,personal,36,loyal,A,0.022886175858143617,7500.0,0.5143340871637544,med,3857.505653728158,24432.547084616283,0.013156991097328118,2.0592156871665224
B03067,personal,5,new,C,0.08029337212324897,41000.0,0.4471719870879799,med,18334.051470607177,21010.86977327491,0.07271653382450421,0.6883480042493285
B03068,salary_advance,22,loyal,A,0.03183410779555308,30000.0,0.5438065963303074,med,16314.197889909221,17243.31075467701,0.07884312416378729,1.951519677234781
B03069,personal,22,loyal,C,0.09092984442465255,13500.0,0.5242001493478532,med,7076.702016196018,117874.35918243934,0.005002997870839672,0.45293407405354186
B03070,personal,48,loyal,E,0.35,7000.0,0.6286709549018872,med,4400.69668431321,28878.68890827269,0.012698801003660325,-1.6762956234916633
B03071,salary_advance,6,new,C,0.08711603402018968,38500.0,0.5517567274787198,med,21242.634007930716,49675.8119864255,0.035635441674202045,0.3778810415000136
B03072,salary_advance,39,loyal,B,0.05558935133273605,16000.0,0.3933293937805484,med,6293.270300488774,39464.758102432614,0.013288797826815297,1.3715727724194169
B03073,salary_advance,12,established,D,0.12701087988410162,12500.0,0.47529880304345445,med,5941.235038043181,90637.28433699391,0.005462464188535423,0.21472994343374963
B03074,salary_advance,12,established,D,0.12614973241078453,8500.0,0.533382929563007,med,4533.75490128556,23476.726484897805,0.016093083023457473,0.1691638812603849
B03075,salary_advance,8,established,E,0.24800570959975066,7000.0,0.48959734904191443,med,3427.181443293401,14634.139939634237,0.019515902867259422,-0.6141180390183223
B03076,personal,9,established,E,0.26934969942458603,6000.0,0.6836209819421609,med,4101.725891652965,74809.37298720806,0.00456908643024622,-1.001738743272026
B03077,personal,20,loyal,A,0.0219862890676214,54500.0,0.43839443384476484,med,23892.496644539682,44214.96319292772,0.04503094073282967,2.23814851476607
B03078,personal,8,established,A,0.03964596704446586,17500.0,0.34499710887790924,low,6037.449405363412,34577.40476601387,0.014550565237180605,1.8743463698801421
B03079,personal,24,loyal,D,0.13451258526068618,22000.0,0.4960105273649994,med,10912.231602029986,62589.69610180991,0.014528791320912053,0.39735286875389647
B03080,personal,11,established,C,0.10495796751166073,3000.0,0.5623565321315991,med,1687.0695963947971,35679.506918566294,0.003940332845792283,0.28152360509292695
B03081,personal,8,established,E,0.2722311154029437,15000.0,0.5756174703072636,med,8634.262054608955,63795.97501807794,0.011278483284881027,-0.9808580570370188
B03082,salary_advance,12,established,B,0.07677937116638829,10000.0,0.5620361533737199,med,5620.361533737199,30810.953613195466,0.015201199775399996,0.9925748499394539
B03083,salary_advance,19,loyal,A,0.018985279559434787,19000.0,0.5156598275947425,med,9797.536724300107,44181.96060221707,0.01847951930070539,2.5096491716141998
B03084,salary_advance,14,established,E,0.3299379837859844,2000.0,0.8179520674039816,high,1635.9041348079634,35936.732076110195,0.0037934819526329673,-1.1792307799446933
B03085,personal,16,established,C,0.11132870732714807,39000.0,0.6561851127773267,med,25591.21939831574,22496.025895677536,0.09479903812415495,0.4638832997023938
B03086,personal,24,loyal,B,0.06401304836235219,15000.0,0.36276229828538564,med,5441.434474280784,24029.445572631812,0.01887071724090003,0.9390222426450403
B03087,personal,29,loyal,B,0.0740846581827331,10000.0,0.48845414231036155,med,4884.541423103616,21675.237991303475,0.018779268710003662,0.9276065148892575
B03088,personal,13,established,A,0.03926655263756044,7000.0,0.46668794717203055,med,3266.815630204214,31132.82171958364,0.008744296880713065,1.6428176678484692
B03089,salary_advance,9,established,A,0.01779913857189518,8000.0,0.5202452268512178,med,4161.9618148097425,20937.742623342514,0.016564830195566566,2.3860182121711526
B03090,salary_advance,17,established,C,0.1143065755368629,5000.0,0.4666101204836678,med,2333.050602418339,34191.9241861005,0.005686163857777165,0.11651632212733762
B03091,salary_advance,21,loyal,B,0.04279648070511048,7000.0,0.44903296496814915,med,3143.2307547770442,33558.51336146912,0.007805348628231168,1.423173672156358
B03092,salary_advance,7,established,C,0.11610732456627018,9000.0,0.42437323256961573,med,3819.3590931265417,30116.689739442223,0.010568224037264547,0.43423370572605935
B03093,salary_advance,10,established,E,0.195289694201189,7500.0,0.5247437339653429,med,3935.5780047400717,30405.6969149492,0.010786295563154575,-0.28211529293969584
B03094,personal,11,established,D,0.12811769659015645,8500.0,0.49936262681076327,med,4244.582327891488,19704.707935166392,0.017950796081564475,0.27081415688101457
B03095,personal,14,established,C,0.09072967189408523,14000.0,0.5048592423902507,med,7068.02939346351,23038.292404747666,0.02556623725002781,0.671499528500248
B03096,personal,10,established,D,0.1275868902791999,8500.0,0.43946072715829,med,3735.416180845465,10733.931227011934,0.029000062992184477,0.21692868541698562
B03097,personal,24,loyal,E,0.20597471218483646,2500.0,0.6830826467760746,med,1707.7066169401864,25186.712672334634,0.005650157152160996,-0.4811812094861174
B03098,personal,6,new,E,0.20671624971875893,17500.0,0.6368637811565478,med,11145.116170239588,15643.39126560054,0.05937073778213426,-0.4635606398556775
B03099,personal,6,new,E,0.20731701081112366,7000.0,0.44831347403875077,med,3138.1943182712553,28422.00184114639,0.009201188383946818,-0.4559074201746574
B03100,salary_advance,13,established,D,0.1690906189003125,10500.0,0.5911692449602755,med,6207.277072082892,18160.986668997237,0.028482653435525175,-0.49244395493070436
B03101,personal,14,established,C,0.10110144964374647,37500.0,0.39589902629929064,med,14846.213486223398,8709.154221734289,0.14205563774468535,0.31353958160566875
B03102,salary_advance,7,established,B,0.06867433136940063,14500.0,0.658366364941844,med,9546.312291656737,92859.57073184662,0.008566979343486226,0.7681120962930776
B03103,salary_advance,11,established,B,0.059299819449575714,10500.0,0.6628153225982303,med,6959.560887281418,23687.76252611102,0.0244836719649717,1.329517600887196
B03104,salary_advance,13,established,E,0.245935984613815,7000.0,0.5931050349413087,med,4151.735244589161,59628.076475088536,0.005802265602071529,-0.5076223481606312
B03105,salary_advance,13,established,D,0.12652934190089501,19000.0,0.48908383663012445,med,9292.592895972364,20133.807892312285,0.038461812364203284,-0.2274786862287933
B03106,personal,17,established,B,0.05281686819729416,28000.0,0.4322972031778236,med,12104.32168897906,68457.20150039572,0.01473465832627934,1.5545694519312379
B03107,salary_advance,11,established,D,0.1251356705117011,5000.0,0.5133082014966602,med,2566.541007483301,14279.299429338198,0.01497821502719113,0.1855041359270798
B03108,personal,37,loyal,C,0.11777164383033983,13500.0,0.5378363476545832,med,7260.790693336873,29638.1412541682,0.020415109231126695,0.43013102925163393
B03109,salary_advance,21,loyal,C,0.09861654010743601,23000.0,0.6706798866031408,med,15425.637391872238,14753.57668061069,0.08712936601640457,0.5748962786043507
B03110,personal,10,established,B,0.07262714591825019,25500.0,0.6103062424249069,med,15562.809181835128,112466.28352931053,0.011531462803382617,1.1330308187216436
B03111,personal,17,established,B,0.059268710921474566,6500.0,0.6087985677990551,med,3957.190690693858,23456.576654258388,0.014058568552086138,1.1718086807150292
B03112,salary_advance,17,established,A,0.03739000007323038,11000.0,0.5168548846067446,med,5685.40373067419,42431.61092496017,0.011165817980861727,1.4632081005888478
B03113,salary_advance,32,loyal,B,0.07756263291624378,9500.0,0.4160163278105163,med,3952.155114199905,34469.066736158726,0.00955483541337567,0.7765676113575479
B03114,personal,11,established,E,0.27267733987419424,4000.0,0.5397115278186269,med,2158.8461112745076,26528.274495471403,0.006781588551374498,-0.8724359774890017
B03115,salary_advance,25,loyal,A,0.016201372293787132,19000.0,0.4578768891952536,med,8699.660894709818,35765.74695904458,0.02027000140821844,2.6752130777592544
B03116,personal,16,established,C,0.0809727666174799,9500.0,0.40892769399998885,med,3884.8130929998943,56814.40128178607,0.005698105007056419,0.8563089769555172
B03117,salary_advance,37,loyal,C,0.1131266224883679,5500.0,0.5827700899194125,med,3205.2354945567686,38851.938908471544,0.006874893901922865,0.29334101860761036
B03118,personal,33,loyal,A,0.03108135834852354,7500.0,0.5656235657796013,med,4242.1767433470095,29417.65197017752,0.012017095347060002,1.8238188469444112
B03119,personal,18,established,E,0.18129041443355795,17500.0,0.6431642863331162,med,11255.375010829533,35797.295179459616,0.02620164213153511,-0.5356089152590949
B03120,personal,14,established,B,0.04487890803816394,27000.0,0.5530272713851766,med,14931.736327399769,77131.82708594884,0.016132268709648193,1.4107034031886563
B03121,personal,21,loyal,A,0.03337975408802768,29500.0,0.30755691842055094,low,9072.929093406252,21391.614850450478,0.035344569810941556,1.8782845893844913
B03122,personal,14,established,E,0.21237836110667285,27000.0,0.726662316708985,high,19619.882551142593,9704.66719059251,0.16847462983379166,-0.9214827716810559
B03123,personal,41,loyal,B,0.06000165219538747,43500.0,0.3672071350817291,med,15973.510376055216,14719.441737838508,0.0904331759573063,0.9817583030209609
B03124,personal,17,established,B,0.05928042680249374,9500.0,0.5128001831443804,med,4871.601739871613,15334.064504238653,0.026474833958325276,0.7821907039613288
B03125,personal,13,established,A,0.01605998677871942,5000.0,0.5157974980061303,med,2578.9874900306513,16569.123297435814,0.012970850678773127,2.614909199586332
B03126,personal,12,established,E,0.2710213509785962,16500.0,0.643432795925137,med,10616.64113276476,16885.34154220038,0.052395747648097186,-0.7423011176338571
B03127,personal,8,established,A,0.03933242305028204,16500.0,0.376049604130735,med,6204.818468157127,26556.245480257057,0.019470681804932447,1.432543276993829
B03128,salary_advance,22,loyal,C,0.0873228404706887,9500.0,0.4229266231761405,med,4017.8029201733348,30824.954775413204,0.010861878385674173,0.7673460180335542
B03129,salary_advance,10,established,E,0.35,39000.0,0.651021710026531,med,25389.84669103471,30643.30394065083,0.06904675036621681,-0.8913641835805693
B03130,personal,30,loyal,D,0.13943625050720104,5500.0,0.6063640870813732,med,3335.002478947553,18003.962428361592,0.015436428194708278,0.2800128301657128
B03131,salary_advance,8,established,C,0.11109861807669619,38000.0,0.44023658566222074,med,16728.990255164386,46473.848582079576,0.029997139548310625,0.3524647610997071
B03132,personal,17,established,E,0.31622430010101127,9000.0,0.6623943856736505,med,5961.5494710628545,36096.482502805025,0.013762997245413935,-1.058890193115289
B03133,personal,30,loyal,B,0.06844657702625728,3500.0,0.38255627923421126,med,1338.9469773197395,64197.51299946488,0.0017380566561445304,0.7121736188515295
B03134,salary_advance,5,new,B,0.05467356067417089,25000.0,0.5825915483633052,med,14564.78870908263,42861.04164858648,0.028317846364417056,0.9578092554985816
B03135,salary_advance,49,loyal,B,0.06687800309973868,15000.0,0.43331765745959167,med,6499.764861893875,22198.001311108263,0.024400713570254636,0.9882006540620124
B03136,salary_advance,13,established,D,0.1712007759002295,11500.0,0.5857885714668003,med,6736.568571868203,55161.391985162765,0.010177058520810165,-0.19184408937987663
B03137,personal,17,established,E,0.18099243302191845,11500.0,0.5690087319169888,med,6543.600417045371,31271.81049223163,0.017437430905679136,-0.148472068406966
B03138,salary_advance,22,loyal,B,0.07454017585445913,6000.0,0.6432996412446773,med,3859.797847468064,41726.35574464448,0.007708552900971275,0.7454566432065488
B03139,personal,24,loyal,C,0.09147854323729986,6000.0,0.5621747875399539,med,3373.0487252397234,39984.0680131937,0.0070299848849102965,0.6173216274810487
B03140,personal,19,loyal,B,0.04480955187962202,4000.0,0.4393721401722466,med,1757.4885606889864,25125.13683953358,0.005829117707608645,1.509830762240031
B03141,personal,28,loyal,C,0.08387248865293093,6000.0,0.5707672911075179,med,3424.6037466451075,28475.481827314754,0.010022083112918856,0.6719397533860894
B03142,salary_advance,21,loyal,E,0.22164959219549896,4000.0,0.7800048412695393,high,3120.019365078157,25027.83669913821,0.010388497291316664,-0.6526966286297106
B03143,personal,43,loyal,D,0.14304418827980808,7500.0,0.6438054292712204,med,4828.540719534153,16829.347922203924,0.023909327631383263,-0.1623210719886914
B03144,salary_advance,21,loyal,B,0.07332768495425317,6000.0,0.5188894754712057,med,3113.336852827234,8270.232258823342,0.031370913127476745,0.9160210508966367
B03145,salary_advance,48,loyal,A,0.03344783157626179,11500.0,0.4018314266471904,med,4621.06140644269,18368.76498543281,0.02096430820701783,1.8741244849541139
B03146,salary_advance,26,loyal,A,0.026424822267319244,7500.0,0.41567317216660093,med,3117.548791249507,30017.658707493843,0.008654763355653322,2.0478464415365516
B03147,salary_advance,6,new,A,0.029138700782408378,7500.0,0.5418676625480543,med,4064.0074691104073,48877.46269174042,0.0069289048662046,2.124685341587455
B03148,salary_advance,60,loyal,C,0.08360474470620284,42500.0,0.43915040233049546,med,18663.892099046057,41680.74262831695,0.037315178269652985,0.8806143975793048
B03149,personal,11,established,C,0.08728808254536409,59500.0,0.5325098632691504,med,31684.336864514447,23068.25704864437,0.11445864331268876,0.7633091755024936
B03150,personal,37,loyal,E,0.25729527642742805,14500.0,0.7430466796835544,high,10774.176855411539,18506.97285989472,0.04851404268441784,-1.0544615344029693
B03151,personal,16,established,C,0.1042889488756775,3500.0,0.5616396580328359,med,1965.7388031149255,24369.050762382027,0.006722115215875218,0.42988157316148295
B03152,personal,29,loyal,E,0.20379530108765848,10000.0,0.4928841177937128,med,4928.841177937128,15736.630789619581,0.026100680019704725,-0.6752641014608617
B03153,personal,11,established,D,0.15028615390839642,5000.0,0.7605437841159998,high,3802.7189205799987,8405.165236484385,0.03770220268914225,-0.06253919575474984
B03154,personal,23,loyal,A,0.015,13000.0,0.598207899787952,med,7776.702697243376,11500.783658693997,0.056349078231179135,3.429838388872142
B03155,personal,14,established,D,0.13395341616083584,37500.0,0.6039412093002244,med,22647.795348758416,57302.97075459455,0.03293574930252419,0.3035542361904297
B03156,personal,39,loyal,E,0.21614763156860925,7000.0,0.7084665227561111,high,4959.265659292778,74720.27086709952,0.005530923984596638,-0.4638132191803288
B03157,personal,20,loyal,C,0.08999694271305846,42000.0,0.5042594589586948,med,21178.897276265183,40727.855011840125,0.04333417769834306,0.8077890059579054
B03158,salary_advance,27,loyal,D,0.13702435591567338,12500.0,0.6279319999833423,med,7849.149999791778,26056.33115188255,0.025103144011459324,0.2329248134106453
B03159,personal,5,new,E,0.32597259419914976,3500.0,0.5963265093981881,med,2087.1427828936585,12504.711784714573,0.01390904230625642,-1.3107441131575512
B03160,salary_advance,15,established,A,0.018909318227522145,5000.0,0.331660974297279,low,1658.3048714863949,24621.550769645262,0.005612646982181019,2.453139533390501
B03161,salary_advance,20,loyal,B,0.043812634506403055,29000.0,0.728327508846244,high,21121.497756541074,37665.94261460638,0.0467298756081717,1.8168120262667529
B03162,personal,18,established,C,0.10731416286593612,8500.0,0.4107686721010882,med,3491.5337128592496,42464.966607982366,0.006851792571139742,0.34553662499574495
B03163,salary_advance,27,loyal,C,0.09049241524455474,3500.0,0.5770177844071669,med,2019.562245425084,39294.74407831307,0.004282935484959867,0.35817670975245874
B03164,personal,13,established,E,0.2002537897281048,3000.0,0.6132741435328612,med,1839.8224305985837,52326.720993155905,0.002930023761727181,-0.3107894829721992
B03165,salary_advance,16,established,A,0.0327028586103537,73500.0,0.5346646458896718,med,39297.85147289088,78325.12763036058,0.04181060478482828,1.8924818668441503
B03166,personal,31,loyal,C,0.10204562078935757,6000.0,0.5272635499751361,med,3163.581299850817,21530.756064727866,0.012244427190341687,0.7065775376645679
B03167,personal,4,new,E,0.35,27500.0,0.7022888016297597,high,19312.942044818392,125859.51787855882,0.012787366932559779,-3.4328051429488133
B03168,personal,22,loyal,A,0.015,19000.0,0.46001653505891,med,8740.31416611929,8857.628537945979,0.08222962960379185,2.820938515658837
B03169,personal,13,established,D,0.1510121110237222,5000.0,0.6082576235837354,med,3041.288117918677,17534.553606146386,0.014453785490403619,0.18306235697228504
B03170,salary_advance,9,established,B,0.06785384250997979,9500.0,0.5322539054831735,med,5056.412102090148,30031.440825938123,0.014030884419313118,0.693369005734817
B03171,salary_advance,19,loyal,A,0.030798846619668408,29000.0,0.47815160753325414,med,13866.39661846437,36386.90577464416,0.03175683743749156,1.8366948134347965
B03172,salary_advance,32,loyal,B,0.04897656208101508,10500.0,0.38077356793576345,med,3998.122463325516,24345.453352759436,0.013685383760004168,1.2154028273115869
B03173,salary_advance,29,loyal,A,0.03224442806742168,4000.0,0.6893450020424645,med,2757.3800081698582,20482.55307275327,0.011218409469332861,1.4969086177168096
B03174,salary_advance,15,established,D,0.1670947896460292,5000.0,0.624545190836771,med,3122.725954183855,90347.80286671607,0.002880282138488192,-0.0737234673649248
B03175,personal,26,loyal,E,0.2353603853518376,16000.0,0.6284824957030731,med,10055.71993124917,19951.559369495393,0.042000559726606705,-0.8297953239663866
B03176,salary_advance,26,loyal,B,0.0731084469692788,15000.0,0.4581561956667685,med,6872.342935001528,15357.27101194003,0.037291472172249825,1.0302327814731966
B03177,personal,15,established,B,0.049335867238341935,11000.0,0.4033514593727029,med,4436.866053099732,68183.2429492785,0.005422722970706448,1.43161465227459
B03178,personal,11,established,E,0.23897696588611445,4000.0,0.6814955871551995,med,2725.9823486207983,42917.45849848404,0.005293071949412474,-0.6478025583831176
B03179,personal,11,established,E,0.22278851673506905,6500.0,0.5882299556064235,med,3823.494711441753,49123.58142752505,0.006486183417976122,-0.7280239948197764
B03180,salary_advance,26,loyal,A,0.026857024881062213,30000.0,0.541454982552544,med,16243.64947657632,29963.318045061955,0.04517648727506143,1.9710192603799372
B03181,personal,16,established,E,0.19815314501513936,2500.0,0.4568087387138518,med,1142.0218467846296,12622.135282064657,0.007539808844172469,-0.4572452051410914
B03182,personal,9,established,E,0.21196040532609933,45000.0,0.7283576962304825,high,32776.096330371714,28184.87718813928,0.09690804549660088,-0.410559913834402
B03183,personal,6,new,E,0.18386399775551343,18000.0,0.6700595961133161,med,12061.07273003969,11701.494210244015,0.0858941068645809,-0.3731442729462419
B03184,personal,25,loyal,C,0.10064696885989335,5500.0,0.5418135036387168,med,2979.9742700129427,30738.428272766392,0.008078851233514808,0.3350190190095209
B03185,personal,12,established,E,0.3447357670955297,12000.0,0.6890033012729029,med,8268.039615274834,38536.90426822209,0.017879051635215592,-1.5736380959020388
B03186,salary_advance,19,loyal,D,0.12472394728005852,12500.0,0.6288215888499962,med,7860.269860624952,48604.9583414216,0.013476454064300605,0.2106598874583735
B03187,salary_advance,32,loyal,B,0.062011202805708064,15000.0,0.38916063406648493,med,5837.409510997274,25570.29346408056,0.019024059824203413,0.9803680191397219
B03188,personal,8,established,C,0.11914903579460448,5500.0,0.7103777913318501,high,3907.0778523251756,40596.99403947439,0.008020047511658412,0.2232379361748293
B03189,personal,16,established,B,0.056247045705102486,45000.0,0.5616174428704684,med,25272.78492917108,16364.750695519606,0.12869523342881492,1.1579930525795872
B03190,personal,14,established,A,0.03136643424869699,11500.0,0.4153561456858179,med,4776.595675386906,45782.0467826034,0.008694448317387795,1.8393922221948047
B03191,personal,20,loyal,A,0.03287738041649699,29500.0,0.37541144976669205,med,11074.637768117416,38988.338393403166,0.02367083386227621,1.9124834466644032
B03192,personal,32,loyal,B,0.055499672500550795,6500.0,0.6047725643953499,med,3931.021668569774,17324.177037595626,0.01890913134497417,1.3146523840739346
B03193,salary_advance,7,established,D,0.1575881881376918,5500.0,0.5825056713708864,med,3203.781192539875,36015.311770372864,0.007413007216131217,0.20126540923279257
B03194,salary_advance,22,loyal,D,0.14255903539545878,51500.0,0.6095164843642175,med,31390.0989447572,48988.784617301906,0.05339674374787206,0.12693093004311995
B03195,personal,29,loyal,D,0.12829214218635474,9000.0,0.5528345544245364,med,4975.510989820828,28092.425344781892,0.014759349209961263,0.417878432508402
B03196,personal,14,established,C,0.08162036792020345,3500.0,0.4382852739980582,med,1533.9984589932037,17113.41698955474,0.007469765096831566,0.585578769772898
B03197,personal,15,established,B,0.06072294566105093,24000.0,0.5770116742642014,med,13848.280182340834,29666.261207393163,0.03890019508898571,0.8219377982456677
B03198,personal,20,loyal,B,0.06465878531293817,6500.0,0.49996311924229414,med,3249.760275074912,36455.510685109366,0.007428598616967371,1.0230857335158503
B03199,salary_advance,19,loyal,C,0.09923114433396303,23000.0,0.536588341854271,med,12341.531862648231,17042.905597995214,0.06034540194102811,0.6288245286239474
B03200,salary_advance,22,loyal,B,0.047373556854194844,48500.0,0.7198985670195437,high,34915.08050044787,15456.66890675811,0.188241726548974,1.5368622398422613
B03201,salary_advance,22,loyal,A,0.03463858255685095,4500.0,0.5654512799819316,med,2544.530759918692,35842.59566018876,0.005915984210617509,2.0108725050835026
B03202,salary_advance,9,established,A,0.03819459517409285,10500.0,0.5999553821559249,med,6299.531512637212,42311.9517952539,0.01240691901727206,1.2301603840675415
B03203,salary_advance,28,loyal,C,0.09776200185173978,59000.0,0.7737121791314824,high,45649.01856875746,87760.47796943769,0.043346218807679575,0.717986944836601
B03204,salary_advance,31,loyal,D,0.15730622964382615,34500.0,0.6094640570602843,med,21026.50996857981,38798.99574029158,0.04516119890775165,-0.08384869250600668
B03205,personal,18,established,E,0.21371605590685808,6500.0,0.6185447875094013,med,4020.541118811109,13835.666479022835,0.024216042916490002,-0.8575674293881075
B03206,personal,7,established,E,0.24741707901972962,10000.0,0.5384758441430416,med,5384.7584414304165,82609.58104628223,0.005431934945509521,-0.6812176235921815
B03207,personal,15,established,C,0.11993017712566785,13000.0,0.5100943945834737,med,6631.227129585159,48061.798539692696,0.011497744104236691,0.2570751986749299
B03208,personal,18,established,C,0.10113752747122318,5500.0,0.3438365983871274,low,1891.1012911292005,8929.36786063652,0.017648704445863538,0.5198037535556334
B03209,personal,8,established,E,0.35,8000.0,0.7116372742454599,high,5693.098193963679,15265.344810986118,0.031078554423188697,-1.41453231794403
B03210,personal,13,established,E,0.21297875020496834,4500.0,0.4688703761067065,med,2109.9166924801793,20530.007359786723,0.008564360838195118,-0.5039951083635509
B03211,salary_advance,7,established,B,0.07410921438939785,5500.0,0.6246086425820655,med,3435.3475342013603,42657.31308750345,0.006711134397897948,0.5932854653053938
B03212,salary_advance,22,loyal,D,0.15522088590998398,7500.0,0.5702452961642798,med,4276.839721232098,7268.460370092905,0.04903422347449895,-0.1496799100976025
B03213,personal,18,established,C,0.08230257749248762,22000.0,0.5565789234287212,med,12244.736315431866,25197.20037637949,0.04049635188475939,0.43390415305960467
B03214,personal,6,new,E,0.1913399900805889,4500.0,0.58050262791415,med,2612.261825613675,41339.62948218519,0.00526585477892627,-0.30742829091656576
B03215,salary_advance,19,loyal,D,0.16618675936165253,5000.0,0.697102119435221,med,3485.5105971761054,5660.333951395322,0.051314855081958786,0.02657972833074329
B03216,personal,15,established,C,0.11594099482404159,3000.0,0.6756312879982989,med,2026.8938639948965,40567.28086286376,0.004163646623754783,0.05320543244889753
B03217,personal,21,loyal,B,0.0708202096447752,6000.0,0.5262287747471722,med,3157.372648483033,43339.46360365017,0.006071011625335987,0.7922803295791006
B03218,personal,13,established,E,0.2295054471480306,39500.0,0.5205959467876761,med,20563.539898113206,16887.70472215484,0.10147194974309758,-0.8485289142699277
B03219,personal,10,established,D,0.15951176579385648,7500.0,0.6650104420899218,med,4987.578315674414,14266.822309961286,0.029132733083526364,-0.24261237981404754
B03220,personal,10,established,C,0.10567856775564581,5500.0,0.4483987616897933,med,2466.1931892938633,16743.050310111146,0.012274710718853336,0.46767837730710793
B03221,salary_advance,12,established,E,0.18002417473324173,45000.0,0.43287790510212953,med,19479.50572959583,6187.869756162543,0.26233456877729816,-0.4120901833167675
B03222,salary_advance,16,established,E,0.35,2000.0,0.6836297950914041,med,1367.259590182808,22484.81695100781,0.005067343862756852,-1.307756840423902
B03223,salary_advance,17,established,E,0.34714663785010197,5500.0,0.7386483926733132,high,4062.5661597032226,30356.864251882416,0.011152244749860006,-1.1865738456897543
B03224,personal,14,established,E,0.21765358717544228,18000.0,0.5521843624520587,med,9939.318524137057,13757.848792195045,0.060203928403979624,-0.4180508640569697
B03225,salary_advance,13,established,E,0.24148199339782614,15000.0,0.6519929052202413,med,9779.89357830362,45918.67933286816,0.01774857516300428,-0.9684182763051384
B03226,salary_advance,13,established,D,0.16881526733418414,5000.0,0.5294150925475809,med,2647.0754627379047,28464.470782935612,0.007749647747783472,0.002278104823754068
B03227,personal,60,loyal,A,0.03438015939595173,18000.0,0.5489046452245172,med,9880.28361404131,31039.31052194966,0.02652626472661283,2.064942851172679
B03228,salary_advance,10,established,E,0.3334128491366968,9000.0,0.7229231577181515,high,6506.308419463364,21566.615846876695,0.025140354524705585,-1.0285983876886817
B03229,personal,12,established,D,0.1703062882448912,11000.0,0.5553714083635227,med,6109.08549199875,40484.48816320623,0.012574951068030108,-0.2826048514777008
B03230,personal,60,loyal,A,0.016869489524437033,8000.0,0.3583685375438704,med,2866.948300350963,54710.36054899837,0.004366857684087302,2.5323045542713842
B03231,personal,20,loyal,B,0.06694787416756215,24000.0,0.38448422444681113,med,9227.621386723467,21501.215483648404,0.03576395248345006,0.8081300829757099
B03232,personal,7,established,D,0.16074407542031188,7500.0,0.6694737564322794,med,5021.053173242095,40887.00126326942,0.010233597105250675,-0.3677232874755995
B03233,personal,26,loyal,C,0.11868981016590913,12500.0,0.44232059762126,med,5529.00747026575,41135.01983540078,0.01120093352004717,0.24311736548076168
B03234,personal,9,established,C,0.11529294378141905,39000.0,0.5846888415153928,med,22802.86481910032,33854.55506335244,0.05612948483207317,0.4293625083932779
B03235,personal,27,loyal,A,0.032754170800733104,30500.0,0.5530431878905796,med,16867.817230662677,67668.75336309447,0.020772533348533323,2.09577193062744
B03236,salary_advance,14,established,D,0.15198609442850347,19000.0,0.5256276067191341,med,9986.924527663548,18041.513374095313,0.046129373594212784,-0.18085360747724266
B03237,personal,12,established,E,0.23833410684084771,4000.0,0.5905704913492513,med,2362.2819653970055,21335.94369155025,0.009226534963518504,-0.7576102828882827
B03238,personal,39,loyal,E,0.27216998479277643,2500.0,0.707344916766058,high,1768.362291915145,17547.59781698727,0.008397931492571831,-0.9788087327802274
B03239,personal,22,loyal,C,0.08924214418040383,9000.0,0.46154587544340314,med,4153.912878990628,40085.17742183456,0.008635596219015308,0.5030960325098041
B03240,salary_advance,28,loyal,E,0.24373628442836867,2500.0,0.5140804275614512,med,1285.201068903628,23158.85644998409,0.004624584521546007,-0.655687369817913
B03241,personal,20,loyal,D,0.1555973948861274,12000.0,0.5482517695799773,med,6579.021234959728,18349.13977393484,0.029878881317301598,-0.06378262482179459
B03242,salary_advance,12,established,E,0.21351852040871222,10500.0,0.7113042397121724,high,7468.69451697781,67153.1556378527,0.009268234736497225,-0.5586834411103524
B03243,personal,23,loyal,B,0.047459352724439074,11000.0,0.6563123543901882,med,7219.43589829207,72782.30909619505,0.00826601499267983,1.4741235102341057
B03244,personal,31,loyal,D,0.16582013281528252,5000.0,0.5645518048699922,med,2822.7590243499612,22453.884374264595,0.0104761347647019,-0.10839638736680579
B03245,personal,17,established,C,0.11439889331740759,22000.0,0.47821660936984534,med,10520.765406136597,12681.830280697352,0.06913280111040669,0.39693032800561595
B03246,personal,44,loyal,E,0.28857904264802753,8500.0,0.721225606720772,high,6130.417657126562,74976.84396342687,0.006813678878549192,-1.2040920016885628
B03247,salary_advance,26,loyal,C,0.08204868017045695,10000.0,0.3637974025576108,med,3637.974025576108,34853.25443002623,0.008698312599186284,0.8815069544528455
B03248,salary_advance,18,established,E,0.26182418049301387,6500.0,0.6359735576842729,med,4133.828124947774,33907.69662169379,0.01015951277736108,-0.8531603058607488
B03249,personal,18,established,E,0.18192028232480462,2500.0,0.5835204114893787,med,1458.8010287234467,28502.59900559202,0.004265111134944922,-0.4256484999298592
B03250,salary_advance,17,established,A,0.0190419037065906,19000.0,0.584887924867755,med,11112.870572487345,17323.604097072628,0.05345726804411145,2.561202574256224
B03251,personal,8,established,B,0.07305534206855481,3500.0,0.6580708234171613,med,2303.2478819600647,21433.12709585032,0.008955171246748831,0.9321743772408836
B03252,personal,15,established,D,0.17820128679819663,7500.0,0.48284451372815906,med,3621.333852961193,39055.774675183646,0.007726842537112737,-0.1284125828313069
B03253,personal,18,established,A,0.015,8000.0,0.448861917967883,med,3590.895343743064,21032.871485210828,0.014227314556439215,3.1989419097831964
B03254,personal,13,established,E,0.30505219262076094,4000.0,0.5650198739777278,med,2260.079495910911,34137.13045524658,0.005517158457108386,-0.9151746903733177
B03255,salary_advance,19,loyal,A,0.03153974428126143,7500.0,0.45292891908881944,med,3396.966893166146,27101.681893594432,0.010445129403478798,1.9152163820753612
B03256,personal,16,established,E,0.35,2000.0,0.700956394187263,high,1401.912788374526,15043.663632842512,0.007765798847218892,-1.5326744568471145
B03257,personal,25,loyal,C,0.11782610233680631,36500.0,0.5253641632721386,med,19175.79195943306,65619.08441238405,0.024352407193668598,0.15607724235205253
B03258,personal,23,loyal,E,0.2414797502048137,15500.0,0.6319237267169815,med,9794.817764113213,37298.862536207154,0.021883638217754145,-0.9477897501805604
B03259,personal,18,established,C,0.09280795884805841,3000.0,0.6435306645958575,med,1930.5919937875726,32268.803989434717,0.004985702792134464,0.2572759150908748
B03260,personal,7,established,D,0.14855688624975288,3000.0,0.7051507902607762,high,2115.4523707823287,36507.08650125795,0.004828862406182964,0.05597025357875674
B03261,salary_advance,44,loyal,D,0.13252079536939865,22000.0,0.5781984425385719,med,12720.365735848582,10035.755653824079,0.10562537735596043,0.4423352008164182
B03262,personal,15,established,B,0.04875839140444184,4000.0,0.5268932222126733,med,2107.5728888506933,20511.709944937968,0.00856247843511626,1.0920570251263066
B03263,personal,15,established,E,0.18838626725444732,7000.0,0.4840908510389607,med,3388.635957272725,11614.210875375678,0.024313862801599327,-0.5670989730027903
B03264,personal,13,established,D,0.12291762427717207,3000.0,0.6998850273721664,med,2099.655082116499,28812.86941164359,0.006072677259014468,0.32685174780732407
B03265,personal,12,established,B,0.0755560794170202,14500.0,0.5776113133797148,med,8375.364044005864,32184.868941396693,0.021685563018386096,0.8205549402713387
B03266,personal,38,loyal,E,0.31992878725825363,36500.0,0.640362449840682,med,23373.229419184892,29077.976743754378,0.06698434129134402,-1.083221208896183
B03267,salary_advance,35,loyal,D,0.1398416381060364,5000.0,0.5753474121693718,med,2876.737060846859,51442.70969513994,0.004660098385652366,0.0015856583256163015
B03268,salary_advance,20,loyal,B,0.07106948057631433,42000.0,0.5644437995448246,med,23706.639580882635,11807.099501333083,0.1673191030687796,0.8038609673158339
B03269,personal,15,established,C,0.08552771207600361,23000.0,0.6122920534469234,med,14082.717229279238,17333.771114744402,0.06770366132897378,0.6301534194283186
B03270,salary_advance,23,loyal,A,0.01793566706890468,77000.0,0.560083854091357,med,43126.45676503448,33789.027537972746,0.10636208434964121,2.171237765921533
B03271,personal,17,established,D,0.14331505671996317,11500.0,0.7207852928241602,high,8289.030867477843,31106.284804174233,0.022206206129673396,-0.21587979872792037
B03272,salary_advance,14,established,D,0.156268622197091,20000.0,0.5915025616824126,med,11830.051233648252,13049.604384319693,0.07554540151336665,0.03352895735011585
B03273,salary_advance,19,loyal,D,0.17990247056157146,11500.0,0.7330242839079859,high,8429.779264941837,51952.82776019961,0.01352152781084963,-0.12259603021366383
B03274,salary_advance,12,established,C,0.10274761284564311,23500.0,0.6393318825647948,med,15024.299240272678,62866.71739087146,0.019915544960061645,0.6799840921770333
B03275,salary_advance,18,established,D,0.14444894331832178,3000.0,0.5597726830470601,med,1679.3180491411802,33998.53974509908,0.0041161523939256235,0.05288242630190837
B03276,personal,18,established,D,0.12948917498418602,11000.0,0.4106932974637469,med,4517.626272101215,11731.240972306217,0.0320911365555579,-0.27403226282571846
B03277,personal,22,loyal,C,0.10382343382559207,13000.0,0.5597678390876151,med,7276.981908138996,29373.52052182664,0.020644960094618994,0.3061114941114917
B03278,personal,11,established,C,0.11202858389765893,3500.0,0.6892598277843462,med,2412.409397245212,32441.326921251668,0.006196852456901433,0.5516280620903391
B03279,personal,24,loyal,E,0.19507407536591329,5000.0,0.5029978062298837,med,2514.989031149418,23167.060112121326,0.009046569493416003,-0.163730553179261
B03280,salary_advance,9,established,E,0.22499898237922716,4500.0,0.6008020883989994,med,2703.6093977954974,56442.88638593364,0.003991659491137805,-0.42215808890890494
B03281,personal,12,established,C,0.09953486802579742,9000.0,0.5624463364448546,med,5062.017028003692,25241.222150240163,0.016712136592388706,0.4317241861341032
B03282,personal,12,established,E,0.35,3000.0,0.7695388915482688,high,2308.6166746448066,85604.94205332307,0.002247355331041885,-3.025724901882585
B03283,personal,9,established,E,0.2153508205581615,4000.0,0.5604780736311105,med,2241.9122945244417,41386.684100576385,0.004514157840954008,-0.6036781736616855
B03284,personal,28,loyal,E,0.2388188834598502,4000.0,0.5210755966586322,med,2084.302386634529,31314.736219822495,0.0055466494858394805,-0.751309499407364
B03285,salary_advance,9,established,B,0.052878289117135956,16500.0,0.5551376695233884,med,9159.771547135908,44633.280585203596,0.017101908835437604,1.5532582230167886
B03286,salary_advance,11,established,D,0.15596814398297407,5000.0,0.4985672986105702,med,2492.836493052851,62441.59383837493,0.0033268909656403054,-0.09093276254289673
B03287,personal,32,loyal,D,0.159642678569628,5000.0,0.39406105181592693,med,1970.3052590796347,44111.62400549355,0.0037221958752381187,-0.16071611526723084
B03288,personal,12,established,D,0.148344274544324,5000.0,0.7345076296668415,high,3672.538148334207,25804.153358059804,0.011860294017316619,-0.04862248525327392
B03289,personal,14,established,E,0.22549002583470232,7000.0,0.6841399231667329,med,4788.97946216713,18714.311912067107,0.021324942307386168,-0.5953724284649136
B03290,personal,9,established,E,0.20362614500363918,2500.0,0.7531652194267807,high,1882.9130485669518,14513.59339114215,0.010811204123279124,-0.4026481581535347
B03291,salary_advance,26,loyal,B,0.06731248649021335,60500.0,0.6121110855920557,med,37032.72067831937,7027.627808899679,0.4391325409433999,0.8471104104231632
B03292,personal,26,loyal,D,0.12565788823299884,5000.0,0.6314124388677856,med,3157.0621943389283,29608.843398782556,0.008885470892987609,-0.02204043450626808
B03293,personal,24,loyal,D,0.17227607646433163,5000.0,0.6078622015565014,med,3039.3110077825067,21737.22916052508,0.011651711239036817,-0.02921745227203698
B03294,personal,22,loyal,D,0.17835651096767735,7000.0,0.5759795799234786,med,4031.85705946435,22386.856517658114,0.01500827452142189,-0.6101576737113087
B03295,salary_advance,17,established,E,0.29502095283158275,16000.0,0.6621568373318056,med,10594.50939730889,47376.02811965774,0.01863549601243888,-0.8037837405205311
B03296,salary_advance,12,established,C,0.08049479597883381,9000.0,0.489341332375782,med,4404.071991382038,25294.951747972023,0.014509061054495212,0.41063689759028055
B03297,personal,10,established,C,0.10449097428295795,5500.0,0.4448660381562416,med,2446.763209859329,76290.75218122258,0.0026726297529562066,0.3066005097858225
B03298,personal,33,loyal,E,0.31425765561181135,6000.0,0.5935021019668596,med,3561.0126118011576,19629.623213283183,0.015117511312322139,-1.0281566437839498
B03299,personal,25,loyal,B,0.058090945322024024,10500.0,0.6391440882377891,med,6711.012926496785,15771.769189054035,0.03545899451763461,1.1599414153808474
B03300,salary_advance,11,established,B,0.050001280841220457,10000.0,0.39291651000729266,med,3929.1651000729266,13471.073934555252,0.024306185727788993,1.1140476398247472
B03301,personal,16,established,B,0.0714569519866029,62000.0,0.40201372915563877,med,24924.851207649604,40035.14937995012,0.051881183563436684,0.9746891382786231
B03302,personal,13,established,C,0.11457328093858357,53500.0,0.610360292929043,med,32654.275671703803,50681.55571091472,0.05369191219839801,0.29988908474059767
B03303,salary_advance,8,established,B,0.06468058400565654,10000.0,0.4795729997478063,med,4795.7299974780635,19401.056591693683,0.02059909286732393,0.9870821002889959
B03304,salary_advance,18,established,A,0.01715165244779782,5000.0,0.5056297539752648,med,2528.148769876324,14985.067943334503,0.014059266528055506,2.535025844578322
B03305,personal,13,established,D,0.1752455547969672,7500.0,0.6745405662785533,med,5059.05424708915,62420.680775500616,0.0067539771865090595,-0.3015216008772933
B03306,personal,9,established,E,0.2692461872934499,26000.0,0.6628654260657393,med,17234.50107770922,12115.961152281041,0.11853854639275102,-1.0456915008895566
B03307,personal,7,established,E,0.35,21500.0,0.5871535774221402,med,12623.801914576015,46892.878465838985,0.022433758116335183,-1.5340598832214616
B03308,personal,6,new,A,0.034612141570554276,7000.0,0.6147038871651754,med,4302.927210156228,19652.508178478485,0.018245878045515734,1.7556739302323163
B03309,personal,13,established,A,0.03358438646651551,7000.0,0.5617637347725802,med,3932.346143408062,33469.92141940132,0.009790746379246604,1.7687872586986573
B03310,salary_advance,15,established,E,0.19895544872580612,4500.0,0.597822133015516,med,2690.1995985698222,48645.1284164907,0.004608545751208673,-0.5745997419342306
B03311,salary_advance,10,established,E,0.22921753804631292,18000.0,0.5896633269846084,med,10613.939885722952,34959.33837282986,0.025300678778415776,-0.37732081267855666
B03312,personal,23,loyal,C,0.10808357635024003,8000.0,0.5968212059094032,med,4774.569647275226,22870.637589020815,0.017397014070591858,0.07600896246882799
B03313,personal,15,established,B,0.05804693844556206,6500.0,0.48015828982872166,med,3121.028883886691,57980.005287319334,0.004485783315041774,1.2242568721459834
B03314,personal,22,loyal,E,0.2531869708639062,4000.0,0.4519504722810947,med,1807.8018891243787,31539.807644254037,0.004776508440579447,-0.8873021984803101
B03315,personal,14,established,E,0.35,3000.0,0.7251306650659367,high,2175.39199519781,203899.03590755077,0.0008890805464557418,-1.9666195248888751
B03316,salary_advance,10,established,A,0.016910777279228153,32000.0,0.5267557740494229,med,16856.18476958153,10531.909555310158,0.13337392015710556,2.517514476562161
B03317,personal,17,established,C,0.11732862598477066,8500.0,0.32990426889119695,low,2804.186285575174,10446.686906874407,0.022369024031037445,0.31237328692007543
B03318,personal,8,established,C,0.08981382147101567,5500.0,0.5941179749313321,med,3267.6488621223266,46483.06410153185,0.005858135153240757,0.45441330591856066
B03319,personal,22,loyal,D,0.12711348240824877,12500.0,0.7184762947039083,high,8980.953683798854,26437.450373563348,0.02830881179569525,0.19489399480000685
B03320,personal,9,established,D,0.12602800365523853,13500.0,0.4358777724263664,med,5884.349927755946,41603.31653299172,0.011786620270785414,0.46578492371802366
B03321,personal,27,loyal,E,0.30420888678393126,8500.0,0.6200873057582943,med,5270.742098945501,14704.23035426662,0.02987089413476243,-1.1142058833409858
B03322,salary_advance,13,established,D,0.16787760181608669,17500.0,0.5707186832173813,med,9987.576956304172,27716.218106942804,0.030029280202681294,-0.4909205668602298
B03323,salary_advance,29,loyal,B,0.06574881792134732,3500.0,0.6832537861212002,med,2391.388251424201,34597.081736529646,0.005760091437854887,0.8551578845226053
B03324,personal,8,established,E,0.35,1500.0,0.7620610335306429,high,1143.0915502959645,19949.493548521004,0.004774939722637344,-2.270890892900242
B03325,salary_advance,11,established,D,0.13088057290834607,3000.0,0.4767546366464233,med,1430.26390993927,30561.80599452478,0.003899921987036982,0.04748238618577083
B03326,personal,20,loyal,D,0.14092139067305703,12000.0,0.599151937826009,med,7189.823253912107,12722.922929061573,0.047092318421377226,0.03583562966559278
B03327,salary_advance,31,loyal,C,0.10589768133389511,39000.0,0.7515546877979783,high,29310.632824121152,33428.114352711964,0.07306881595447424,0.4473097680496386
B03328,personal,41,loyal,E,0.19591859541674198,5000.0,0.5176772316294662,med,2588.386158147331,59575.304514628835,0.0036206083757291127,-0.15108180782098113
B03329,personal,16,established,E,0.27807110169291666,15000.0,0.6186820212519459,med,9280.23031877919,13620.511301831051,0.056778523906145,-0.9958919258744972
B03330,salary_advance,45,loyal,E,0.25700341145399364,9000.0,0.6670137371408226,med,6003.123634267403,13175.649377242611,0.0379685500526207,-1.0720318502709199
B03331,personal,14,established,D,0.14805172984205317,52000.0,0.502072985111869,med,26107.79522581719,51764.33020856448,0.042029899612058885,0.14474704716741205
B03332,personal,30,loyal,D,0.1550616449732858,8000.0,0.72468689011729,high,5797.495120938321,13048.118222347706,0.037026380753055414,0.09987601320375677
B03333,personal,9,established,E,0.35,3500.0,0.5968181866015129,med,2088.863653105295,42716.07269713495,0.004075093052826067,-1.3752815465686778
B03334,personal,20,loyal,C,0.09707877413344479,13500.0,0.4069822697639988,med,5494.260641813984,27734.756897722098,0.016508349259124137,0.4625334128337707
B03335,personal,4,new,E,0.23895624850263128,17000.0,0.5513750071705817,med,9373.37512189989,21379.71664986853,0.036535310840822614,-0.6449501950727061
B03336,personal,8,established,E,0.1915776205347719,10500.0,0.6516160739656548,med,6841.968776639375,60269.934241018156,0.009460173997201891,-0.461023951662115
B03337,salary_advance,21,loyal,E,0.28648941439123904,13000.0,0.5584834031437901,med,7260.284240869271,44823.20686356048,0.013498000903433052,-1.4068948868074505
B03338,personal,7,established,C,0.09146880465592237,9500.0,0.5656682250444544,med,5373.848137922317,31377.41343041045,0.014272071187555982,0.682767512307893
B03339,personal,20,loyal,E,0.27726500094050877,9500.0,0.6656577170406022,med,6323.748311885721,8234.051153645678,0.0639999699002542,-0.8330510401091301
B03340,personal,27,loyal,D,0.12157313568331984,5500.0,0.42744636766659627,med,2350.9550221662794,39804.67091343919,0.004921857511142261,0.4632702548412416
B03341,salary_advance,12,established,D,0.17944891626052287,7000.0,0.5331970504895281,med,3732.379353426697,14928.494389397458,0.020834761006204315,-0.4582684434326929
B03342,personal,9,established,E,0.19221868518308852,4500.0,0.6210498447432407,med,2794.7243013445827,23819.02542497713,0.009777633115689863,-0.3887265175479852
B03343,personal,12,established,B,0.06052420516139165,6500.0,0.5837977034615456,med,3794.6850725000463,27011.925634486244,0.011706820177157096,1.152292491749911
B03344,personal,9,established,C,0.09629660962807995,3500.0,0.48822516914222186,med,1708.7880919977765,76382.01385354927,0.0018643002518827206,0.5316182008033739
B03345,salary_advance,15,established,B,0.04561608817668868,16500.0,0.5153728972918924,med,8503.652805316224,23405.278858047175,0.030276833618357386,1.48003994628947
B03346,salary_advance,17,established,C,0.08527382038316116,23500.0,0.5067507362834371,med,11908.642302660774,12301.487760336817,0.08067210063442706,0.6803854946215733
B03347,personal,13,established,C,0.10861570453990407,5500.0,0.6191699039772752,med,3405.434471875014,60373.40905657916,0.00470051650924057,0.3961435843407805
B03348,salary_advance,41,loyal,E,0.30737298429585014,6000.0,0.6717526547353927,med,4030.515928412356,40100.84631760051,0.008375791490971056,-1.0311390002261778
B03349,personal,11,established,E,0.206351338868456,3000.0,0.5501832711568682,med,1650.5498134706045,40930.74179051053,0.003360452602916323,-0.31752499386655414
B03350,personal,35,loyal,C,0.11281769727264367,8500.0,0.6038475680359323,med,5132.7043283054245,61000.046285939294,0.007011885838367155,0.17509106815139175
B03351,personal,9,established,B,0.053862148564995015,6500.0,0.4696229580994306,med,3052.549227646299,69408.51730818747,0.0036649551405105664,1.2236648203519753
B03352,personal,17,established,E,0.1926167048922157,7000.0,0.6353382988224887,med,4447.368091757421,16474.125291532284,0.022496733579958125,-0.5062293279069283
B03353,personal,31,loyal,B,0.07943990672368714,41000.0,0.581396511722723,med,23837.256980631642,12518.409952528355,0.15868134126076458,0.6648595090561225
B03354,personal,30,loyal,B,0.07081095742321883,9500.0,0.7483742812941655,high,7109.555672294572,42759.98797580246,0.013855545820697715,0.6257573430847523
B03355,personal,13,established,B,0.05839307986741444,15500.0,0.48027034177977385,med,7444.190297586495,23286.82376052625,0.02663949355416611,1.1576751602807274
B03356,personal,22,loyal,D,0.12407225853601359,13000.0,0.5413032513200453,med,7036.942267160589,24477.805752940625,0.023956880020843677,0.26625591769386653
B03357,personal,20,loyal,B,0.05381510195488732,6500.0,0.44617113757370386,med,2900.112394229075,14517.089692751775,0.016647691649455686,1.2277869486931468
B03358,salary_advance,12,established,E,0.34305526965800553,5500.0,0.5403192460417637,med,2971.7558532297007,37091.500995893315,0.006676632502143656,-1.3548651341375244
B03359,salary_advance,23,loyal,E,0.2683877410592042,2500.0,0.5698434809464296,med,1424.6087023660739,33562.751529887326,0.0035371769730536758,-0.8640194329439418
B03360,personal,45,loyal,E,0.35,4500.0,0.7157632482855515,high,3220.934617284982,24697.96306826608,0.010867747164621768,-1.8833443446245268
B03361,personal,21,loyal,B,0.05360326368357295,26000.0,0.5851347753028686,med,15213.504157874584,12536.65163526483,0.10112684391660005,1.1859849751333333
B03362,personal,22,loyal,B,0.05273204275472526,10000.0,0.5457685013382195,med,5457.685013382195,52314.691343896324,0.00869367806184294,1.0736669377887358
B03363,personal,23,loyal,B,0.051374631318522684,10500.0,0.47822808284316815,med,5021.394869853266,30965.763797074764,0.01351329730569416,1.2968275738992823
B03364,personal,7,established,E,0.2805554131977413,4000.0,0.5608301822955702,med,2243.320729182281,49752.403430763065,0.0037574746385605155,-0.677361835706193
B03365,personal,21,loyal,D,0.13762951492963743,5000.0,0.4816619045735758,med,2408.309522867879,8462.019302996756,0.02371685209556498,-0.16354765753466616
B03366,salary_advance,9,established,D,0.13043828005715866,37000.0,0.5020303003517161,med,18575.121113013498,27757.260764728348,0.05576655321063849,0.22895235733768926
B03367,salary_advance,11,established,B,0.04105356963423208,7000.0,0.36202649967380984,med,2534.185497716669,18136.93335782072,0.011643761414531516,1.793699302947656
B03368,personal,54,loyal,A,0.01917881196834765,18500.0,0.6079393345312712,med,11246.877688828517,27443.400740807116,0.034151737106281534,2.093828127622051
B03369,personal,14,established,C,0.08217136345772448,3500.0,0.7020073396442562,high,2457.0256887548967,45196.0878912479,0.004530306720843961,0.7938084898413628
B03370,salary_advance,10,established,C,0.09209198361038304,6000.0,0.34740803975679146,low,2084.4482385407487,32973.88130327787,0.005267927614609571,0.681019724803501
B03371,personal,30,loyal,A,0.03505423130842626,7000.0,0.5182232162073338,med,3627.5625134513366,27172.677092197388,0.011125031041116997,1.7353826977001257
B03372,salary_advance,9,established,D,0.12163903563007152,36000.0,0.5880167325155542,med,21168.60237055995,27092.961212265123,0.06511101476600749,0.09415754285044159
B03373,personal,12,established,D,0.17417835055819544,4500.0,0.6056954975154991,med,2725.629738819746,11408.673201461765,0.019909047051957788,-0.3909415304822949
B03374,personal,32,loyal,C,0.11109383523161376,13000.0,0.4944508546557219,med,6427.861110524385,16340.264742628196,0.03278129828253585,0.27097787938618895
B03375,personal,16,established,E,0.2663135876665059,4000.0,0.7086774745337429,high,2834.7098981349714,49846.72865662436,0.004739043688741404,-0.9787143694195778
B03376,personal,6,new,D,0.1512464036872156,11500.0,0.6144520976819653,med,7066.199123342601,20372.775260500126,0.028903765904045083,-0.17500936437161274
B03377,salary_advance,22,loyal,D,0.1766262296415416,7500.0,0.6807179183487951,med,5105.3843876159635,50374.001344388096,0.008445799174446442,-0.3674080437839402
B03378,personal,13,established,B,0.07637590682966909,15000.0,0.4475516459512472,med,6713.274689268708,42383.05921289649,0.013199603044907868,1.0250078188995784
B03379,salary_advance,38,loyal,B,0.04386431979451199,6500.0,0.371591787094073,med,2415.3466161114743,43632.72890556095,0.004613025353321492,1.2936873910330178
B03380,personal,11,established,A,0.03635165173490376,7000.0,0.544309378505223,med,3810.165649536561,32309.058357173682,0.009827392696437039,1.4295623975478253
B03381,salary_advance,29,loyal,E,0.29492317882072205,15500.0,0.5235267438005622,med,8114.664528908714,21166.93284970092,0.03194709639215777,-0.8792828029141896
B03382,salary_advance,43,loyal,A,0.016581533954171494,13000.0,0.5578340042846784,med,7251.842055700819,24757.06958274228,0.024410004152093292,2.6516969469220726
B03383,personal,10,established,E,0.35,3000.0,0.4403412536489347,med,1321.0237609468043,38261.98966081916,0.00287714555327902,-1.5724754137934402
B03384,personal,14,established,E,0.3104276618052696,5500.0,0.5860218993176389,med,3223.120446247014,8357.480053660378,0.03213808095215818,-1.1983080750832058
B03385,salary_advance,20,loyal,D,0.13257159028380405,3000.0,0.500135072024249,med,1500.405216072747,53320.54608771559,0.002344945376222779,0.1291784531369099
B03386,personal,10,established,B,0.04787192820841708,10500.0,0.47373101056632283,med,4974.1756109463895,20433.56776597525,0.020285964692654278,1.3077206919698647
B03387,salary_advance,19,loyal,B,0.07220189863484987,10000.0,0.5483991178702411,med,5483.991178702411,25656.281475209922,0.017812373368815655,0.9755734972285733
B03388,personal,14,established,D,0.14968363301628543,4500.0,0.6153625723646126,med,2769.1315756407566,25778.229664587117,0.008951777047503691,-0.2438292505215718
B03389,personal,14,established,E,0.23657662517727546,6500.0,0.666651174964757,med,4333.23263727092,26320.20254655057,0.013719602618327933,-0.7926274346451605
B03390,personal,16,established,E,0.2763460227166301,8000.0,0.6998445705526549,med,5598.756564421239,13062.45121244821,0.035717878631422534,-1.3759351506606998
B03391,salary_advance,17,established,B,0.05293025401677211,48000.0,0.48387079525243903,med,23225.798172117073,29244.55754539813,0.06618267956371664,1.4826273236930105
B03392,salary_advance,17,established,B,0.057175400047850135,15500.0,0.7109029659979924,high,11018.995972968882,37305.66786601282,0.024614213253387193,1.1486392610486398
B03393,personal,11,established,B,0.05472955451727352,10500.0,0.6409139967415803,med,6729.5969657865935,8739.00544531281,0.06417203315162931,1.3524503770923502
B03394,salary_advance,12,established,C,0.08601368239778197,23500.0,0.5015472040334202,med,11786.359294785376,13155.139967824518,0.07466257373932057,0.7468181269811243
B03395,salary_advance,15,established,E,0.35,3000.0,0.6601731423753308,med,1980.5194271259923,44034.37887851346,0.003748055264936766,-2.2921024585555347
B03396,personal,16,established,E,0.3222893163421693,8500.0,0.6021934676396807,med,5118.644474937286,39750.92655036236,0.010730660723199809,-1.2445829326814521
B03397,personal,12,established,C,0.10556111520562435,3500.0,0.5813625513623665,med,2034.7689297682828,31707.47319031626,0.005347763805173746,0.4648713058467087
B03398,salary_advance,19,loyal,C,0.09385628495686298,3500.0,0.4504409009194132,med,1576.5431532179462,18486.9165544508,0.0071065715969743795,0.38028297476397993
B03399,salary_advance,6,new,D,0.14207505903741896,11500.0,0.49663726074967207,med,5711.328498621228,39878.273694667216,0.011934920884386612,-0.20884196692812684
B03400,personal,11,established,E,0.2937120520822364,3500.0,0.41226581466567025,med,1442.930351329846,13882.781635934221,0.008661390713869151,-1.1032267648895286
B03401,salary_advance,14,established,B,0.04720420669807267,16000.0,0.46742112686478526,med,7478.738029836564,24945.910411162007,0.02498317996340533,1.2975895674145401
B03402,personal,10,established,D,0.12196588049546016,13500.0,0.6498676994478209,med,8773.21394254558,13113.911400570549,0.055750045851841755,0.4561926374143078
B03403,salary_advance,40,loyal,B,0.056934144555702566,4000.0,0.49498716315924063,med,1979.9486526369626,24609.773295275718,0.0067044795201243925,1.2511912229081226
B03404,salary_advance,16,established,D,0.1589033664751332,7500.0,0.570410761816309,med,4278.0807136223175,15264.49801913205,0.023355286606107754,-0.28360224878505724
B03405,salary_advance,18,established,C,0.0921153563730465,13500.0,0.5691485664063635,med,7683.505646485907,40769.76262276156,0.015705073957180387,0.5262877588998095
B03406,personal,12,established,E,0.34458025790911256,8000.0,0.5429091668002812,med,4343.27333440225,34140.85387199453,0.010601358884887672,-1.337764926196481
B03407,personal,16,established,D,0.15448529326869698,19500.0,0.5761116366139075,med,11234.176913971196,19656.89469585175,0.047626109005669374,-0.12982798084619354
B03408,personal,8,established,E,0.35,3000.0,0.7521889947205505,high,2256.5669841616514,49004.36080043028,0.0038373574434723877,-2.527929578593109
B03409,personal,14,established,E,0.35,12000.0,0.6754287705438821,med,8105.145246526585,15899.23945102474,0.04248182893429844,-1.568116139134555
B03410,salary_advance,9,established,C,0.11587018368081659,8000.0,0.6558936208071775,med,5247.14896645742,26386.12393266361,0.016571680440345418,0.027688155747988608
B03411,personal,14,established,A,0.015650377404547017,5000.0,0.5883649418772526,med,2941.8247093862633,19184.31447856357,0.012778776087592458,2.375118146274932
B03412,personal,4,new,E,0.35,6500.0,0.7236515386215899,high,4703.735001040334,40469.5238552238,0.009685755586243813,-2.1507430734248643
B03413,personal,8,established,E,0.340990666727101,3500.0,0.5675066735024081,med,1986.2733572584284,38326.366189310036,0.004318770502633855,-1.2435805925398629
B03414,personal,36,loyal,C,0.08481809592787301,6000.0,0.5030596325623923,med,3018.357795374354,55054.34662017307,0.004568754907156238,0.6167747966928101
B03415,personal,25,loyal,A,0.030515644448191555,7500.0,0.6598082711509948,med,4948.562033632461,28159.539206076337,0.014644421787285046,2.169422906014603
B03416,salary_advance,33,loyal,B,0.06809166610309078,25000.0,0.5540102858632772,med,13850.25714658193,5282.8541161512285,0.21847813136081196,0.9521724969880735
B03417,salary_advance,35,loyal,B,0.05568541127594955,47500.0,0.5205893663565974,med,24727.994901938375,21226.853670093235,0.09707827047074315,1.4521418523041563
B03418,personal,23,loyal,D,0.1570621960156919,51000.0,0.4813056993961888,med,24546.590669205627,63633.34077161605,0.032145871922321406,0.06239624932352278
B03419,salary_advance,12,established,E,0.18156524432037457,5000.0,0.5691272877792584,med,2845.636438896292,22499.60307149197,0.01053958014968215,-0.16062158893937672
B03420,salary_advance,9,established,C,0.08723415465108812,9000.0,0.6142799351639951,med,5528.519416475956,9370.81250901114,0.049164354844360554,0.4321843520677564
B03421,personal,30,loyal,D,0.17109552149301357,18500.0,0.581815205374861,med,10763.581299434929,34445.46128644611,0.026040153761540407,-0.25828939062610423
B03422,salary_advance,17,established,B,0.07380126780809924,6500.0,0.46705005774125163,med,3035.8253753181357,35890.6700958126,0.007048780289356983,1.074269338717745
B03423,personal,60,loyal,E,0.3243576337376552,5500.0,0.6054354349681338,med,3329.894892324736,18034.476424013366,0.01538670901793271,-1.2062718989455838
B03424,personal,13,established,B,0.07774876621691562,6000.0,0.6415519575369459,med,3849.3117452216757,23489.011433495692,0.01365642737569796,0.8899870325668338
B03425,personal,48,loyal,C,0.084586657970456,9000.0,0.6090947659354865,med,5481.852893419378,16881.729721992167,0.027060086968250942,0.43931301230275216
B03426,personal,15,established,E,0.2092141594698221,11500.0,0.6342356502956948,med,7293.70997840049,35861.27618524887,0.01694889946824377,-0.21472086860086348
B03427,salary_advance,34,loyal,E,0.23872738313043304,4000.0,0.652413323732897,med,2609.653294931588,27753.845814496497,0.007835710746702185,-0.8929845601864218
B03428,salary_advance,41,loyal,D,0.12967409541295305,3000.0,0.4566325847492101,med,1369.8977542476302,14169.168633228463,0.008056799177305821,-0.22978867199786968
B03429,salary_advance,9,established,B,0.040348243112725744,16500.0,0.5241851204828891,med,8649.05448796767,26762.33841198778,0.02693167276971289,1.5486514731331784
B03430,personal,12,established,D,0.12027660213076707,11500.0,0.6723055139389816,med,7731.513410298288,17976.787030468495,0.03584026350757369,-0.2085989980333654
B03431,personal,9,established,C,0.09980371133490637,5500.0,0.5259201105041756,med,2892.5606077729663,60089.07848241998,0.004011489665046801,0.27839846587282113
B03432,salary_advance,8,established,E,0.2756543412298322,4500.0,0.6917318154821743,med,3112.7931696697847,43981.91269466567,0.0058978660752349804,-0.5295320133153465
B03433,personal,23,loyal,C,0.10226479483614478,38000.0,0.6019462909893903,med,22873.959057596832,25153.349833671484,0.07578168583526215,0.3709453637745492
B03434,personal,14,established,E,0.2998864077722222,8000.0,0.7082366267211984,high,5665.893013769587,28129.81387968421,0.016784958235662742,-1.3721520481199794
B03435,personal,16,established,D,0.13226197575586016,12500.0,0.5674668209484102,med,7093.335261855127,46984.6825961938,0.012580935725404817,0.09988225428788719
B03436,personal,22,loyal,B,0.0698032648164328,14500.0,0.6163158109252653,med,8936.579258416346,24453.149141064154,0.03045476612870131,0.7706408972702048
B03437,personal,5,new,D,0.16173912809483745,34500.0,0.4254119659554172,med,14676.712825461893,40827.693339248166,0.029956612830391822,-0.029385272814982266
B03438,personal,33,loyal,E,0.18162380107623333,4500.0,0.5937785328813876,med,2672.0033979662444,60631.047221236164,0.00367249058090705,-0.5035848304901618
B03439,personal,13,established,E,0.18714841019914025,4500.0,0.6525093696624255,med,2936.2921634809145,20537.64584628771,0.011914267850111885,-0.3420509841005016
B03440,personal,22,loyal,B,0.059040642810956105,10000.0,0.5516800259992389,med,5516.800259992389,66528.10743268621,0.006910362743514513,0.9371941459816314
B03441,personal,23,loyal,D,0.17215598090821435,21000.0,0.6673098916716839,med,14013.50772510536,56687.799476359636,0.02060041704233815,0.18856240472190158
B03442,personal,34,loyal,D,0.139404253515607,5000.0,0.5473473124194913,med,2736.7365620974565,30844.30290056805,0.007393954757544153,0.11269461765988997
B03443,personal,15,established,A,0.031075308175544856,7500.0,0.42825736988553076,med,3211.930274141481,21075.1183593969,0.012700325170848356,1.9034676086255564
B03444,salary_advance,5,new,E,0.26199929121183385,4000.0,0.45462964689329205,med,1818.5185875731681,30633.86409940505,0.004946918062290435,-0.9509891188661246
B03445,personal,16,established,B,0.05724880173413016,15000.0,0.4893453707663136,med,7340.180561494704,23518.07391445846,0.026009005485854938,1.0804184680889826
B03446,salary_advance,18,established,E,0.22615369307922356,9500.0,0.6548730149899264,med,6221.293642404301,17395.650439886827,0.029802917611995768,-0.8046806635049305
B03447,salary_advance,9,established,B,0.05883821848905401,10000.0,0.5946218571775297,med,5946.218571775297,36053.21633400935,0.013744077913159193,1.0047810857714143
B03448,personal,17,established,C,0.10431437159159075,6000.0,0.39801569590446223,med,2388.0941754267733,15322.255148575088,0.012988156509764039,0.7081525581239733
B03449,salary_advance,13,established,D,0.1484788629717358,11500.0,0.6831799299788408,med,7856.569194756669,22332.425854696085,0.029316747935172558,-0.16036515505704574
B03450,salary_advance,7,established,E,0.20067875773216873,2500.0,0.510171741021042,med,1275.429352552605,22494.566460983962,0.004724953448813193,-0.8674768528621063
B03451,personal,23,loyal,E,0.3452404507483187,7500.0,0.6363891278960379,med,4772.918459220284,12696.825731140443,0.03132619233794098,-1.5704332038034177
B03452,personal,12,established,E,0.24268870384419952,4000.0,0.5463874266293066,med,2185.5497065172262,38644.49503575319,0.004712938855618795,-0.6151135089253357
B03453,personal,13,established,C,0.09236162467119317,39500.0,0.5827682979098043,med,23019.34776743727,23728.07150171534,0.0808442852374706,0.5262186479523238
B03454,salary_advance,12,established,E,0.23118567649212104,6500.0,0.6135755317689421,med,3988.2409564981235,54960.15903554645,0.00604716978396214,-0.7276281570995785
B03455,salary_advance,32,loyal,C,0.0875091957238128,14500.0,0.5957770006669976,med,8638.766509671465,23516.10650179609,0.030612942201308075,0.846948580923728
B03456,salary_advance,16,established,E,0.2770564911539184,3500.0,0.7764356649030714,high,2717.5248271607497,21512.138871444084,0.01052709837997591,-1.1264297979108453
B03457,salary_advance,17,established,D,0.14138519201682279,5000.0,0.601667243687376,med,3008.3362184368802,16357.577209053816,0.01532590564395943,0.11611180789603598
B03458,personal,12,established,E,0.2839005295246006,8500.0,0.5703636520307535,med,4848.091042261404,27486.934545420587,0.014698168185598057,-1.1470439041987308
B03459,salary_advance,21,loyal,C,0.0923867251605049,9500.0,0.5817151046746463,med,5526.293494409139,27572.468278762022,0.01670232977372403,0.6720194981055729
B03460,personal,34,loyal,D,0.14520033295712542,19500.0,0.7438007610232957,high,14504.114839954267,40456.05913128547,0.029876272247391554,-0.101079469607532
B03461,salary_advance,23,loyal,E,0.1881736645834063,7000.0,0.6508273403683872,med,4555.79138257871,27913.352699005303,0.013600991825503212,-0.4403661362375999
B03462,personal,23,loyal,E,0.18893617429110932,7500.0,0.670749426636913,med,5030.620699776847,85106.16299440351,0.004925828834224825,-0.25887347788894055
B03463,personal,22,loyal,E,0.22552350086024317,17500.0,0.43916653881528694,med,7685.414429267522,34576.1527059239,0.01852291687528417,-0.5341568622419931
B03464,salary_advance,7,established,E,0.2678657056801671,6000.0,0.6532312335509036,med,3919.387401305422,15634.56830175554,0.020890606665409338,-0.9639247002374128
B03465,salary_advance,10,established,B,0.043580888459814254,47500.0,0.4749388857999032,med,22559.5970754954,14923.434048295145,0.12597411673975384,1.4327458252894174
B03466,personal,14,established,E,0.22201207563267328,7500.0,0.5232288472472274,med,3924.2163543542056,36103.26588166394,0.009057851735668115,-0.3601748644509248
B03467,personal,11,established,E,0.35,3000.0,0.6673906517841782,med,2002.1719553525347,15366.107279033995,0.010858160750556312,-2.2022254490736652
B03468,personal,9,established,E,0.2093442588511616,17000.0,0.6086444627767915,med,10346.955867205455,37315.512783711114,0.02310691339724821,-0.6232808075946856
B03469,salary_advance,5,new,B,0.06443657038624533,3500.0,0.4613907062253586,med,1614.8674717887552,44028.89820722988,0.0030564537109773007,0.9147117138182644
B03470,personal,7,established,E,0.2691163366043114,4000.0,0.6281170703560809,med,2512.4682814243233,44616.46306419944,0.004692715253651787,-0.7613586332573764
B03471,personal,14,established,B,0.044968920707101505,4000.0,0.4821146441058879,med,1928.4585764235517,16679.688695110246,0.009634765031060859,1.497743878133629
B03472,personal,15,established,E,0.25042062674099086,6500.0,0.6758325579827884,med,4392.911626888124,44658.91123940509,0.008197153910557814,-0.8566620549615891
B03473,personal,10,established,C,0.09879813311703074,13500.0,0.5658448080384414,med,7638.904908518959,32126.100585850876,0.019814898087059156,0.5034080558164551
B03474,personal,17,established,B,0.06720277710949023,4000.0,0.5568715560101617,med,2227.486224040647,19257.78968080888,0.00963889704270519,1.0366385845910118
B03475,personal,12,established,C,0.10054639156881227,5500.0,0.6398007127167341,med,3518.9039199420376,24645.001248336128,0.011898639824508063,0.4501939723114331
B03476,salary_advance,29,loyal,E,0.2518768941587028,4000.0,0.6551138980021997,med,2620.4555920087987,34863.78421162817,0.006263556991074792,-0.6244939746410306
B03477,salary_advance,15,established,E,0.2483370844326547,4500.0,0.6012329548158964,med,2705.548296671534,18581.688698274775,0.012133577400685564,-0.5924685769215646
B03478,salary_advance,24,loyal,A,0.03382067590861756,4500.0,0.28784564631945625,low,1295.305408437553,31761.898779814506,0.0033984780984944152,1.9200709903865816
B03479,personal,18,established,E,0.2870259460925545,4000.0,0.6614350603214153,med,2645.7402412856613,59580.34827169981,0.003700521393984486,-0.8046114563319774
B03480,personal,7,established,B,0.06735480995362177,25000.0,0.4310806734474148,med,10777.01683618537,45717.2456261166,0.019644331675041635,0.9756765139022048
B03481,salary_advance,15,established,D,0.1640759491209301,12000.0,0.564534408811048,med,6774.412905732576,28144.08272815937,0.020058724750912096,-0.0802847218149439
B03482,salary_advance,8,established,C,0.1123405510704415,5500.0,0.5819718907852639,med,3200.8453993189514,30600.708301323164,0.008716697469332074,0.4914373192191511
B03483,personal,15,established,E,0.35,3500.0,0.7532697385275225,high,2636.444084846329,20011.559970723953,0.010978837934604352,-1.3861072770209515
B03484,salary_advance,10,established,E,0.19106997594297703,3000.0,0.7448258624167532,high,2234.4775872502596,20323.984620994797,0.009161907424975904,-0.2582675747124983
B03485,salary_advance,20,loyal,D,0.16814783199641808,7500.0,0.4836015229967498,med,3627.0114224756235,11551.170322881202,0.02616626224221221,-0.12530638043972187
B03486,salary_advance,7,established,C,0.11965613643361085,9000.0,0.4126897706522038,med,3714.2079358698343,30887.607975804487,0.010020760695733068,0.5755996505581735
B03487,salary_advance,16,established,C,0.09468971864959788,39000.0,0.5771664483044314,med,22509.491483872825,39158.55270188002,0.04790245878774127,0.4431975797158825
B03488,personal,22,loyal,B,0.07198864770661938,14500.0,0.5507169639158995,med,7985.395976780543,25875.091916097866,0.025717770081338753,0.8626498962456344
B03489,personal,27,loyal,D,0.1473884485790442,8000.0,0.45178088646385167,med,3614.2470917108135,16605.208541268155,0.01813811954809487,-0.09052250309267279
B03490,personal,10,established,E,0.2564476714165967,4000.0,0.613279160652323,med,2453.1166426092923,27899.684556874232,0.007327193483760692,-0.9302300712945782
B03491,personal,16,established,C,0.09503633262089535,12500.0,0.6128066244337707,med,7660.082805422133,56273.02177270152,0.011343628148556998,0.18272908554430772
B03492,salary_advance,18,established,E,0.2657839224957265,29000.0,0.48569630583906126,med,14085.192869332777,44085.6631451687,0.026624666358750913,-0.6795889030070345
B03493,personal,38,loyal,A,0.038770065081548365,4000.0,0.40126128476312123,med,1605.045139052485,26470.57717456757,0.005052921993564053,1.4784225264225883
B03494,personal,7,established,D,0.15746874901272478,19500.0,0.5095610239935843,med,9936.439967874894,82957.74999412944,0.009981426256717076,-0.11452238658911257
B03495,salary_advance,9,established,C,0.11572367785895768,5000.0,0.542243556241686,med,2711.2177812084296,118692.85018334672,0.0019035250628129446,0.02386489029504396
B03496,salary_advance,60,loyal,B,0.060811235507094025,15500.0,0.5808266711134004,med,9002.813402257705,20659.314498752476,0.03631458586069956,1.2121756227502112
B03497,salary_advance,14,established,C,0.10429388970010689,5500.0,0.5201164729190902,med,2860.6406010549963,23500.180418983513,0.010144037726706709,0.2736355005682836
B03498,personal,5,new,E,0.35,6500.0,0.6678184033209874,med,4340.819621586418,39392.55880306785,0.009182824864815925,-2.0080517168351966
B03499,salary_advance,11,established,E,0.23755466189384444,4000.0,0.7898402821917955,high,3159.361128767182,16282.773672924535,0.01616924114726974,-0.7114298993894336
B03500,personal,3,new,B,0.07539242591451685,9500.0,0.437581267391295,med,4157.022040217303,42917.022814009106,0.008071820472093953,0.7077087038646149
B03501,personal,18,established,D,0.12374593119615068,12500.0,0.49702327379459277,med,6212.790922432409,28447.26300977609,0.01819973249065983,0.08388434784458265
B03502,personal,25,loyal,E,0.33516879167057234,8000.0,0.696577982301819,med,5572.623858414552,33004.56516512272,0.014070336003859278,-1.2815678023634414
B03503,salary_advance,9,established,C,0.09306295493926693,14000.0,0.6309820072807204,med,8833.748101930085,19604.397564351235,0.03755002788249166,0.7021120667151661
B03504,salary_advance,12,established,D,0.1486928685522852,3000.0,0.6157755413646635,med,1847.3266240939904,17444.211504843726,0.008824926555059271,-0.2092588198697488
B03505,personal,27,loyal,D,0.17575832099494018,10500.0,0.7469934768207321,high,7843.431506617688,9027.168160569161,0.07240579554872612,-0.47449995250878196
B03506,personal,6,new,E,0.3050560566580196,3500.0,0.657290134754488,med,2300.5154716407083,60878.143219737656,0.003149071448266024,-1.144872725633846
B03507,salary_advance,7,established,B,0.053831994584098666,16000.0,0.31734179389549066,low,5077.46870232785,45152.25687150889,0.009371013127090105,1.3499294713186873
B03508,salary_advance,14,established,E,0.35,3000.0,0.6583889441150871,med,1975.1668323452614,38962.20892654557,0.004224535532343215,-1.6154983720053502
B03509,personal,10,established,E,0.22290842278267653,6500.0,0.5519841134184851,med,3587.896737220153,32584.089073551386,0.009175993660385566,-0.8375320744394902
B03510,salary_advance,13,established,C,0.09558237248624916,9000.0,0.6749801160514459,med,6074.821044463013,7575.50081644177,0.0668252963473858,0.47012676591124236
B03511,salary_advance,8,established,A,0.03687175712061337,74000.0,0.5781128044625239,med,42780.34753022677,17798.94302214958,0.2002944195290582,1.9283630689034967
B03512,salary_advance,18,established,C,0.09344189843716669,14500.0,0.3717459129122112,med,5390.3157372270625,23368.76254376489,0.019221941138774856,0.9038581963503189
B03513,salary_advance,15,established,D,0.1783828093098422,2500.0,0.711713839969231,high,1779.2845999230774,14842.641597765538,0.00998971211988155,-0.4960246155328025
B03514,salary_advance,22,loyal,A,0.020871624134652437,19000.0,0.5607680926129016,med,10654.593759645131,10599.50864505161,0.08376641248538155,2.279353454106815
B03515,salary_advance,18,established,E,0.2914235818066533,3500.0,0.5906602417852248,med,2067.310846248287,15716.249135266076,0.010961642461333205,-1.0051233997049724
B03516,personal,18,established,C,0.10791695692394422,5500.0,0.5455685279760204,med,3000.626903868112,27640.258265136763,0.009046668073445807,0.2653361653551545
B03517,personal,7,established,C,0.08878980934454266,9000.0,0.6743877584116493,med,6069.489825704844,27644.150788055358,0.01829648603375735,0.48778464575221486
B03518,personal,21,loyal,E,0.2051550281723552,17500.0,0.3979869481476664,med,6964.771592584162,44317.61729873064,0.01309631853181716,-0.481115583200441
B03519,salary_advance,13,established,B,0.07885250404721746,44000.0,0.5647460473032578,med,24848.826081343344,83679.46078391641,0.0247460426654257,1.0475930518882537
B03520,personal,15,established,D,0.1737017935076494,30500.0,0.6902521251836998,med,21052.689818102845,39228.89360603918,0.04472190410960643,-0.5138901289409595
B03521,salary_advance,29,loyal,B,0.05712882008769564,7000.0,0.49407723545180776,med,3458.540648162654,24427.08102458079,0.011798860469255244,1.4451424275179643
B03522,personal,11,established,E,0.35,1500.0,0.7130212902561848,high,1069.5319353842772,72415.78515657794,0.001230776702749416,-1.8395954925862088
B03523,personal,34,loyal,C,0.08526573811299872,23500.0,0.5433033091877892,med,12767.627765913046,11270.39848723767,0.0944038475389816,0.7349760902288746
B03524,personal,36,loyal,D,0.174930089090685,5000.0,0.49391663459000396,med,2469.5831729500196,8575.25745732016,0.023999115918106644,-0.012106672693605103
B03525,personal,24,loyal,B,0.0444275982189169,11000.0,0.4173032367765898,med,4590.335604542488,16519.58828178708,0.023156023050946502,1.5497037829678217
B03526,personal,9,established,D,0.1409720231870976,49500.0,0.6368816029759167,med,31525.639347307875,42053.71868557297,0.06247097033007278,-0.04398072977095047
B03527,personal,4,new,B,0.07895587737153884,6000.0,0.4626474247031816,med,2775.8845482190895,29516.601259850468,0.007837071426859892,0.8992295337201192
B03528,salary_advance,29,loyal,B,0.052403977463595194,10500.0,0.3607126686641609,med,3787.4830209736897,14464.056110635483,0.021821236219421287,1.257612765033052
B03529,personal,17,established,D,0.16611500432284698,19500.0,0.5868947860274794,med,11444.448327535847,18035.51242121944,0.05287923098722642,-0.1275084590481573
B03530,personal,10,established,B,0.07584268414133097,14500.0,0.47864758867616086,med,6940.390035804333,13591.285234247034,0.04255416808262354,0.787669309614295
B03531,personal,31,loyal,B,0.06381787211538033,45500.0,0.39488042544440516,med,17967.059357720434,13591.099032557284,0.11016437617664694,1.1940584645271217
B03532,personal,10,established,C,0.08239379043466906,13500.0,0.5496135413054666,med,7419.782807623799,63138.232988763164,0.009793039885653637,0.4719100044912137
B03533,personal,13,established,E,0.35,3000.0,0.7360922620330278,high,2208.2767860990834,24862.371809904456,0.007401669756822937,-2.2923013746251835
B03534,salary_advance,21,loyal,D,0.14019602003303722,19000.0,0.5776276312982908,med,10974.924994667525,71201.57006099458,0.01284490050016441,-0.23256049076439778
B03535,salary_advance,8,established,A,0.036178036510436634,17000.0,0.3849658415990981,med,6544.419307184668,16489.714334230204,0.033073239750831734,1.7341058465059236
B03536,personal,15,established,E,0.2765025945083417,24000.0,0.6724670824301834,med,16139.209978324401,35246.40288703262,0.03815805457285903,-1.2559458554352658
B03537,personal,29,loyal,B,0.04770372494119179,10500.0,0.6095795549761021,med,6400.585327249071,30482.117012341045,0.01749819772649463,1.282461150065807
B03538,personal,18,established,B,0.07131843565624128,9500.0,0.7339789648177721,high,6972.8001657688355,43644.1645545328,0.013313731318071198,0.7064526567796688
B03539,personal,32,loyal,E,0.21397001398245696,4500.0,0.7175995274618167,high,3229.197873578175,30946.081963625194,0.00869576391332796,-0.32575236158202936
B03540,salary_advance,30,loyal,E,0.29107780687694507,3500.0,0.5324991890834894,med,1863.7471617922129,46249.03446544562,0.0033581731008616835,-1.2452316271167247
B03541,personal,16,established,E,0.18102681878386198,43000.0,0.6724051423233623,med,28913.421119904582,36490.55309953837,0.06602946667921375,-0.5689125979479266
B03542,salary_advance,4,new,A,0.028496544066711888,76000.0,0.5012888930829592,med,38097.9558743049,14761.835703053617,0.21507011187879113,2.078015043633011
B03543,personal,8,established,E,0.3072109027701023,6500.0,0.505564115518018,med,3286.1667508671176,40255.14579183708,0.006802788161667944,-0.8632772922093546
B03544,personal,25,loyal,E,0.18508157852830173,31500.0,0.6142464352515506,med,19348.762710423845,25420.101384015106,0.0634299945612822,-0.3942573445992704
B03545,personal,7,established,E,0.27730629244306854,6000.0,0.7782955567574457,high,4669.773340544674,17549.91229529221,0.022173773397324174,-0.9975824103098268
B03546,personal,13,established,B,0.06667314701217476,26000.0,0.629358226569942,med,16363.313890818492,39406.567814189824,0.034603609665557374,1.2147844765495195
B03547,salary_advance,19,loyal,C,0.10916611657112742,13500.0,0.44352711483806373,med,5987.616050313861,44661.0573782032,0.011172328500138528,0.5070842883748936
B03548,personal,36,loyal,D,0.1759302655147851,11500.0,0.5811115193857004,med,6682.782472935554,20620.461935636493,0.027007083602179564,-0.22590622894913892
B03549,salary_advance,11,established,A,0.032726250487109664,17500.0,0.5370598584648623,med,9398.54752313509,22185.391149848627,0.03530306444923487,1.763474017195351
B03550,salary_advance,11,established,B,0.07435249358116613,15000.0,0.3556696277163743,med,5335.044415745614,12545.07998058353,0.03543915505788493,0.9294940879355368
B03551,personal,15,established,E,0.22745797564754094,15500.0,0.44360286882340544,med,6875.844466762785,9970.640261394434,0.05746742675246857,-0.9192902417102595
B03552,personal,19,loyal,E,0.23263265404767017,6500.0,0.6228599408489656,med,4048.5896155182763,23546.452157927255,0.014328378037464623,-0.8235839110617803
B03553,personal,15,established,B,0.07111246241076605,26000.0,0.5321806435771033,med,13836.696733004685,41590.621044990854,0.027723992383677024,1.1581699648799733
B03554,personal,29,loyal,D,0.12357844817035132,5500.0,0.3690588274718848,med,2029.8235510953664,19627.832590881164,0.008617964403765414,0.4167881637417159
B03555,salary_advance,10,established,E,0.32845683238582996,3500.0,0.6680275495118477,med,2338.096423291467,58999.6337436644,0.003302416578620626,-1.1990640198561127
B03556,personal,17,established,E,0.35,6500.0,0.7459736800096213,high,4848.828920062539,24033.628221440198,0.016812654042447556,-1.783115686893549
B03557,salary_advance,21,loyal,D,0.158410803872797,11000.0,0.5613863868134576,med,6175.250254948034,24087.417102034455,0.021364025280604784,-0.3660387151997586
B03558,salary_advance,13,established,E,0.24124627274160576,27000.0,0.6172685327406409,med,16666.250383997303,22948.30965053253,0.060520980404071396,-0.8894845881030299
B03559,personal,26,loyal,E,0.35,3000.0,0.7006670335258997,high,2102.001100577699,46160.32378615093,0.0037947471770990618,-1.6460769709014365
B03560,salary_advance,17,established,E,0.20579178880057344,2500.0,0.643579340341101,med,1608.9483508527524,15876.56158263126,0.00844509237972597,-0.7495069866484961
B03561,personal,25,loyal,E,0.19849479608838072,7000.0,0.4279207493324182,med,2995.4452453269273,25061.094632699278,0.009960476218978755,-0.5190805616438536
B03562,salary_advance,18,established,E,0.1916806330256666,19500.0,0.48767600484663565,med,9509.682094509395,19909.36346575821,0.039804060498405444,-0.11268128838457048
B03563,personal,20,loyal,A,0.02878067517806281,76000.0,0.4358830674777584,med,33127.11312830964,19754.5194865394,0.1397448701586247,2.0929100451277125
B03564,salary_advance,11,established,D,0.13730467511151473,20500.0,0.477976261957595,med,9798.513370130699,27428.417486378807,0.029769955968102325,0.08315672790172618
B03565,salary_advance,11,established,C,0.10835118349567907,8500.0,0.6928759447643136,med,5889.445530496665,25277.55659902238,0.019415924384098508,0.18242516225578548
B03566,salary_advance,32,loyal,B,0.042443344349227835,26500.0,0.5710468972978519,med,15132.742778393074,47974.22729131121,0.026286236785888123,1.2592553637989425
B03567,personal,23,loyal,C,0.10692822828267645,5000.0,0.44649852071170615,med,2232.492603558531,26744.234326342048,0.006956304974986736,0.16268192893343997
B03568,salary_advance,9,established,B,0.06359350129195333,41500.0,0.5083840898136913,med,21097.93972726819,36506.77576503399,0.04815987188939797,0.7501529638867084
B03569,personal,18,established,C,0.11636961920691731,8500.0,0.6611110671857833,med,5619.444071079158,29584.780346927375,0.01582864568984027,0.2806148769517333
B03570,salary_advance,4,new,D,0.13627054120019438,8000.0,0.49781282125193566,med,3982.502570015485,58224.84601619456,0.005699889941755275,0.12258856559924342
B03571,personal,11,established,A,0.015,13000.0,0.5332417999510274,med,6932.143399363356,22781.139716116362,0.02535775750521113,2.7664660844189584
B03572,personal,27,loyal,B,0.052537056563298844,26500.0,0.6417278768701586,med,17005.788737059203,22816.420053815527,0.0621109296760433,1.3111258440443518
B03573,personal,15,established,E,0.34069755180743405,3500.0,0.7347901325835926,high,2571.765464042574,40528.9261173526,0.005287921719160856,-1.0817219847067305
B03574,personal,17,established,D,0.13930981661020367,3500.0,0.5710859656013978,med,1998.8008796048923,22611.15023851774,0.007366575260878614,0.37022218618916386
B03575,personal,3,new,E,0.32872393912747105,8500.0,0.738083747122233,high,6273.711850538981,35387.55298180815,0.014773819516342695,-1.1417368066597202
B03576,salary_advance,13,established,B,0.07564539350908957,42000.0,0.4773879034509188,med,20050.291944938588,97329.06345871816,0.01716709893943349,0.7962507640598536
B03577,personal,19,loyal,E,0.29726099106370657,9000.0,0.8159673483312776,high,7343.7061349814985,15702.512894686488,0.038973094010675335,-0.9751874171082698
B03578,salary_advance,21,loyal,E,0.21532586728457914,4500.0,0.6124612111005434,med,2756.0754499524455,62468.5654570147,0.003676616430718971,-0.3577794480839789
B03579,personal,27,loyal,B,0.06103070683507109,14000.0,0.6405257748047655,med,8967.360847266717,20522.68942779354,0.03641238509381381,0.743907562490127
B03580,salary_advance,14,established,B,0.06161769291413921,4000.0,0.4709963307997252,med,1883.9853231989007,56146.704282035185,0.0027962242653568423,1.3476691135980254
B03581,salary_advance,15,established,B,0.06872537514093861,6000.0,0.5759652326509396,med,3455.7913959056373,39235.02886961766,0.0073399363941458505,0.8526443487530131
B03582,personal,7,established,B,0.06873763525841643,3500.0,0.5802102652374971,med,2030.7359283312398,37428.21881325099,0.004521401215269434,0.8541173345352181
B03583,salary_advance,14,established,B,0.0780972445983301,9500.0,0.44002573062791644,med,4180.244440965206,24759.64202901592,0.014069415987740459,0.7238185587638459
B03584,salary_advance,8,established,C,0.1001004410647081,5500.0,0.447271398018199,med,2459.9926891000946,23440.56158649709,0.008745498268114485,0.5224960990323319
B03585,salary_advance,5,new,D,0.17674632759651923,2500.0,0.5700673963559315,med,1425.1684908898287,18086.04329208879,0.0065666126631155185,-0.5036932742584369
B03586,personal,9,established,B,0.0735241781501855,6000.0,0.6357453398519061,med,3814.4720391114365,26996.211567394796,0.011774713986530985,0.813001808716797
B03587,personal,37,loyal,B,0.05057708341961736,16500.0,0.32716964409491667,low,5398.299127566125,24314.999555446433,0.018501265426909892,1.4248792328266413
B03588,salary_advance,14,established,C,0.11804595278176802,5500.0,0.5177052547498208,med,2847.378901124014,29883.448349916955,0.007940234082601355,0.2868843086702248
B03589,personal,18,established,D,0.16199064363150098,5000.0,0.6947632165326171,med,3473.8160826630856,12383.74115635708,0.023376188980391666,-0.11692604177865809
B03590,salary_advance,12,established,A,0.029346671494355183,12000.0,0.3613777541536179,med,4336.533049843415,27240.355637971497,0.013266264176444085,1.941405811722237
B03591,personal,6,new,D,0.1572829298917957,12000.0,0.6863833686229388,med,8236.600423475265,53877.010365500275,0.012739819154153719,-0.020421779816222816
B03592,salary_advance,27,loyal,C,0.08759415924291968,24000.0,0.4179552436438707,med,10030.925847452898,45216.92280429511,0.018486673471913913,0.8256858703659691
B03593,personal,4,new,D,0.1462118965569238,8500.0,0.4716193923926542,med,4008.7648353375607,27245.699660759892,0.012261154620274224,0.13422590775289506
B03594,personal,12,established,D,0.16074124797388448,11500.0,0.5587653632519909,med,6425.801677397895,110120.4401469074,0.004862707344813766,-0.09780625595415364
B03595,salary_advance,15,established,E,0.2210811853674511,17500.0,0.7559265975381628,high,13228.71545691785,19583.75514241808,0.05629119373308492,-0.47034032274309523
B03596,salary_advance,18,established,C,0.09211234650765877,14000.0,0.4702497975511815,med,6583.4971657165415,25650.808650820505,0.02138820538868909,0.7279655755235219
B03597,salary_advance,11,established,D,0.15934870139048846,8500.0,0.38693896929831834,med,3288.981239035706,12115.207391382432,0.022622953207932454,0.31124498997767847
B03598,salary_advance,5,new,A,0.03980276888870077,4500.0,0.35041614564872137,med,1576.8726554192463,21547.187543979275,0.006098524661284069,1.8422497564744962
B03599,personal,10,established,B,0.07702352242089097,6000.0,0.6208184925527439,med,3724.9109553164635,71919.14430138632,0.004316086478665021,0.7884485502923761
B03600,personal,10,established,E,0.19300646838093846,4500.0,0.4610613726755981,med,2074.7761770401917,22004.12797088133,0.007857526323340329,-0.5954822864430015
B03601,personal,10,established,B,0.07879215669703638,9500.0,0.6468503068233017,med,6145.077914821366,11610.821658002438,0.04410452949143096,0.7290602191903756
B03602,personal,28,loyal,B,0.07933230877237073,41000.0,0.5402632822659628,med,22150.794572904473,43460.13611700399,0.04247339545307642,0.7078658347309799
B03603,personal,8,established,B,0.05539387720279574,6500.0,0.5045934964277048,med,3279.857726780081,33325.08291829908,0.008201674333467008,1.3094263019455128
B03604,salary_advance,19,loyal,C,0.10941287596606047,8500.0,0.5841410332188568,med,4965.198782360283,42482.832677752376,0.0097396180790311,0.22554578717096063
B03605,personal,17,established,D,0.14411207413464056,52500.0,0.48085598322453815,med,25244.939119288254,22848.0694997715,0.09207539072954911,0.18867614835952437
B03606,personal,27,loyal,C,0.09413120684162034,13000.0,0.5639179674374124,med,7330.933576686361,15461.090777457915,0.03951280929552727,0.3009063509075077
B03607,personal,15,established,C,0.10962412071296906,5000.0,0.44245879935449367,med,2212.2939967724683,24318.85327127248,0.007580860454557357,0.05847942305829942
B03608,personal,25,loyal,E,0.19657365864107146,44000.0,0.713127639808839,high,31377.616151588914,36503.548079782704,0.07163142991609456,-0.48519894900394933
B03609,personal,14,established,C,0.08196758959894548,5500.0,0.4362682903297087,med,2399.4755968133977,25853.989040851477,0.007734059893755739,0.5759116679131766
B03610,salary_advance,20,loyal,B,0.04826845730641768,4000.0,0.555888441664381,med,2223.553766657524,33302.08695430397,0.005564100156116871,1.167964275849497
B03611,personal,7,established,B,0.047970920864330566,10500.0,0.4054762884949485,med,4257.501029196959,20025.263725980858,0.017717207487897985,1.2852236169217952
B03612,personal,3,new,D,0.16683854477500093,4500.0,0.5309955329334954,med,2389.4798982007296,33989.36943091111,0.005858400087557117,-0.3600258519867806
B03613,salary_advance,20,loyal,C,0.11047324029310666,21500.0,0.5137414719107586,med,11045.44164608131,26858.626523355957,0.03427031049805767,0.33816049175186497
B03614,personal,20,loyal,B,0.05195761902021893,6500.0,0.775585570580733,high,5041.306208774764,18247.244222384226,0.023023139582681484,1.189294377944037
B03615,salary_advance,21,loyal,D,0.13666189592888506,20000.0,0.5668923635373736,med,11337.847270747472,29055.77638293752,0.03251747925932041,-0.044204381599684206
B03616,personal,12,established,B,0.06163166846631468,4000.0,0.4352300434548702,med,1740.9201738194809,21748.9186867748,0.006670523865622911,1.0849845350839589
B03617,personal,37,loyal,B,0.05174579402094476,48000.0,0.45651621617390076,med,21912.778376347236,37776.42301831478,0.04833874461354611,1.4828419974137028
B03618,personal,12,established,B,0.06610773980259395,4000.0,0.3641476451509467,med,1456.590580603787,43487.82536240928,0.0027911845987261424,1.2572789011344085
B03619,salary_advance,20,loyal,B,0.06091283453805898,45000.0,0.49908715126049963,med,22458.921806722483,35448.839151801214,0.052796561523842614,1.1266229846794933
B03620,salary_advance,22,loyal,D,0.12024135302425852,3000.0,0.7233279407917679,high,2169.9838223753036,10946.301587785181,0.016519916224465234,0.2635036174022339
B03621,personal,42,loyal,C,0.09446576249925488,22500.0,0.5757304345268179,med,12953.934776853404,15825.47220001189,0.06821247107792289,0.5091877263053626
B03622,personal,13,established,C,0.11396437411500979,22000.0,0.63676073714714,med,14008.73621723708,18956.13156211725,0.061584014699640956,0.38006889507920627
B03623,salary_advance,11,established,D,0.17323854387758328,11500.0,0.4885427716219176,med,5618.241873652052,17361.79316193282,0.02696650158411496,-0.21014164518787604
B03624,salary_advance,7,established,B,0.046010997784388,4500.0,0.4723285998848707,med,2125.4786994819183,19958.974359542688,0.008874365073380698,1.6831162889252158
B03625,personal,38,loyal,B,0.051349890304319065,15000.0,0.5399703717112484,med,8099.555575668726,44751.78721796489,0.015082368919740201,0.980084167568543
B03626,salary_advance,20,loyal,D,0.15260873787603216,11500.0,0.501878761174319,med,5771.605753504668,39508.058439026965,0.012173899835337863,-0.1422229553220049
B03627,salary_advance,21,loyal,A,0.018216122533932715,13000.0,0.49354528472498427,med,6416.0887014247955,21308.935454687853,0.025091542446548678,2.6328736764657767
B03628,salary_advance,60,loyal,B,0.07417737531299551,14500.0,0.5881085418883639,med,8527.573857381278,37252.9536393361,0.01907583386975803,0.8473892751701768
B03629,personal,19,loyal,E,0.20572517239038007,41500.0,0.6511543756323847,med,27022.906588743965,32236.77397668404,0.06985528030888181,-0.6941030428499863
B03630,personal,8,established,E,0.21599011303403615,39500.0,0.5919662819901583,med,23382.668138611254,26421.34945898879,0.07374928677440007,-0.8302541227472741
B03631,salary_advance,14,established,A,0.03764556401647116,11500.0,0.5937572703158033,med,6828.208608631738,50590.727446265926,0.011247463967720505,1.8377835971653447
B03632,personal,9,established,A,0.03033124787692655,4500.0,0.4596804650821062,med,2068.562092869478,18700.153865625172,0.009218115297043677,1.8249849162168217
B03633,personal,13,established,B,0.0511107438852777,6500.0,0.48365689869313055,med,3143.7698415053487,27695.29287694009,0.00945939879709951,1.0094850534809183
B03634,personal,13,established,B,0.05770761777593747,16000.0,0.6473869981117611,med,10358.191969788179,15093.612857007534,0.05718860502959461,1.3193086485871355
B03635,personal,11,established,B,0.05922971100954091,65000.0,0.40235455886303645,med,26153.04632609737,15496.799533345595,0.14063681487814064,1.216615458798611
B03636,salary_advance,7,established,B,0.06989782944422201,10000.0,0.3584090368206445,med,3584.090368206445,12728.250315054582,0.023465455970588075,0.9069161527640661
B03637,personal,39,loyal,B,0.07196642251045761,3500.0,0.4450973715515363,med,1557.840800430377,15642.996172409457,0.008298925939233003,0.7290417878109258
B03638,salary_advance,19,loyal,B,0.051495117881101074,10500.0,0.546655095413521,med,5739.87850184197,28161.337585683534,0.0169851026085493,1.2898631944766077
B03639,personal,14,established,C,0.0959311314172952,9500.0,0.6572356972776366,med,6243.739124137548,22779.89667962545,0.022840823248487362,0.7360154431432946
B03640,personal,24,loyal,D,0.14781444073693067,45500.0,0.5152301665499595,med,23442.972578023157,23192.188312264516,0.08423444229863818,-0.34159800652639816
B03641,personal,21,loyal,B,0.047572389581132225,15500.0,0.6856644653663341,med,10627.799213178178,22821.54408945641,0.038807625415700354,1.13195872931211
B03642,salary_advance,19,loyal,A,0.022499865046961377,4500.0,0.47273615600359264,med,2127.312702016167,71325.44704514684,0.002485453170579315,2.2086168472970176
B03643,personal,23,loyal,D,0.12254149179707666,5000.0,0.5463700686900099,med,2731.8503434500494,14393.77237643437,0.015816159192584,0.19362757167096906
B03644,personal,17,established,D,0.16684100973960045,3000.0,0.49760812233080626,med,1492.8243669924188,13571.790290374962,0.009166221104295047,-0.313247785321797
B03645,salary_advance,23,loyal,B,0.06030491266936803,15500.0,0.695659373246036,med,10782.720285313559,16899.132598891887,0.05317196125409717,1.2265463092386661
B03646,personal,24,loyal,E,0.19396241175854484,11500.0,0.5681517480583148,med,6533.74510267062,25860.13417804597,0.021054753807817506,-0.2496575504081362
B03647,personal,17,established,E,0.3454977573541175,2000.0,0.5093680187623875,med,1018.7360375247749,35707.79252368319,0.0023774830028326414,-1.3168186166275062
B03648,personal,14,established,B,0.06347700671904244,6500.0,0.739360638361493,high,4805.844149349705,37806.00334457965,0.010593212109611361,1.147719040105178
B03649,salary_advance,38,loyal,C,0.11780561407378132,37500.0,0.591824650817601,med,22193.42440566004,45231.592645609024,0.04088850128041078,0.29904873997656706
B03650,personal,12,established,D,0.14012464698628257,20000.0,0.6426368312543548,med,12852.736625087096,25348.34253575426,0.042253704908444205,0.0184485787202093
B03651,personal,20,loyal,D,0.13998343938145277,7500.0,0.7259428366189368,high,5444.571274642026,21634.042269870635,0.020972237514702268,-0.2101250410080655
B03652,personal,20,loyal,A,0.032944220008552454,11500.0,0.5524918471410579,med,6353.656242122166,66065.59441428314,0.008014328156800943,1.6767548149129992
B03653,personal,11,established,B,0.06135057560667256,60500.0,0.6207315901953999,med,37554.2612068217,5817.846137020535,0.5379175890062036,0.8531761582840144
B03654,personal,10,established,D,0.16552961824401455,11500.0,0.5843376640142579,med,6719.883136163966,27848.028762905356,0.020108793556437493,-0.24073954115370055
B03655,personal,13,established,E,0.31815893486504404,24500.0,0.6962612489325839,med,17058.400598848304,34081.289561445796,0.04171008202827682,-1.179897364762752
B03656,personal,12,established,D,0.15154955360384484,2500.0,0.5778981781160267,med,1444.7454452900668,75397.25905708926,0.0015968147288087922,-0.3469298048582003
B03657,personal,7,established,C,0.09332123460163282,5500.0,0.5381888993055638,med,2960.0389461806008,10793.383705031962,0.02285380738078618,0.5701526999497136
B03658,salary_advance,11,established,C,0.08400590703517336,3500.0,0.5520839522095115,med,1932.2938327332902,21352.504079257826,0.007541246003906836,0.5386357040797652
B03659,personal,19,loyal,C,0.08369935616586693,22500.0,0.5016897218165537,med,11288.018740872458,12750.354949665887,0.07377584640737297,0.509098044451987
B03660,personal,32,loyal,C,0.0821304562748599,14000.0,0.5868749779355279,med,8216.249691097391,10006.07810498855,0.06842715668157373,0.6116987594698118
B03661,salary_advance,22,loyal,A,0.037307190976362745,7000.0,0.5481186743008118,med,3836.8307201056828,24040.87700496463,0.013299676766205835,1.5087962314981596
B03662,salary_advance,3,new,D,0.15796862896500408,49500.0,0.6485860551477961,med,32105.009729815905,42540.06287129907,0.0628917142313325,-0.041859204065044286
B03663,salary_advance,23,loyal,B,0.0549293384217225,45500.0,0.5752503150224417,med,26173.8893335211,52223.26026576993,0.04176601448013664,1.2000134504595026
B03664,personal,12,established,E,0.30177987344702795,4000.0,0.785657381216522,high,3142.6295248660876,20079.806871619323,0.013042246641773654,-0.9869192077450982
B03665,personal,21,loyal,A,0.015,19000.0,0.5462360995452278,med,10378.485891359327,38816.06290326529,0.02228133817783949,2.9538507769753255
B03666,personal,16,established,D,0.16526383777792766,11000.0,0.560282848623484,med,6163.111334858324,24131.051060499318,0.021283474555275607,-0.28385931931625463
B03667,personal,14,established,D,0.15550687393140816,3000.0,0.6055018308410995,med,1816.5054925232987,36538.27347410075,0.00414292858740503,0.20359300788397736
B03668,personal,15,established,B,0.07412716958947968,13500.0,0.6719841892774923,med,9071.786555246146,50764.9475332447,0.014891815114003714,0.5664655247862109
B03669,personal,16,established,E,0.22129151090538007,4500.0,0.49806877378041675,med,2241.3094820118754,24177.391945355597,0.007725224895629628,-0.4107905124005407
B03670,personal,34,loyal,D,0.13028145837085237,38500.0,0.7329543349724961,high,28218.741896441097,48646.53734854114,0.048339757624577276,0.4078247942494629
B03671,personal,16,established,D,0.15690338066096995,20000.0,0.4923117624193326,med,9846.235248386653,13805.674629778894,0.059433502964234504,-0.00432472534322486
B03672,personal,29,loyal,E,0.1958182777185141,30500.0,0.6759289116547459,med,20615.83180546975,38602.82673826798,0.044504149798078436,-0.514038092573377
B03673,personal,27,loyal,C,0.09122523673107216,14500.0,0.5305778886522164,med,7693.379385457139,47501.677255131115,0.013496680240250716,0.8385894255396384
B03674,salary_advance,23,loyal,E,0.25276384457402007,4000.0,0.6084716126676432,med,2433.8864506705727,44874.05484606813,0.00451984719421864,-0.899221838258731
B03675,salary_advance,6,new,A,0.0242883565587679,12000.0,0.34877521621021057,low,4185.302594522527,14019.973609238717,0.024877023732796388,2.1027084424166143
B03676,personal,30,loyal,B,0.05354173137881569,15500.0,0.601285746813,med,9319.9290756015,24023.88806392961,0.032328686939989255,1.192970884978393
B03677,personal,12,established,C,0.08100401256190468,6000.0,0.4083695631518977,med,2450.2173789113863,31767.41384805353,0.00642749147137326,0.6391223576533764
B03678,personal,24,loyal,E,0.30877603650065,8000.0,0.4944442891524526,med,3955.554313219621,34326.702959884125,0.009602714437412075,-1.3366421124332417
B03679,personal,9,established,E,0.27690833798877,4000.0,0.7152895399218303,high,2861.158159687321,28673.590089350822,0.008315311961202979,-0.7925286732930206
B03680,salary_advance,8,established,A,0.0324690336821607,7000.0,0.661766208510102,med,4632.363459570714,59044.84123477922,0.006537917288363812,1.739345120805054
B03681,personal,48,loyal,A,0.015,13000.0,0.3225484857752761,low,4193.13031507859,13192.380329417856,0.026487071895384663,4.551241397039601
B03682,personal,9,established,B,0.04599859117960809,15500.0,0.6094590938397227,med,9446.615954515702,23573.112515077,0.03339474139047821,1.1946924650570308
B03683,personal,30,loyal,B,0.0466735266545204,11000.0,0.5808845948268623,med,6389.730543095485,10633.081803466184,0.05007744274894786,1.4369434102509508
B03684,personal,17,established,C,0.0816889819057929,13500.0,0.5313316130432716,med,7172.976776084167,37861.37891844712,0.0157878049281095,0.5249742281141881
B03685,personal,13,established,E,0.2215424475485047,6500.0,0.7255622785760046,high,4716.15481074403,36499.020226187735,0.010767765777267426,-0.8474971957101705
B03686,personal,16,established,B,0.0652354798391982,25000.0,0.5044730694948428,med,12611.826737371071,169690.56492899734,0.006193541531830878,0.9951740832003304
B03687,salary_advance,8,established,E,0.2683661462300245,9500.0,0.6578837903800419,med,6249.896008610398,47310.98611564762,0.011008535440607578,-0.7512073370969291
B03688,personal,16,established,E,0.33071775453037006,5500.0,0.5113577205748849,med,2812.4674631618673,32281.539962216666,0.007260257375303006,-1.2105851651398536
B03689,personal,9,established,E,0.34499069060048204,5500.0,0.5197679137225315,med,2858.7235254739235,30951.981281482233,0.00769666272054401,-1.2735293254384898
B03690,personal,13,established,B,0.0660598118180131,10000.0,0.6351302127968947,med,6351.302127968947,22603.589479050777,0.023415536626219605,0.975722646501593
B03691,personal,27,loyal,C,0.1051240434940036,3500.0,0.6038794994716918,med,2113.5782481509214,28904.952658386424,0.006093472034389961,0.3425859450724981
B03692,personal,18,established,D,0.14590854098083622,12500.0,0.550042596776021,med,6875.532459700262,31317.64415974141,0.018295151301479188,0.10085809990438051
B03693,personal,7,established,D,0.133381752660367,5000.0,0.7373304813911551,high,3686.6524069557754,9130.560512682907,0.033647554658471676,-0.015403937050684434
B03694,salary_advance,26,loyal,E,0.20497658453291615,18000.0,0.7535752193329011,high,13564.353947992218,29980.5007637875,0.03770326713037032,-0.37571654119822484
B03695,personal,16,established,E,0.2602852124278735,16500.0,0.6471235963902429,med,10677.539340439007,28440.096090075487,0.031286636381903384,-0.670730906017404
B03696,personal,12,established,E,0.19799933862201005,7000.0,0.45259321562398686,med,3168.152509367908,70594.48485292234,0.003739848936698675,-0.6204262062534526
B03697,personal,24,loyal,E,0.2592853839025898,15000.0,0.6072563256706267,med,9108.844885059401,25023.74697769939,0.030334002648154584,-1.0052714472253608
B03698,personal,14,established,E,0.18949793755879996,10500.0,0.509335852614586,med,5348.026452453153,17658.103086508276,0.025238773884963744,-0.5042100953003512
B03699,personal,8,established,E,0.24956494946472085,3500.0,0.6277984996960718,med,2197.2947489362514,31185.004870590827,0.00587166481148664,-1.0813064563962387
B03700,salary_advance,45,loyal,B,0.04747402334157274,16000.0,0.4133986201744875,med,6614.377922791799,28026.098365955066,0.019667316978456854,1.3276756288669924
B03701,personal,16,established,C,0.10278944043618708,58500.0,0.4191554505995113,med,24520.59386007141,25038.49344030949,0.08160965541093515,0.6609710639668241
B03702,personal,15,established,E,0.297915667496282,2000.0,0.41046544327427203,med,820.9308865485441,13313.79712149852,0.005138346828337336,-1.2936391226398898
B03703,salary_advance,13,established,D,0.16157122271062244,5000.0,0.5841135910067476,med,2920.567955033738,24690.881283690862,0.00985710716936779,0.05336823575199934
B03704,personal,31,loyal,A,0.02225531833730095,19000.0,0.25984264490035586,low,4937.010253106761,19563.961823083253,0.021029356160714042,2.2560598813167037
B03705,personal,12,established,E,0.3431594264692808,6000.0,0.5964266195016764,med,3578.5597170100586,23883.31019063359,0.012486263728542524,-0.980762897678293
B03706,personal,7,established,C,0.09407074563875946,13500.0,0.6132035829308149,med,8278.248369566001,40242.715003161735,0.017142333233306134,0.42663781779506577
B03707,salary_advance,11,established,C,0.0989638331093182,9000.0,0.4731048225411265,med,4257.943402870139,18564.698261860874,0.01911308290072245,0.4555219340028843
B03708,personal,34,loyal,A,0.03895995015315692,27500.0,0.3921259626087757,med,10783.463971741332,23820.98358243027,0.037723966961125434,1.4928875578409073
B03709,salary_advance,25,loyal,B,0.05776879515363804,4000.0,0.5112295084332795,med,2044.9180337331181,36230.72272066502,0.004703462237236282,1.0454668413574062
B03710,salary_advance,14,established,D,0.17796852610123468,8000.0,0.49243467074404745,med,3939.47736595238,23198.171589068665,0.014151536867273058,-0.08129547792375019
B03711,salary_advance,34,loyal,C,0.0814304007003496,24000.0,0.5479679588894396,med,13151.23101334655,112989.73953082888,0.00969942865900542,0.8167641214728851
B03712,salary_advance,24,loyal,C,0.08687981476969037,9500.0,0.4269276212935634,med,4055.812402288852,30849.52325298651,0.010955902432776962,0.8313699439537359
B03713,salary_advance,14,established,C,0.09824331811744354,8500.0,0.5420450665551257,med,4607.383065718569,13588.19435011656,0.028256041893203212,0.25830481771717617
B03714,salary_advance,15,established,E,0.29358597121636076,2500.0,0.5874882159673835,med,1468.7205399184588,16956.109516367298,0.007218246509224009,-0.9691114553240175
B03715,salary_advance,19,loyal,A,0.025584731618113712,7500.0,0.47732067986936294,med,3579.905099020222,16043.127862030567,0.018595215813519857,1.9930886075978922
B03716,salary_advance,10,established,A,0.03899424498980409,11000.0,0.6595058105391173,med,7254.56391593029,17089.773839245037,0.03537478018614303,1.4164335878643248
B03717,salary_advance,16,established,E,0.23611028772838946,6500.0,0.6229545552606875,med,4049.204609194469,36146.59256882987,0.009335145955744945,-0.6941890268698575
B03718,salary_advance,19,loyal,C,0.10455547654720734,13500.0,0.59547942381357,med,8038.9722214831945,14638.638711935244,0.04576343230904855,0.44927436781624663
B03719,personal,6,new,D,0.167887251707263,11500.0,0.5169408237139218,med,5944.819472710101,22422.873024338965,0.02209358373425684,-0.22508566935421595
B03720,salary_advance,14,established,E,0.2676016123883436,16000.0,0.6327612956677457,med,10124.180730683933,50438.537738586325,0.01672692677828294,-0.8065188004995824
B03721,personal,13,established,E,0.35,11000.0,0.6329975584060166,med,6962.973142466182,20213.890892432835,0.028705396945097807,-1.8667962677622671
B03722,salary_advance,28,loyal,D,0.161509830704231,5000.0,0.5697193569802886,med,2848.5967849014432,38922.1045876097,0.0060989267647161395,0.07940734808766392
B03723,personal,5,new,E,0.20131280030702212,2500.0,0.6606506285941036,med,1651.626571485259,10661.201051872164,0.01290994766481794,-0.7064023402511919
B03724,salary_advance,13,established,E,0.34363223910929075,14500.0,0.58307454053194,med,8454.580837713129,21942.084100651708,0.03210945687341681,-1.091233333364019
B03725,salary_advance,12,established,D,0.12286395967943976,5500.0,0.5057915261742724,med,2781.853393958498,16526.658733645298,0.014027101297327703,0.5269777640854788
B03726,salary_advance,27,loyal,A,0.029861687123591957,12000.0,0.4337509519606725,med,5205.01142352807,31725.435699649064,0.013672025061123763,1.9128563033163397
B03727,personal,16,established,B,0.05918532923749453,6000.0,0.47526704881827775,med,2851.6022929096666,15227.709334636282,0.01560533624506662,0.8421161461652679
B03728,salary_advance,44,loyal,B,0.07328147489589823,14000.0,0.5529105820697794,med,7740.748148976912,83978.09618506448,0.0076813166176872725,0.6233143468412815
B03729,salary_advance,23,loyal,E,0.280410206302365,3500.0,0.5885983603816745,med,2060.0942613358607,10919.858684696861,0.01572131350184722,-1.0904116965211967
B03730,salary_advance,13,established,C,0.0828890302142553,6500.0,0.6639109131860822,med,4315.420935709534,50245.668798072766,0.007157202200937197,1.0657023406590476
B03731,salary_advance,18,established,C,0.09802437327659738,9000.0,0.7766445696590126,high,6989.801126931114,43610.46384913413,0.013356506118790672,0.4963921690645581
B03732,personal,13,established,C,0.09506725303687515,13500.0,0.4891777020312543,med,6603.8989774219335,31901.98894146419,0.01725048917153512,0.4243511092180204
B03733,personal,26,loyal,A,0.02006522651607646,8000.0,0.4943048304395771,med,3954.438643516617,27720.799348986362,0.011887700259928996,2.336102800302514
B03734,personal,7,established,E,0.21461666103819868,9500.0,0.699776353842009,med,6647.875361499086,74624.73270613233,0.0074236730018160954,-0.8248116295306533
B03735,salary_advance,10,established,E,0.35,4500.0,0.6564294539067498,med,2953.932542580374,104718.40183759015,0.0023506952063383018,-2.5248159331220426
B03736,personal,21,loyal,E,0.22125393973985397,6500.0,0.5027221483091389,med,3267.6939640094024,24004.661543526738,0.011343956249512266,-0.653454577809757
B03737,salary_advance,32,loyal,B,0.07339552190100376,10500.0,0.6784287498105609,med,7123.5018730108895,29341.93955207082,0.02023128549599733,1.236045068267821
B03738,salary_advance,4,new,D,0.15075962313412036,5000.0,0.633161503867039,med,3165.8075193351947,19854.379276296277,0.013287612249499977,0.026925901748040493
B03739,personal,35,loyal,E,0.27245173874744494,4000.0,0.6424577387719262,med,2569.830955087705,14141.824060150482,0.015143207741785703,-0.8156361295986817
B03740,personal,15,established,E,0.347611231860066,13000.0,0.7625972876676671,high,9913.764739679673,34707.53241461823,0.02380310567086047,-1.4197173831764305
B03741,personal,5,new,E,0.20347151248564255,2500.0,0.671619812124746,med,1679.0495303118648,30862.351489653032,0.004533704900599214,-0.7046090158173954
B03742,salary_advance,3,new,E,0.2948681129229163,24000.0,0.6260186522081927,med,15024.447652996627,11096.42532330789,0.11283249045857122,-1.2460946698818056
B03743,personal,7,established,B,0.07959038964842526,3500.0,0.44301068574295716,med,1550.53740010035,34572.05901382467,0.0037374531252736044,0.5206334182545254
B03744,personal,16,established,E,0.2118636940505014,7000.0,0.5424756724065655,med,3797.3297068459583,31436.562935613947,0.010066117688669742,-0.41142688862626897
B03745,salary_advance,15,established,D,0.16490346644075007,11000.0,0.6912455251565707,med,7603.700776722278,19328.102846834252,0.03278344162460349,-0.2771178843317118
B03746,personal,23,loyal,E,0.20544726488192702,18000.0,0.6523305760525732,med,11741.950368946316,18646.477561127987,0.05247617738369602,-0.35827640292300655
B03747,salary_advance,12,established,C,0.0910594453100908,6000.0,0.5197134422294082,med,3118.280653376449,33964.762600771086,0.007650773955617305,0.6131227265805943
B03748,personal,8,established,D,0.13237272551061668,5000.0,0.7244054043714782,high,3622.027021857391,65178.49813699255,0.004630907335734904,0.042609223760035765
B03749,personal,13,established,C,0.10460214382787483,12500.0,0.5396960222529091,med,6746.200278161365,33493.865991311584,0.016784666083613016,0.2019572698625939
B03750,personal,16,established,D,0.1292208851347462,5000.0,0.6530783648330581,med,3265.391824165291,41326.794184476355,0.0065844929595173605,0.18012944380581153
B03751,personal,18,established,D,0.14536474034979627,12000.0,0.5918279810725097,med,7101.935772870116,17022.512020288665,0.03476737043082279,-0.07219553659670648
B03752,personal,10,established,E,0.3129182266920778,15000.0,0.7832334642828032,high,11748.501964242047,21421.496062128972,0.045703709372771135,-1.0331305834580906
B03753,salary_advance,26,loyal,D,0.12741745724803696,3000.0,0.6369114618977182,med,1910.7343856931545,37586.838382774986,0.004236266531728279,0.01961987326873782
B03754,personal,11,established,E,0.20227913152515312,18000.0,0.593584753223675,med,10684.52555802615,12745.203878715682,0.06985977927920244,-0.3946749051389369
B03755,personal,10,established,A,0.03525390362332187,4500.0,0.45917287055445455,med,2066.2779174950456,30150.625073614166,0.005710986954250896,2.065195238088322
B03756,personal,12,established,E,0.35,23000.0,0.6390345899624879,med,14697.79556913722,35290.9793671753,0.03470621443187612,-1.3488363204168115
B03757,personal,29,loyal,D,0.15894801741107714,50000.0,0.4980404039698015,med,24902.020198490074,26339.006203274705,0.07878688868740116,-0.018976503316890492
B03758,salary_advance,15,established,C,0.10955999161208059,13500.0,0.41116744446602416,med,5550.760500291326,32069.304895217017,0.014423866576954285,0.4482670601104887
B03759,personal,11,established,E,0.2214125803283383,46000.0,0.6176771164614285,med,28413.147357225713,27772.480970989287,0.08525569905843623,-0.30333275327249254
B03760,salary_advance,27,loyal,A,0.035755525607086995,29000.0,0.43312190074711826,med,12560.53512166643,19107.020625257483,0.05478150051061474,1.8239695414377377
B03761,personal,53,loyal,D,0.14519658554374312,3000.0,0.5110989003170594,med,1533.2967009511783,14073.393086451726,0.009079169770527615,0.09150206949713369
B03762,personal,18,established,D,0.1671333964290072,3000.0,0.5703334662784133,med,1711.0003988352398,25599.48870701939,0.005569773998279384,-0.2345413991506094
B03763,personal,32,loyal,B,0.049803075309878715,4000.0,0.5158938024377303,med,2063.575209750921,55131.59825745497,0.0031191658912105543,1.2146285136163173
B03764,personal,29,loyal,A,0.020626604204095123,12500.0,0.47044872026950674,med,5880.609003368834,47259.52037340765,0.010369355135404245,2.210711662918376
B03765,salary_advance,11,established,B,0.04294934150828423,17500.0,0.6577240211807918,med,11510.170370663856,22249.331394855606,0.043110547782292716,1.7574983739483279
B03766,personal,16,established,D,0.13763206325020083,7500.0,0.6351247452390404,med,4763.435589292803,21996.5864459369,0.018046116689515862,-0.13665388410914364
B03767,personal,8,established,D,0.16164578880338681,12000.0,0.7560927931039441,high,9073.11351724733,21123.853653072383,0.03579331714381449,-0.04951421173240328
B03768,salary_advance,14,established,C,0.11156948455689317,9000.0,0.5051699926415014,med,4546.529933773513,21125.346869445315,0.017934734838797668,0.39671924478420395
B03769,salary_advance,11,established,C,0.11058478280636169,3500.0,0.6211025782879178,med,2173.8590240077124,31516.36402263743,0.005747963773269982,0.4969994084625855
B03770,salary_advance,13,established,E,0.18931597744065934,4500.0,0.5537651234744714,med,2491.9430556351213,48127.77669343274,0.00431480395667775,-0.4973481143478149
B03771,salary_advance,10,established,B,0.04687711595188291,66000.0,0.45165073570270375,med,29808.948556378447,93390.516179828,0.02659883624137653,1.286593798855439
B03772,salary_advance,14,established,C,0.09829076976211414,9000.0,0.7357259500675469,high,6621.533550607923,17044.517277817136,0.03237372191636088,0.5566091277227865
B03773,salary_advance,22,loyal,B,0.07993551664441854,6000.0,0.45684188448726987,med,2741.051306923619,38489.82466016535,0.005934579963936204,0.7051438111846863
B03774,salary_advance,15,established,E,0.23117636774061023,4000.0,0.3919950977351058,med,1567.9803909404234,36253.235869097814,0.0036042308899037405,-0.9211453765590728
B03775,personal,5,new,E,0.2201719789855912,46500.0,0.5175086719068016,med,24064.153243666275,22440.87763773019,0.08936130466961938,-0.28771379150938753
B03776,salary_advance,10,established,E,0.35,3000.0,0.4509463911245393,med,1352.839173373618,15301.328183944195,0.007367765492372762,-1.5432123032208054
B03777,personal,7,established,E,0.1892880375623757,10500.0,0.5003404049367293,med,5253.574251835657,31302.561281636357,0.013986007419030983,-0.581649344032232
B03778,salary_advance,18,established,D,0.16040910103478523,3000.0,0.49217635813807076,med,1476.5290744142123,86330.12444924921,0.0014252740896586044,-0.21309770647919868
B03779,salary_advance,21,loyal,B,0.07631390488057498,4000.0,0.5241612624116665,med,2096.645049646666,31193.83965930527,0.005601119410504147,1.036995193087619
B03780,personal,18,established,A,0.023594075180825975,17500.0,0.29110588235880963,low,5094.352941279169,17448.738209158924,0.024330092335870256,1.8798500249452958
B03781,salary_advance,10,established,C,0.08255417376837094,15000.0,0.6413830095935001,med,9620.745143902503,24673.955429202448,0.03249291603416785,0.9219074656654371
B03782,salary_advance,18,established,A,0.030313996142874777,17500.0,0.3089759857527341,low,5407.079750672847,14370.090617753956,0.03135609866412689,1.7984020726356134
B03783,personal,12,established,C,0.09040074942045657,6000.0,0.5243103713205742,med,3145.8622279234455,27178.477134656674,0.009645690756013682,0.6452121731035768
B03784,personal,8,established,B,0.05428483566611327,64000.0,0.4821881579260336,med,30860.04210726615,39178.14775906286,0.06564042260039266,1.1250534896876154
B03785,salary_advance,24,loyal,A,0.023723708575001334,13000.0,0.5376617540756549,med,6989.602802983513,18380.94765254963,0.031688621895826566,2.607127352943106
B03786,salary_advance,25,loyal,D,0.14224767309162265,50000.0,0.6008520716641033,med,30042.603583205164,4489.131270112488,0.5576914881657485,0.018163167697745064
B03787,personal,27,loyal,D,0.17240536820687632,4500.0,0.6943461837134308,med,3124.557826710439,31328.533980567612,0.008311267263704212,-0.3971044341315033
B03788,personal,11,established,C,0.08213749708701411,9500.0,0.4990414503444867,med,4740.893778272623,20417.46807943673,0.019349827313829098,0.6688109004773214
B03789,salary_advance,31,loyal,C,0.08159070855158894,6000.0,0.4857409750394899,med,2914.4458502369393,17803.166093216696,0.013641982906191202,0.7463215459377541
B03790,personal,12,established,D,0.12339679919065166,12500.0,0.5971879275603236,med,7464.849094504045,17718.84635906419,0.035107858901723174,0.22035383280696072
B03791,personal,23,loyal,D,0.13437483963349775,12500.0,0.6583991044090397,med,8229.988805112996,33528.07944564091,0.020455463353873975,0.15133310789263937
B03792,personal,12,established,E,0.21527943882641604,7000.0,0.6741699195437392,med,4719.189436806174,21496.63624641426,0.01829429413479112,-0.5962587170247173
B03793,personal,14,established,A,0.032792147686299795,4000.0,0.5254796746235485,med,2101.918698494194,44879.890386776795,0.0039028591654669265,1.6207646687750252
B03794,personal,4,new,E,0.35,3000.0,0.6649749728031057,med,1994.9249184093171,45426.38655773555,0.003659629475249715,-1.4498611138199142
B03795,salary_advance,13,established,B,0.06978902426515902,4000.0,0.5162243080715476,med,2064.8972322861905,23182.486893655405,0.007422619072170211,1.0363922592415442
B03796,salary_advance,17,established,B,0.0663860261470047,24500.0,0.5661182227107914,med,13869.896456414388,20201.733847584972,0.05721413386699838,0.8742282857304499
B03797,salary_advance,13,established,E,0.3419938541025697,3500.0,0.7972707034393406,high,2790.4474620376923,28860.803635943037,0.00805720074314011,-1.2290132975702441
B03798,personal,43,loyal,E,0.1932422273320766,2500.0,0.5656706277489869,med,1414.1765693724674,24835.609022943765,0.004745124121531895,-0.4307803299935937
B03799,personal,8,established,E,0.21936442379923038,6500.0,0.5654448080177886,med,3675.3912521156262,10261.122002813165,0.029848841506708444,-0.6626905609498676
B03800,personal,12,established,C,0.10902152662161833,3500.0,0.49835020597030893,med,1744.2257208960814,77092.17506175723,0.0018854331622057316,0.5645841133165913
B03801,personal,9,established,D,0.1482062069176969,45500.0,0.6189060314016913,med,28160.224428776954,39850.2780287401,0.058887553240464525,-0.367035105930551
B03802,personal,12,established,D,0.13841148177260706,5000.0,0.3620092788838453,med,1810.0463944192265,20849.457905643965,0.007234586156511235,-0.08558980661080533
B03803,personal,28,loyal,E,0.32824455234668576,25500.0,0.6150866003520676,med,15684.708308977724,9376.75687676873,0.13939350704361675,-1.0576473569847278
B03804,personal,37,loyal,A,0.020989550761823003,19000.0,0.538390977330218,med,10229.428569274141,24361.57745944587,0.034991674171834804,2.7259117167153137
B03805,personal,11,established,D,0.17981263687869162,8000.0,0.5171769024306492,med,4137.4152194451935,19469.66221039078,0.01770881271049605,0.07119561873949704
B03806,salary_advance,11,established,B,0.0748757878615705,9500.0,0.5460614332730723,med,5187.583616094187,26021.664975264124,0.01661302745560107,0.8490008972969438
B03807,salary_advance,8,established,D,0.17231852597713607,11500.0,0.7610577355534542,high,8752.163958864723,8183.46745183211,0.0891244452140852,-0.19062548856522243
B03808,salary_advance,33,loyal,D,0.14677122902158407,12500.0,0.5966244076325043,med,7457.805095406305,20749.2285563837,0.029952138040299333,0.0973726729321488
B03809,salary_advance,30,loyal,A,0.020391783433168463,5000.0,0.25258033808596253,low,1262.9016904298126,21456.28639951718,0.004904940471813702,2.6626846549535315
B03810,personal,15,established,E,0.35,19000.0,0.5246187000697862,med,9967.755301325937,24203.404843184653,0.034319397642286406,-1.916721607006629
B03811,personal,7,established,D,0.1303432010921932,8500.0,0.5307046256625505,med,4510.989318131679,23625.591176879967,0.01591138074372695,0.27864706843077663
B03812,personal,8,established,E,0.3315338989755997,5500.0,0.5562514013311632,med,3059.382707321398,27687.545166448268,0.009208059342595535,-1.2115038911078932
B03813,personal,18,established,E,0.20142441420889826,7000.0,0.5993639649322929,med,4195.547754526051,62109.085288551054,0.005629272721044031,-0.4050011543970049
B03814,personal,22,loyal,D,0.1499013375741452,11500.0,0.5480597740267549,med,6302.687401307681,20266.857533519233,0.025915411367564443,-0.23809446767402087
B03815,personal,5,new,E,0.32875949682441996,5500.0,0.7371494462391739,high,4054.3219543154564,16299.066647638118,0.020728804302949478,-1.3359776834192478
B03816,personal,13,established,D,0.12914486881866974,8000.0,0.4557966031610265,med,3646.372825288212,10404.234994716533,0.029205838032460733,0.03544172970632749
B03817,personal,40,loyal,E,0.35,1500.0,0.6495825161917143,med,974.3737742875713,20310.41044860635,0.003997842127781119,-2.1680291473060658
B03818,salary_advance,14,established,C,0.11134500202485072,8000.0,0.5835586117880758,med,4668.468894304606,12447.95948681041,0.0312532407369739,0.034511518081302706
B03819,salary_advance,37,loyal,C,0.08133854591087099,6000.0,0.5690966712295754,med,3414.5800273774526,45617.78594159946,0.0062376621254497215,0.6597100246500249
B03820,salary_advance,23,loyal,E,0.21053604816418645,17000.0,0.6119179953377345,med,10402.605920741487,25518.06197485545,0.03397138182290851,-0.6092765464060127
B03821,salary_advance,9,established,A,0.03331128356296356,7500.0,0.26360079799827035,low,1977.0059849870277,45103.076658390964,0.0036527552210403108,1.8632187214493836
B03822,personal,13,established,E,0.2294623232821408,42500.0,0.6075956383029392,med,25822.814627874915,60242.50113080559,0.0357206486881598,-0.5944583747973149
B03823,personal,15,established,D,0.17222778848730919,11500.0,0.5649889601002105,med,6497.37304115242,16717.613997902936,0.03238786070172979,-0.237484242464837
B03824,salary_advance,9,established,D,0.16346760815383357,11500.0,0.6600934255016552,med,7591.074393269035,22224.534869780357,0.0284635667958378,-0.24221916391470266
B03825,personal,9,established,D,0.13378052300118556,34500.0,0.6383738875959422,med,22023.899122060004,55961.97609810381,0.03279592778533996,-0.08156612043058602
B03826,personal,37,loyal,B,0.042275108133202094,7000.0,0.5153086498772143,med,3607.1605491405,29853.867313123694,0.010068937108735434,1.7081440935060495
B03827,personal,9,established,A,0.019505955051504438,13000.0,0.49101753109303303,med,6383.22790420943,35840.379843650335,0.014841797464330155,2.4730158039234746
B03828,salary_advance,29,loyal,B,0.04163203762837026,4000.0,0.6312128264704093,med,2524.8513058816375,47483.5048933206,0.004431102463115219,1.4956392037006583
B03829,salary_advance,12,established,B,0.045206127101706434,4000.0,0.6146787665031012,med,2458.715066012405,44050.106960176716,0.004651360378146933,1.437993766971771
B03830,personal,16,established,A,0.033282486082742195,11500.0,0.5173205471882605,med,5949.186292664996,33714.98763136415,0.014704603478114647,1.716427481477082
B03831,salary_advance,22,loyal,B,0.061304292373138725,15000.0,0.718895354425639,high,10783.430316384585,57988.43173833612,0.015496525187763822,0.998871076766457
B03832,personal,11,established,A,0.03845391475298161,28000.0,0.43349903752195706,med,12137.973050614797,25911.965522173134,0.039035933161934426,1.5702508736118699
B03833,personal,22,loyal,B,0.05433901939660794,6500.0,0.39511346853085205,med,2568.237545450538,35799.09594159363,0.005978357548564513,1.1924011323904034
B03834,personal,5,new,D,0.17850254042012753,11500.0,0.5783047210906347,med,6650.504292542299,24410.84604620924,0.02270337906339197,-0.20601264068842803
B03835,personal,20,loyal,C,0.08496498755453444,6000.0,0.49510200512165,med,2970.6120307298997,47160.097307188735,0.005249162251475892,0.7503410344514679
B03836,salary_advance,4,new,E,0.35,1500.0,0.41631385529228404,med,624.470782938426,18298.592972841547,0.002843892532544509,-1.8214169633678243
B03837,personal,14,established,D,0.13394234834414706,3000.0,0.4905513652420909,med,1471.6540957262728,10661.869035977481,0.011502471179930347,0.2921192604461498
B03838,salary_advance,26,loyal,E,0.30325375608485344,6500.0,0.6475125296381771,med,4208.831442648151,38569.17391191231,0.009093685914949965,-0.7937475204462964
B03839,personal,23,loyal,E,0.33745698154267956,5500.0,0.6293216447266465,med,3461.269045996556,15350.814401927406,0.018789823107376247,-1.2252691516111076
B03840,salary_advance,8,established,C,0.10156265225452754,5500.0,0.4647498156617956,med,2556.123986139876,14536.478625787586,0.014653502932989872,0.5428786890252248
B03841,salary_advance,8,established,E,0.22729553598595775,2500.0,0.6094949507194406,med,1523.7373767986014,53944.523990275535,0.002353864773301306,-0.7640785952000543
B03842,salary_advance,11,established,D,0.122652168629039,8500.0,0.564420481821277,med,4797.574095480854,45773.18659577967,0.00873432397924712,0.34288624869662226
B03843,personal,18,established,C,0.11752422235586393,20500.0,0.6280888572710294,med,12875.821574056103,22284.008621556022,0.048150453959769586,0.13843451934986478
B03844,salary_advance,5,new,C,0.10191180540569407,3000.0,0.49172530664678116,med,1475.1759199403434,5039.1630209130835,0.024395187484809816,0.18304960081713484
B03845,personal,16,established,E,0.3094806778828073,9500.0,0.6984444211165322,med,6635.222000607056,36072.35554475996,0.015328501794986788,-0.9041214070421014
B03846,salary_advance,19,loyal,A,0.032648681524098395,17000.0,0.3852708416028323,med,6549.60430724815,38730.306254857016,0.014092332638575485,1.6486823824811987
B03847,salary_advance,14,established,D,0.12391988430296069,8500.0,0.5053734081054738,med,4295.673968896527,35747.87958927478,0.010013819976298055,0.26076476353392103
B03848,personal,21,loyal,B,0.06617637635085702,3500.0,0.6870845042200284,med,2404.7957647700996,34855.61143431614,0.005749422799305049,0.841075680171162
B03849,personal,18,established,E,0.35,24500.0,0.5361654404508982,med,13136.053291047006,24348.753964680705,0.04495799288847122,-1.1964396139469966
B03850,personal,12,established,E,0.188623522105408,7500.0,0.5143845219203931,med,3857.883914402948,21466.352128712624,0.014976476872855901,-0.17832755679598694
B03851,personal,5,new,C,0.08660399034575661,9500.0,0.408532177370653,med,3881.0556850212033,14641.437487220308,0.022089450394976357,0.7472944832701202
B03852,personal,17,established,C,0.08034296485073021,25000.0,0.44120779675845356,med,11030.194918961339,18332.520319833213,0.05013947312629012,0.9701776318087014
B03853,personal,9,established,E,0.2457886417167942,16000.0,0.6219500575727526,med,9951.200921164042,32106.58932480088,0.025828552981483024,-0.7972926829243939
B03854,personal,11,established,E,0.2687155082384598,10500.0,0.6679235261465019,med,7013.197024538269,32398.254374290027,0.018039030085583007,-0.5455581905748454
B03855,personal,21,loyal,E,0.23367206436811697,17000.0,0.598131038374199,med,10168.227652361384,41539.64294727828,0.02039864197771031,-0.5886867300638188
B03856,salary_advance,35,loyal,C,0.11767522096098422,5000.0,0.5286993220459363,med,2643.496610229681,12412.543458634245,0.017747481402175528,0.09358708173911823
B03857,personal,16,established,E,0.35,8000.0,0.5219235780412649,med,4175.3886243301195,10801.344492569426,0.0322134945577261,-1.399067540706529
B03858,salary_advance,22,loyal,C,0.08762971154537287,6000.0,0.46535287889162413,med,2792.1172733497447,21832.657716016623,0.010657265939506697,0.6118241275915259
B03859,personal,7,established,C,0.08504212941812574,23000.0,0.3844117633605955,med,8841.470557293696,15352.42613625284,0.04799171196583531,0.633138398182844
B03860,personal,18,established,E,0.20080415477265298,6500.0,0.6710159983618764,med,4361.603989352197,29800.87698443402,0.01219652023336541,-0.7850528638010786
B03861,personal,15,established,D,0.1590979709168566,3000.0,0.6492101644350728,med,1947.6304933052186,13089.528787450365,0.012399418171903666,-0.09060628266117694
B03862,salary_advance,32,loyal,B,0.07885989863561167,9000.0,0.5358945632875606,med,4823.051069588045,51489.216605399546,0.007805924210226224,0.5295015923686432
B03863,personal,12,established,B,0.044122411279452364,15000.0,0.5598057617451007,med,8397.08642617651,17117.67446010405,0.04087922128746467,1.0551187315982191
B03864,salary_advance,14,established,D,0.16393326874051345,7500.0,0.6618833637778929,med,4964.125228334197,64600.073834226336,0.006403662996156039,-0.26159183680442133
B03865,personal,29,loyal,D,0.14623383977247048,11500.0,0.5841620755046885,med,6717.863868303917,35895.45690214077,0.015595900911681644,-0.1752161076508515
B03866,personal,15,established,E,0.22968112955273431,2500.0,0.7308989012883045,high,1827.2472532207612,15057.362790303254,0.010112700780054508,-0.8460211282923613
B03867,personal,8,established,E,0.2144038785837861,3500.0,0.5170711842576927,med,1809.7491449019244,85144.89731382081,0.0017712444726543466,-1.1375095200784877
B03868,salary_advance,60,loyal,B,0.04675576113247091,10500.0,0.47303420027698695,med,4966.859102908363,31132.22617356729,0.013295063543955238,1.2791849914469697
B03869,personal,9,established,D,0.15300786249874526,7500.0,0.5273909707662155,med,3955.4322807466165,29477.00283496756,0.011182254809768805,-0.13511079633047862
B03870,personal,15,established,D,0.1254599538412079,12000.0,0.6256040499533513,med,7507.248599440215,25955.358776717916,0.02410307849470072,0.05480985982330186
B03871,personal,19,loyal,B,0.040490943151224715,71000.0,0.35329034007814336,med,25083.614145548177,34773.272082697295,0.06011229469071985,1.6746411561953969
B03872,personal,19,loyal,B,0.044643769955431366,17000.0,0.6322077037661897,med,10747.530964025225,35917.550838566065,0.024935652889054045,1.7320807259278714
B03873,personal,14,established,E,0.35,4500.0,0.6998628600725079,med,3149.3828703262852,16718.385591994607,0.015698200707421218,-1.6462343078348034
B03874,salary_advance,14,established,B,0.0762657600389485,10000.0,0.6875253741474032,med,6875.253741474032,23921.82980990305,0.023950417519997592,0.9978346730955673
B03875,personal,14,established,D,0.13878348521341538,37000.0,0.554610335253974,med,20520.582404397035,28670.830521302054,0.05964419246345895,0.2256469257111892
B03876,personal,8,established,D,0.17357824487720883,10500.0,0.5339228196931979,med,5606.189606778577,37067.92263371932,0.012603416486214674,-0.4615909991459365
B03877,salary_advance,53,loyal,B,0.06597890646863355,25500.0,0.5827759248569115,med,14860.786083851244,37415.079689198115,0.033098922963899706,1.0776836870279425
B03878,personal,14,established,E,0.35,3000.0,0.7400413564138395,high,2220.1240692415186,29451.43712779859,0.006281878140636897,-1.7263832352207857
B03879,personal,22,loyal,A,0.03080944147239237,17500.0,0.4134406297016265,med,7235.211019778463,19877.07575172982,0.03033314654424127,1.8626423427763994
B03880,salary_advance,13,established,B,0.06575540069618893,6000.0,0.33272131773065666,low,1996.32790638394,19324.41206083332,0.00860883417004483,0.8649440970719076
B03881,salary_advance,13,established,E,0.21712140801412677,10500.0,0.41467654772831053,med,4354.1037511472605,13970.194548896714,0.02597257883505473,-0.5151977448326591
B03882,salary_advance,12,established,D,0.1391766120417826,19000.0,0.6009569054161822,med,11418.18120290746,37269.50237189449,0.025530662866049984,-0.23541022181952387
B03883,personal,7,established,E,0.35,20000.0,0.7767016840527464,high,15534.033681054929,19172.123428924104,0.06752005387163429,-1.7031464755474404
B03884,salary_advance,15,established,D,0.12667867566659566,3000.0,0.4347732023597635,med,1304.3196070792906,24210.338371595353,0.004489540745843713,0.03604275016374586
B03885,personal,13,established,E,0.2104690061546592,17500.0,0.5667731796370081,med,9918.530643647642,30661.379621024847,0.026957176438897085,-0.482731977240583
B03886,salary_advance,31,loyal,E,0.2178364529511407,2500.0,0.56360478076627,med,1409.011951915675,26961.462013012977,0.004355018381531677,-0.5751103871237591
B03887,salary_advance,8,established,B,0.06895578495348118,10500.0,0.697133620580999,med,7319.90301610049,26820.284802113354,0.02274367787326064,1.126702233709778
B03888,salary_advance,11,established,A,0.03485579495140655,17000.0,0.7061766371380825,high,12005.002831347403,16354.705684704506,0.06116997284444614,1.6267971896944755
B03889,personal,10,established,D,0.12752022106926755,8000.0,0.6076978003766278,med,4861.5824030130225,31190.673633644084,0.012988878396032875,-0.027360490044477766
B03890,personal,36,loyal,D,0.14165478580655733,5000.0,0.6492797039199407,med,3246.3985195997034,22650.659294548786,0.011943723423174254,0.09435311715363204
B03891,salary_advance,10,established,B,0.06997737440527065,14500.0,0.6142756075940806,med,8906.99631011417,25654.64058937668,0.02893237540879337,0.7849846021317938
B03892,personal,22,loyal,C,0.09851518770130595,13000.0,0.42069397982003376,med,5469.021737660439,50862.575163455214,0.008960454912223186,0.380361037504957
B03893,personal,28,loyal,E,0.18262510803185839,6500.0,0.6621854648170068,med,4304.205521310544,35522.621812225145,0.010097334463052048,-0.6821792162311863
B03894,salary_advance,15,established,E,0.18256026985310803,7500.0,0.48221731454103317,med,3616.629859057749,19654.40798360942,0.015334260988144907,-0.3026779865872612
B03895,salary_advance,7,established,D,0.16598751141371865,12000.0,0.5514039450173444,med,6616.847340208133,24787.563656799928,0.022245185232881035,0.053563993251969144
B03896,personal,7,established,C,0.10290533139121519,8500.0,0.6615299155170414,med,5623.004281894852,64840.798939593835,0.007226679772938029,0.24818659447669594
B03897,personal,26,loyal,C,0.1197625499697891,3500.0,0.5574585695407795,med,1951.1049933927284,22718.60909205168,0.00715677980654246,0.4093367178764682
B03898,personal,8,established,D,0.12049788583756295,8500.0,0.661434214578425,med,5622.190823916612,27499.81850314279,0.01703705433326795,0.21036937998711588
B03899,personal,20,loyal,E,0.24811175927198909,8500.0,0.7335062747783575,high,6234.803335616039,38765.271592749115,0.013402897059332165,-1.1248279832839216
B03900,personal,17,established,B,0.07588313294200878,6000.0,0.3624804102873961,med,2174.8824617243763,30283.410046888133,0.00598480174006434,0.6652177440849291
B03901,salary_advance,20,loyal,B,0.07018352694188353,6000.0,0.32103931238615524,low,1926.2358743169314,21915.513296757585,0.007324476229211872,0.7534158840085123
B03902,salary_advance,21,loyal,A,0.015,56000.0,0.5441176261357092,med,30470.587063599716,17874.290791194995,0.14205965530582873,3.302709054150154
B03903,personal,9,established,E,0.19661545920914608,18000.0,0.6979206816183747,med,12562.572269130746,26754.168769879656,0.03912964111993494,-0.387634370176413
B03904,personal,9,established,D,0.14214330857095347,13000.0,0.5805887484870885,med,7547.653730332151,38634.87478542153,0.016279880488487608,0.32345849510937236
B03905,salary_advance,24,loyal,A,0.015,32000.0,0.45698249584964445,med,14623.439867188623,55630.957433006995,0.02190542901225268,3.579219162208502
B03906,salary_advance,11,established,C,0.08824981005044484,57000.0,0.627084685200584,med,35743.82705643329,12016.731534103108,0.2478754099023892,0.5440916295031788
B03907,salary_advance,3,new,D,0.1327440660039317,8000.0,0.651645526210651,med,5213.164209685207,70935.86089912862,0.006124269802334029,-0.0676305392760167
B03908,personal,23,loyal,E,0.183724688796105,4500.0,0.5642004080391398,med,2538.901836176129,22956.927481849976,0.009216179002262008,-0.5869218947506514
B03909,salary_advance,9,established,A,0.03285611956697392,17500.0,0.5785998311937052,med,10125.49704588984,44741.406311993676,0.018859295897112372,1.878266367208985
B03910,personal,21,loyal,E,0.23966050955729706,28500.0,0.5732457613132348,med,16337.504197427192,17932.241944835147,0.07592239092619764,-0.7591015861765701
B03911,personal,35,loyal,B,0.058683372889846444,14500.0,0.5505007143871467,med,7982.2603586136265,11092.653444644731,0.05996656855253504,0.827120916848122
B03912,salary_advance,16,established,D,0.15547946360796497,3000.0,0.5929760574343421,med,1778.9281723030263,13067.448982834103,0.011344525970855099,-0.12355532130838148
B03913,personal,28,loyal,C,0.10341217268663269,37000.0,0.4691220655976533,med,17357.516427113173,22425.944128861367,0.06449938936563614,0.21066373742197775
B03914,personal,17,established,E,0.35,7500.0,0.5723375995162558,med,4292.5319963719185,35891.33691923506,0.00996649972951979,-1.4239322686100582
B03915,personal,39,loyal,B,0.043470309493812066,11500.0,0.7013866313139475,high,8065.946260110396,27368.714989577868,0.024559508497147033,1.7431272217338951
B03916,personal,9,established,E,0.18326041930394835,46500.0,0.49413664489753906,med,22977.353987735565,23444.025215006797,0.0816745196875275,-0.2777973059182766
B03917,personal,16,established,E,0.32288471077244013,8500.0,0.6663426614135861,med,5663.912622015482,49757.31789778386,0.009485895511307537,-1.2150896588930336
B03918,salary_advance,23,loyal,A,0.027077485052931394,30000.0,0.5362002543041321,med,16086.007629123962,26932.585829039515,0.049772444586994036,2.0026905970400914
B03919,personal,14,established,E,0.20400416204855973,30500.0,0.5880563204405567,med,17935.71777343698,31378.6049507262,0.04763255568988654,-0.5041368130373036
B03920,personal,30,loyal,C,0.08786968017721385,3500.0,0.5992496730723821,med,2097.3738557533375,148905.1830517909,0.0011737748214266028,0.7346072917307213
B03921,salary_advance,12,established,B,0.06047871590455696,26000.0,0.5456525507189298,med,14186.966318692175,26784.504830780716,0.04413922156461564,1.191416382134366
B03922,personal,51,loyal,B,0.07190341836015297,9500.0,0.43948459538282325,med,4175.103656136821,18348.171228124,0.018962396870635806,0.87403433057432
B03923,salary_advance,52,loyal,E,0.35,13000.0,0.6914105962268992,med,8988.33775094969,35049.894136040326,0.02137033975067788,-1.4466355504990354
B03924,personal,19,loyal,B,0.050760749389486416,25500.0,0.46087870191149727,med,11752.40689874318,40285.58221211491,0.024310614065480993,1.0953567009777871
B03925,personal,22,loyal,C,0.10297210642447673,21500.0,0.7115339622828268,high,15297.980189080778,31746.59968513751,0.04015647959363104,0.2993862373348718
B03926,personal,31,loyal,D,0.14751928869343595,20500.0,0.607010706251963,med,12443.719478165242,29328.113915120204,0.03535776716435284,0.07097130319666739
B03927,salary_advance,8,established,D,0.13256340613584525,21000.0,0.48752297454702787,med,10237.982465487585,60792.823683209914,0.014033978910128014,0.24092505102477768
B03928,personal,7,established,E,0.35,3000.0,0.6799236041460726,med,2039.7708124382177,56754.25819214802,0.002995033438037872,-1.6100327939410817
B03929,salary_advance,32,loyal,C,0.08478810024006377,10000.0,0.43318370374256726,med,4331.837037425673,25225.08882032274,0.014310610454407673,0.9421709146618027
B03930,personal,19,loyal,E,0.2882159744991073,2500.0,0.643796004587926,med,1609.4900114698148,18884.145582876576,0.007102474773553073,-0.9643913737093103
B03931,personal,14,established,D,0.16910194182012295,18500.0,0.5590106529878832,med,10341.697080275839,34066.22024795929,0.025298024956983963,-0.2858397095566313
B03932,personal,16,established,C,0.10757178568455752,12500.0,0.4749205046999295,med,5936.506308749119,18824.63480686152,0.026279864875896917,0.15626443153821068
B03933,personal,4,new,C,0.099784480344578,14000.0,0.4515302196475105,med,6321.423075065147,43775.908791840724,0.012033679500758074,0.7240370879876142
B03934,personal,14,established,E,0.2713505557739851,4000.0,0.8073046956054379,high,3229.2187824217517,33969.928349538146,0.007921758398571111,-0.8196131598597145
B03935,personal,10,established,B,0.059295114687981876,16500.0,0.5121142198078935,med,8449.884626830242,116834.89591627795,0.0060269412380051365,1.4515873718459888
B03936,personal,27,loyal,B,0.06787506329632871,10500.0,0.4648614895288733,med,4881.045640053169,60494.836456781835,0.006723777220694752,1.3468532535151474
B03937,salary_advance,28,loyal,C,0.09401718400017268,54000.0,0.4892398149393061,med,26418.950006722527,14863.92962003367,0.148115553794037,0.3205902575094639
B03938,personal,22,loyal,E,0.1993737252305583,16500.0,0.6443891259227996,med,10632.420577726194,20224.827748213753,0.043809275370570396,-0.7087492664026028
B03939,personal,20,loyal,E,0.20714255155749997,6000.0,0.5510082551664287,med,3306.049530998572,9389.312150186672,0.02934231210725452,-1.043816182230421
B03940,personal,7,established,D,0.13087589131968824,21500.0,0.4469078213527826,med,9608.518159084826,8301.89645586802,0.09644902834513641,0.27175385153313936
B03941,personal,22,loyal,E,0.1954724015901322,4500.0,0.5830637179853971,med,2623.786730934287,28641.29329556578,0.0076340440352382745,-0.33728414954081387
B03942,personal,23,loyal,B,0.041297199412904245,4000.0,0.4911902726290782,med,1964.7610905163128,13963.317083745547,0.011725730347193413,1.5993568052817153
B03943,personal,32,loyal,D,0.14851135695434003,11000.0,0.537273289333158,med,5910.006182664738,66346.8890963108,0.007423113908281901,-0.2795238298282704
B03944,personal,52,loyal,E,0.19976164913989386,10500.0,0.5046160088027238,med,5298.4680924286,50861.091569926364,0.008681272738618547,-0.5006709800519722
B03945,salary_advance,6,new,C,0.09377608345765052,3500.0,0.5007388616423855,med,1752.5860157483492,23171.493218200114,0.006302953084222526,0.5836263512443136
B03946,personal,13,established,E,0.2498427143672053,4000.0,0.5597071039700675,med,2238.82841588027,22458.58348167317,0.008307248531900272,-0.6860468571594233
B03947,personal,10,established,D,0.14600063774566854,8000.0,0.5070925616197841,med,4056.740492958273,60897.97039120565,0.005551280372315046,0.008549993368803353
B03948,salary_advance,18,established,B,0.05540843777049199,4000.0,0.5344219258714965,med,2137.687703485986,69080.93110217937,0.002578723811548995,1.3359893300585213
B03949,personal,16,established,D,0.12805521516184648,8000.0,0.7571163468138878,high,6056.930774511103,16107.997239900236,0.031335008548361576,0.11722933166872415
B03950,personal,14,established,D,0.15115157346178626,8000.0,0.6878607862667545,med,5502.886290134036,15008.15911606426,0.030554970397423803,0.12096446070272407
B03951,salary_advance,28,loyal,B,0.07466701757072361,43500.0,0.7049182267272246,high,30663.94286263427,22797.35658843012,0.11208881003260893,0.9551467089084181
B03952,salary_advance,8,established,E,0.30229229962221194,3500.0,0.580672450728897,med,2032.3535775511393,34103.50479680552,0.004966140551780645,-1.3430989902853931
B03953,salary_advance,9,established,C,0.0977764098353797,6000.0,0.6915739194860151,med,4149.443516916091,20281.827945345696,0.01704910231340165,0.7418377499304902
B03954,personal,9,established,D,0.14778175264100435,3000.0,0.5843876243395005,med,1753.1628730185016,34500.10996097788,0.0042346794329096715,0.1599315767258961
B03955,personal,13,established,B,0.07662291450781662,6000.0,0.622206023694216,med,3733.236142165296,78642.24099724431,0.0039559276020378065,0.8928973269834208
B03956,salary_advance,8,established,B,0.07107241330360219,15000.0,0.5683803758607165,med,8525.705637910749,12415.274916053859,0.057225915223769956,0.955810801137119
B03957,salary_advance,16,established,D,0.15748623698329228,8500.0,0.5297718716816202,med,4503.060909293772,21054.682606048427,0.01782287972684426,0.14805136839448585
B03958,personal,15,established,B,0.05105095328004195,6500.0,0.5886689460709984,med,3826.34814946149,12545.965847592312,0.025415527960300496,1.0323928915106901
B03959,personal,10,established,E,0.203415872558584,32500.0,0.6317134910816974,med,20530.688460155165,16981.475516991355,0.10075041496253045,-0.29263069761272065
B03960,personal,26,loyal,C,0.0815467489875562,23000.0,0.3627207262385217,med,8342.576703485998,22877.92908383567,0.030388009454129384,0.647157104077705
B03961,personal,15,established,E,0.20241855170535508,3000.0,0.574010257243582,med,1722.030771730746,18034.355549615862,0.007957177283995167,-0.31114943047935617
B03962,salary_advance,29,loyal,B,0.05668248070539211,6500.0,0.5976154453742204,med,3884.5003949324328,35810.18615873032,0.009039561112849762,1.2117578049232116
B03963,personal,14,established,D,0.15890172372274913,18000.0,0.6099002573708435,med,10978.204632675184,29232.195185649685,0.031295986505501056,-0.3764897826377621
B03964,personal,16,established,A,0.03644248768390514,17000.0,0.5396358841377884,med,9173.810030342403,31712.31893609329,0.02410685168548506,1.6475516089415674
B03965,personal,12,established,A,0.03352062732749139,52500.0,0.4045809440988274,med,21240.49956518844,22727.16584470645,0.07788219800598864,2.017362737225639
B03966,personal,16,established,B,0.07080567778713424,3500.0,0.5515156288969244,med,1930.3047011392355,23907.932988142427,0.006728257318385369,0.8739382541860049
B03967,personal,24,loyal,A,0.02810432568714391,29500.0,0.4711123619104382,med,13897.814676357926,22183.858278508473,0.052206933910672965,1.9412966494140282
B03968,personal,13,established,E,0.35,2000.0,0.6281996184649739,med,1256.3992369299476,23464.366929791715,0.00446208230224596,-1.539214480859047
B03969,personal,21,loyal,E,0.30248511066204314,3500.0,0.557925407408764,med,1952.7389259306738,33875.76432963419,0.004803677409138281,-1.0213777432749946
B03970,salary_advance,10,established,D,0.17342029306918766,12000.0,0.6566473748268795,med,7879.768497922554,9340.173648278073,0.07030355104243026,0.02843943336878696
B03971,personal,24,loyal,B,0.07612649304934159,13500.0,0.5769013794139183,med,7788.168622087896,31519.690652276116,0.020590749414407437,0.44123096525887745
B03972,personal,11,established,E,0.22944971308943846,3000.0,0.6088010028660213,med,1826.403008598064,16683.87878640524,0.009122593892286297,-0.19820741809966577
B03973,personal,26,loyal,E,0.3287987615973044,3500.0,0.797547085090932,high,2791.414797818262,22328.703850597627,0.010417886384030413,-1.2421352496329536
B03974,personal,17,established,B,0.06345780797208808,26000.0,0.5618096818560405,med,14607.051728257053,11397.586549928736,0.10679930398911501,1.1515917063236467
B03975,personal,37,loyal,A,0.01735260420212019,8000.0,0.575846384726877,med,4606.771077815016,22086.692622525996,0.017381397766471594,2.5541982333569364
B03976,personal,8,established,B,0.05268171038380247,6500.0,0.5357801947667417,med,3482.571265983821,31345.820450660376,0.009258467891185932,1.2809876791726227
B03977,personal,7,established,B,0.06333913906281936,6500.0,0.48190181116949926,med,3132.361772601745,34592.64604254437,0.007545827728696428,1.0855232687864715
B03978,personal,11,established,C,0.10437177983273252,3000.0,0.44883299705639856,med,1346.4989911691957,14009.874274971218,0.008009225997449585,0.22611960514560306
B03979,salary_advance,7,established,E,0.18215655060575517,17500.0,0.6133898615342642,med,10734.322576849623,33686.79635012805,0.02655422831268237,-0.492997370727137
B03980,personal,7,established,D,0.15657132096700388,3000.0,0.3104557779106198,low,931.3673337318594,50356.19150643837,0.0015412989377429683,0.07252805263596762
B03981,personal,23,loyal,A,0.015328385050344303,13000.0,0.48520752240861686,med,6307.697791312019,20505.952282919992,0.025633605079982417,2.5055880368415036
B03982,personal,16,established,E,0.1923745355851622,11000.0,0.6166007463347076,med,6782.608209681784,26916.700604950394,0.020998760550275733,-0.35198811250705603
B03983,personal,12,established,E,0.18711536067825718,2500.0,0.5682645953002188,med,1420.6614882505469,8623.95770330407,0.013727856910621726,-0.45495724782394165
B03984,personal,13,established,B,0.05288432854635349,15500.0,0.505849750836044,med,7840.671137958682,16426.17321468611,0.03977732688903966,1.1073036591039138
B03985,personal,11,established,B,0.07572905425340497,6500.0,0.3920612193641362,med,2548.397925866885,31219.123522965237,0.006802448943386273,1.1736860507455957
B03986,personal,40,loyal,D,0.17329410123609967,18000.0,0.7126058347490678,high,12826.90502548322,45501.79580096446,0.02349157287767849,-0.44790180577480354
B03987,personal,10,established,D,0.14839396223947976,18500.0,0.5445116730222416,med,10073.46595091147,19349.02317116296,0.04338490312835954,-0.26148461323742256
B03988,salary_advance,7,established,D,0.15460555713064184,19000.0,0.477827427331719,med,9078.721119302661,116793.45822571103,0.006477760867506121,-0.15190549590143454
B03989,salary_advance,25,loyal,B,0.06836884335601917,9500.0,0.5815392674182411,med,5524.6230404732905,31972.75145841393,0.014399300415905227,0.8196893790610903
B03990,salary_advance,14,established,B,0.0458836591041995,27500.0,0.5122953387705175,med,14088.12181618923,13355.101402110735,0.08790724353194006,1.4536866709514928
B03991,personal,50,loyal,E,0.19259020281713254,11000.0,0.5531893180822366,med,6085.082498904602,54608.80929861726,0.009285868246442248,-0.40402752112809104
B03992,personal,12,established,B,0.06350554472685434,10000.0,0.4707060129782288,med,4707.060129782288,13505.89151789098,0.029043251998254128,1.0896648122369366
B03993,personal,26,loyal,C,0.09578273765946733,3500.0,0.5424942924554896,med,1898.7300235942137,32229.416292891394,0.004909412585330736,0.5016512489213085
B03994,personal,29,loyal,A,0.015,5000.0,0.5834367087656445,med,2917.1835438282224,16137.764340271546,0.015063959513010296,2.726192136314278
B03995,personal,12,established,D,0.12190681334531164,5500.0,0.5989152470033969,med,3294.0338585186832,12751.587502722135,0.021526952740952787,0.31883088437087354
B03996,personal,10,established,D,0.15002906270447444,5000.0,0.5685135414091831,med,2842.5677070459155,45669.397071837026,0.0051868572269788875,-0.09691856962926526
B03997,personal,24,loyal,B,0.06280538663138861,43500.0,0.6049584991811271,med,26315.694714379028,23321.30664781551,0.09403309139786128,0.9747147271159924
B03998,personal,22,loyal,D,0.1636350191633702,51000.0,0.5703801209035989,med,29089.386166083543,69502.61314176497,0.034878048525971386,0.06285376211278992
B03999,personal,7,established,E,0.35,3000.0,0.6910241980044339,med,2073.0725940133016,15369.441926361935,0.011240229172198782,-1.7952731233518255
